-- --------------------------------------------------------
-- Hôte :                        localhost
-- Version du serveur:           10.2.3-MariaDB-log - mariadb.org binary distribution
-- SE du serveur:                Win32
-- HeidiSQL Version:             9.4.0.5125
-- --------------------------------------------------------

/*!40101 SET @OLD_CHARACTER_SET_CLIENT=@@CHARACTER_SET_CLIENT */;
/*!40101 SET NAMES utf8 */;
/*!50503 SET NAMES utf8mb4 */;
/*!40014 SET @OLD_FOREIGN_KEY_CHECKS=@@FOREIGN_KEY_CHECKS, FOREIGN_KEY_CHECKS=0 */;
/*!40101 SET @OLD_SQL_MODE=@@SQL_MODE, SQL_MODE='NO_AUTO_VALUE_ON_ZERO' */;


-- Export de la structure de la base pour ardhi2
CREATE DATABASE IF NOT EXISTS `ardhi2` /*!40100 DEFAULT CHARACTER SET utf8 */;
USE `ardhi2`;

-- Export de la structure de la table ardhi2. arrondissements
CREATE TABLE IF NOT EXISTS `arrondissements` (
  `id` int(10) unsigned NOT NULL AUTO_INCREMENT,
  `nom` varchar(255) COLLATE utf8mb4_unicode_ci DEFAULT NULL,
  `superficie` int(11) DEFAULT NULL,
  `commune` int(10) unsigned NOT NULL,
  `created_at` timestamp NULL DEFAULT NULL,
  `updated_at` timestamp NULL DEFAULT NULL,
  `deleted_at` timestamp NULL DEFAULT NULL,
  PRIMARY KEY (`id`),
  KEY `arrondissements_commune_index` (`commune`)
) ENGINE=InnoDB AUTO_INCREMENT=5 DEFAULT CHARSET=utf8mb4 COLLATE=utf8mb4_unicode_ci;

-- Export de données de la table ardhi2.arrondissements : ~4 rows (environ)
/*!40000 ALTER TABLE `arrondissements` DISABLE KEYS */;
INSERT INTO `arrondissements` (`id`, `nom`, `superficie`, `commune`, `created_at`, `updated_at`, `deleted_at`) VALUES
	(1, 'AGLA', NULL, 1, '2021-08-18 09:11:37', '2021-08-18 09:11:37', NULL),
	(2, 'EKPE', NULL, 2, '2021-11-21 07:45:31', '2021-11-21 07:49:41', NULL),
	(3, '1er Arrondissement', NULL, 1, '2021-11-21 07:53:16', '2021-11-21 07:53:16', NULL),
	(4, 'Godomey', NULL, 1, '2021-11-21 07:55:43', '2021-11-21 07:55:43', NULL);
/*!40000 ALTER TABLE `arrondissements` ENABLE KEYS */;

-- Export de la structure de la table ardhi2. categories
CREATE TABLE IF NOT EXISTS `categories` (
  `id` int(10) unsigned NOT NULL AUTO_INCREMENT,
  `parent_id` int(10) unsigned DEFAULT NULL,
  `order` int(11) NOT NULL DEFAULT 1,
  `name` varchar(255) COLLATE utf8mb4_unicode_ci NOT NULL,
  `slug` varchar(255) COLLATE utf8mb4_unicode_ci NOT NULL,
  `created_at` timestamp NULL DEFAULT NULL,
  `updated_at` timestamp NULL DEFAULT NULL,
  PRIMARY KEY (`id`),
  UNIQUE KEY `categories_slug_unique` (`slug`),
  KEY `categories_parent_id_foreign` (`parent_id`),
  CONSTRAINT `categories_parent_id_foreign` FOREIGN KEY (`parent_id`) REFERENCES `categories` (`id`) ON DELETE SET NULL ON UPDATE CASCADE
) ENGINE=InnoDB DEFAULT CHARSET=utf8mb4 COLLATE=utf8mb4_unicode_ci;

-- Export de données de la table ardhi2.categories : ~0 rows (environ)
/*!40000 ALTER TABLE `categories` DISABLE KEYS */;
/*!40000 ALTER TABLE `categories` ENABLE KEYS */;

-- Export de la structure de la table ardhi2. communes
CREATE TABLE IF NOT EXISTS `communes` (
  `id` int(10) unsigned NOT NULL AUTO_INCREMENT,
  `nom` varchar(255) COLLATE utf8mb4_unicode_ci NOT NULL,
  `superficie` int(11) DEFAULT NULL,
  `departement` int(10) unsigned NOT NULL,
  `created_at` timestamp NULL DEFAULT NULL,
  `updated_at` timestamp NULL DEFAULT NULL,
  `deleted_at` timestamp NULL DEFAULT NULL,
  PRIMARY KEY (`id`)
) ENGINE=InnoDB AUTO_INCREMENT=5 DEFAULT CHARSET=utf8mb4 COLLATE=utf8mb4_unicode_ci;

-- Export de données de la table ardhi2.communes : ~4 rows (environ)
/*!40000 ALTER TABLE `communes` DISABLE KEYS */;
INSERT INTO `communes` (`id`, `nom`, `superficie`, `departement`, `created_at`, `updated_at`, `deleted_at`) VALUES
	(1, 'COTONOU', NULL, 5, '2021-08-18 09:11:16', '2021-08-18 09:11:16', NULL),
	(2, 'SEME-KPODJI', NULL, 1, '2021-11-21 07:44:10', '2021-11-21 07:44:10', NULL),
	(3, 'PORTO-NOVO', NULL, 1, '2021-11-21 07:44:23', '2021-11-21 07:44:23', NULL),
	(4, 'ABOMEY-CALAVI', NULL, 7, '2021-11-21 07:45:12', '2021-11-21 07:45:12', NULL);
/*!40000 ALTER TABLE `communes` ENABLE KEYS */;

-- Export de la structure de la table ardhi2. coordonnees
CREATE TABLE IF NOT EXISTS `coordonnees` (
  `id` int(10) unsigned NOT NULL AUTO_INCREMENT,
  `longitude` double NOT NULL,
  `latitude` double NOT NULL,
  `terrain` int(10) unsigned NOT NULL,
  `created_at` timestamp NULL DEFAULT NULL,
  `updated_at` timestamp NULL DEFAULT NULL,
  `deleted_at` timestamp NULL DEFAULT NULL,
  PRIMARY KEY (`id`)
) ENGINE=InnoDB AUTO_INCREMENT=9 DEFAULT CHARSET=utf8mb4 COLLATE=utf8mb4_unicode_ci;

-- Export de données de la table ardhi2.coordonnees : ~8 rows (environ)
/*!40000 ALTER TABLE `coordonnees` DISABLE KEYS */;
INSERT INTO `coordonnees` (`id`, `longitude`, `latitude`, `terrain`, `created_at`, `updated_at`, `deleted_at`) VALUES
	(1, 2.247348, 6.382098, 1, '2021-11-21 08:42:59', '2021-11-21 08:42:59', NULL),
	(2, 2.247645, 6.382119, 1, '2021-11-21 08:43:46', '2021-11-21 08:43:46', NULL),
	(3, 2.247736, 6.382154, 1, '2021-11-21 08:44:25', '2021-11-21 08:44:25', NULL),
	(4, 2.2478, 6.382234, 1, '2021-11-21 08:44:57', '2021-11-21 08:44:57', NULL),
	(5, 2.247956, 6.382346, 1, '2021-11-21 08:45:27', '2021-11-21 08:45:27', NULL),
	(6, 2.248023, 6.382271, 1, '2021-11-21 08:46:07', '2021-11-21 08:46:07', NULL),
	(7, 2.247852, 6.380225, 1, '2021-11-21 08:46:54', '2021-11-21 08:46:54', NULL),
	(8, 2.247169, 6.380433, 1, '2021-11-21 08:47:28', '2021-11-21 08:47:28', NULL);
/*!40000 ALTER TABLE `coordonnees` ENABLE KEYS */;

-- Export de la structure de la table ardhi2. croquis
CREATE TABLE IF NOT EXISTS `croquis` (
  `id` int(10) unsigned NOT NULL AUTO_INCREMENT,
  `nom` text COLLATE utf8mb4_unicode_ci NOT NULL,
  `croquis` text COLLATE utf8mb4_unicode_ci NOT NULL,
  `croquisBinaire` longblob DEFAULT NULL,
  `created_at` timestamp NULL DEFAULT NULL,
  `updated_at` timestamp NULL DEFAULT NULL,
  `deleted_at` timestamp NULL DEFAULT NULL,
  `terrain` int(10) unsigned NOT NULL,
  PRIMARY KEY (`id`)
) ENGINE=InnoDB AUTO_INCREMENT=3 DEFAULT CHARSET=utf8mb4 COLLATE=utf8mb4_unicode_ci;

-- Export de données de la table ardhi2.croquis : ~2 rows (environ)
/*!40000 ALTER TABLE `croquis` DISABLE KEYS */;
INSERT INTO `croquis` (`id`, `nom`, `croquis`, `croquisBinaire`, `created_at`, `updated_at`, `deleted_at`, `terrain`) VALUES
	(1, 'Vue Stallite', '\\croquis\\Vue Stallite1.jpg', NULL, '2021-11-21 08:30:05', '2021-11-21 08:30:05', NULL, 1),
	(2, 'Plan parcellaire', '\\croquis\\Plan parcellaire1.jpg', NULL, '2021-11-21 08:36:34', '2021-11-21 08:36:34', NULL, 1);
/*!40000 ALTER TABLE `croquis` ENABLE KEYS */;

-- Export de la structure de la table ardhi2. data_rows
CREATE TABLE IF NOT EXISTS `data_rows` (
  `id` int(10) unsigned NOT NULL AUTO_INCREMENT,
  `data_type_id` int(10) unsigned NOT NULL,
  `field` varchar(255) COLLATE utf8mb4_unicode_ci NOT NULL,
  `type` varchar(255) COLLATE utf8mb4_unicode_ci NOT NULL,
  `display_name` varchar(255) COLLATE utf8mb4_unicode_ci NOT NULL,
  `required` tinyint(1) NOT NULL DEFAULT 0,
  `browse` tinyint(1) NOT NULL DEFAULT 1,
  `read` tinyint(1) NOT NULL DEFAULT 1,
  `edit` tinyint(1) NOT NULL DEFAULT 1,
  `add` tinyint(1) NOT NULL DEFAULT 1,
  `delete` tinyint(1) NOT NULL DEFAULT 1,
  `details` text COLLATE utf8mb4_unicode_ci DEFAULT NULL,
  `order` int(11) NOT NULL DEFAULT 1,
  PRIMARY KEY (`id`),
  KEY `data_rows_data_type_id_foreign` (`data_type_id`),
  CONSTRAINT `data_rows_data_type_id_foreign` FOREIGN KEY (`data_type_id`) REFERENCES `data_types` (`id`) ON DELETE CASCADE ON UPDATE CASCADE
) ENGINE=InnoDB AUTO_INCREMENT=273 DEFAULT CHARSET=utf8mb4 COLLATE=utf8mb4_unicode_ci;

-- Export de données de la table ardhi2.data_rows : ~191 rows (environ)
/*!40000 ALTER TABLE `data_rows` DISABLE KEYS */;
INSERT INTO `data_rows` (`id`, `data_type_id`, `field`, `type`, `display_name`, `required`, `browse`, `read`, `edit`, `add`, `delete`, `details`, `order`) VALUES
	(1, 1, 'id', 'number', 'ID', 1, 0, 0, 0, 0, 0, NULL, 1),
	(2, 1, 'name', 'text', 'Name', 1, 1, 1, 1, 1, 1, NULL, 2),
	(3, 1, 'email', 'text', 'Email', 1, 1, 1, 1, 1, 1, NULL, 3),
	(4, 1, 'password', 'password', 'Password', 1, 0, 0, 1, 1, 0, NULL, 4),
	(5, 1, 'remember_token', 'text', 'Remember Token', 0, 0, 0, 0, 0, 0, NULL, 5),
	(6, 1, 'created_at', 'timestamp', 'Created At', 0, 1, 1, 0, 0, 0, NULL, 6),
	(7, 1, 'updated_at', 'timestamp', 'Updated At', 0, 0, 0, 0, 0, 0, NULL, 7),
	(8, 1, 'avatar', 'image', 'Avatar', 0, 1, 1, 1, 1, 1, NULL, 8),
	(9, 1, 'user_belongsto_role_relationship', 'relationship', 'Role', 0, 1, 1, 1, 1, 0, '{"model":"TCG\\\\Voyager\\\\Models\\\\Role","table":"roles","type":"belongsTo","column":"role_id","key":"id","label":"display_name","pivot_table":"roles","pivot":0}', 10),
	(10, 1, 'user_belongstomany_role_relationship', 'relationship', 'Roles', 0, 1, 1, 1, 1, 0, '{"model":"TCG\\\\Voyager\\\\Models\\\\Role","table":"roles","type":"belongsToMany","column":"id","key":"id","label":"display_name","pivot_table":"user_roles","pivot":"1","taggable":"0"}', 11),
	(11, 1, 'settings', 'hidden', 'Settings', 0, 0, 0, 0, 0, 0, NULL, 12),
	(12, 2, 'id', 'number', 'ID', 1, 0, 0, 0, 0, 0, NULL, 1),
	(13, 2, 'name', 'text', 'Name', 1, 1, 1, 1, 1, 1, NULL, 2),
	(14, 2, 'created_at', 'timestamp', 'Created At', 0, 0, 0, 0, 0, 0, NULL, 3),
	(15, 2, 'updated_at', 'timestamp', 'Updated At', 0, 0, 0, 0, 0, 0, NULL, 4),
	(16, 3, 'id', 'number', 'ID', 1, 0, 0, 0, 0, 0, NULL, 1),
	(17, 3, 'name', 'text', 'Name', 1, 1, 1, 1, 1, 1, NULL, 2),
	(18, 3, 'created_at', 'timestamp', 'Created At', 0, 0, 0, 0, 0, 0, NULL, 3),
	(19, 3, 'updated_at', 'timestamp', 'Updated At', 0, 0, 0, 0, 0, 0, NULL, 4),
	(20, 3, 'display_name', 'text', 'Display Name', 1, 1, 1, 1, 1, 1, NULL, 5),
	(21, 1, 'role_id', 'text', 'Role', 1, 1, 1, 1, 1, 1, NULL, 9),
	(22, 4, 'id', 'number', 'ID', 1, 0, 0, 0, 0, 0, NULL, 1),
	(23, 4, 'parent_id', 'select_dropdown', 'Parent', 0, 0, 1, 1, 1, 1, '{"default":"","null":"","options":{"":"-- None --"},"relationship":{"key":"id","label":"name"}}', 2),
	(24, 4, 'order', 'text', 'Order', 1, 1, 1, 1, 1, 1, '{"default":1}', 3),
	(25, 4, 'name', 'text', 'Name', 1, 1, 1, 1, 1, 1, NULL, 4),
	(26, 4, 'slug', 'text', 'Slug', 1, 1, 1, 1, 1, 1, '{"slugify":{"origin":"name"}}', 5),
	(27, 4, 'created_at', 'timestamp', 'Created At', 0, 0, 1, 0, 0, 0, NULL, 6),
	(28, 4, 'updated_at', 'timestamp', 'Updated At', 0, 0, 0, 0, 0, 0, NULL, 7),
	(29, 5, 'id', 'number', 'ID', 1, 0, 0, 0, 0, 0, NULL, 1),
	(30, 5, 'author_id', 'text', 'Author', 1, 0, 1, 1, 0, 1, NULL, 2),
	(31, 5, 'category_id', 'text', 'Category', 1, 0, 1, 1, 1, 0, NULL, 3),
	(32, 5, 'title', 'text', 'Title', 1, 1, 1, 1, 1, 1, NULL, 4),
	(33, 5, 'excerpt', 'text_area', 'Excerpt', 1, 0, 1, 1, 1, 1, NULL, 5),
	(34, 5, 'body', 'rich_text_box', 'Body', 1, 0, 1, 1, 1, 1, NULL, 6),
	(35, 5, 'image', 'image', 'Post Image', 0, 1, 1, 1, 1, 1, '{"resize":{"width":"1000","height":"null"},"quality":"70%","upsize":true,"thumbnails":[{"name":"medium","scale":"50%"},{"name":"small","scale":"25%"},{"name":"cropped","crop":{"width":"300","height":"250"}}]}', 7),
	(36, 5, 'slug', 'text', 'Slug', 1, 0, 1, 1, 1, 1, '{"slugify":{"origin":"title","forceUpdate":true},"validation":{"rule":"unique:posts,slug"}}', 8),
	(37, 5, 'meta_description', 'text_area', 'Meta Description', 1, 0, 1, 1, 1, 1, NULL, 9),
	(38, 5, 'meta_keywords', 'text_area', 'Meta Keywords', 1, 0, 1, 1, 1, 1, NULL, 10),
	(39, 5, 'status', 'select_dropdown', 'Status', 1, 1, 1, 1, 1, 1, '{"default":"DRAFT","options":{"PUBLISHED":"published","DRAFT":"draft","PENDING":"pending"}}', 11),
	(40, 5, 'created_at', 'timestamp', 'Created At', 0, 1, 1, 0, 0, 0, NULL, 12),
	(41, 5, 'updated_at', 'timestamp', 'Updated At', 0, 0, 0, 0, 0, 0, NULL, 13),
	(42, 5, 'seo_title', 'text', 'SEO Title', 0, 1, 1, 1, 1, 1, NULL, 14),
	(43, 5, 'featured', 'checkbox', 'Featured', 1, 1, 1, 1, 1, 1, NULL, 15),
	(44, 6, 'id', 'number', 'ID', 1, 0, 0, 0, 0, 0, NULL, 1),
	(45, 6, 'author_id', 'text', 'Author', 1, 0, 0, 0, 0, 0, NULL, 2),
	(46, 6, 'title', 'text', 'Title', 1, 1, 1, 1, 1, 1, NULL, 3),
	(47, 6, 'excerpt', 'text_area', 'Excerpt', 1, 0, 1, 1, 1, 1, NULL, 4),
	(48, 6, 'body', 'rich_text_box', 'Body', 1, 0, 1, 1, 1, 1, NULL, 5),
	(49, 6, 'slug', 'text', 'Slug', 1, 0, 1, 1, 1, 1, '{"slugify":{"origin":"title"},"validation":{"rule":"unique:pages,slug"}}', 6),
	(50, 6, 'meta_description', 'text', 'Meta Description', 1, 0, 1, 1, 1, 1, NULL, 7),
	(51, 6, 'meta_keywords', 'text', 'Meta Keywords', 1, 0, 1, 1, 1, 1, NULL, 8),
	(52, 6, 'status', 'select_dropdown', 'Status', 1, 1, 1, 1, 1, 1, '{"default":"INACTIVE","options":{"INACTIVE":"INACTIVE","ACTIVE":"ACTIVE"}}', 9),
	(53, 6, 'created_at', 'timestamp', 'Created At', 1, 1, 1, 0, 0, 0, NULL, 10),
	(54, 6, 'updated_at', 'timestamp', 'Updated At', 1, 0, 0, 0, 0, 0, NULL, 11),
	(55, 6, 'image', 'image', 'Page Image', 0, 1, 1, 1, 1, 1, NULL, 12),
	(56, 17, 'id', 'text', 'Id', 1, 0, 0, 0, 0, 0, '{}', 1),
	(57, 17, 'nom', 'text', 'Nom', 1, 1, 1, 1, 1, 1, '{}', 3),
	(58, 17, 'superficie', 'text', 'Superficie', 0, 1, 1, 1, 1, 1, '{}', 4),
	(73, 17, 'created_at', 'timestamp', 'Created At', 0, 0, 0, 0, 0, 0, '{}', 5),
	(74, 17, 'updated_at', 'timestamp', 'Updated At', 0, 0, 0, 0, 0, 0, '{}', 6),
	(75, 17, 'deleted_at', 'timestamp', 'Deleted At', 0, 0, 0, 0, 0, 0, '{}', 7),
	(76, 17, 'code', 'text', 'Code', 0, 1, 1, 1, 1, 1, '{}', 2),
	(143, 36, 'id', 'text', 'Id', 1, 0, 0, 0, 0, 0, '{}', 1),
	(144, 36, 'nom', 'text', 'Nom', 0, 1, 1, 1, 1, 1, '{}', 2),
	(145, 36, 'superficie', 'number', 'Superficie', 0, 1, 1, 1, 1, 1, '{}', 3),
	(146, 36, 'commune', 'select_dropdown', 'Commune', 1, 1, 1, 1, 1, 1, '{"relationship":{"key":"id","label":"nom"}}', 4),
	(147, 36, 'created_at', 'timestamp', 'Created At', 0, 0, 0, 0, 0, 0, '{}', 5),
	(148, 36, 'updated_at', 'timestamp', 'Updated At', 0, 0, 0, 0, 0, 0, '{}', 6),
	(149, 36, 'deleted_at', 'timestamp', 'Deleted At', 0, 0, 0, 0, 0, 0, '{}', 7),
	(150, 37, 'id', 'text', 'Id', 1, 0, 0, 0, 0, 0, '{}', 1),
	(151, 37, 'nom', 'text', 'Nom', 1, 1, 1, 1, 1, 1, '{}', 2),
	(152, 37, 'superficie', 'number', 'Superficie', 0, 1, 1, 1, 1, 1, '{}', 3),
	(153, 37, 'departement', 'select_dropdown', 'Departement', 1, 1, 1, 1, 1, 1, '{"relationship":{"key":"id","label":"nom"}}', 4),
	(154, 37, 'created_at', 'timestamp', 'Created At', 0, 0, 0, 0, 0, 0, '{}', 5),
	(155, 37, 'updated_at', 'timestamp', 'Updated At', 0, 0, 0, 0, 0, 0, '{}', 6),
	(156, 37, 'deleted_at', 'timestamp', 'Deleted At', 0, 0, 0, 0, 0, 0, '{}', 7),
	(157, 38, 'id', 'text', 'Id', 1, 0, 0, 0, 0, 0, '{}', 1),
	(158, 38, 'nom', 'text', 'Nom', 1, 1, 1, 1, 1, 1, '{}', 2),
	(159, 38, 'croquis', 'image', 'Croquis', 1, 1, 1, 1, 1, 1, '{}', 3),
	(160, 38, 'croquisBinaire', 'image', 'CroquisBinaire', 0, 0, 0, 0, 0, 0, '{}', 4),
	(161, 38, 'created_at', 'timestamp', 'Created At', 0, 0, 0, 0, 0, 0, '{}', 6),
	(162, 38, 'updated_at', 'timestamp', 'Updated At', 0, 0, 0, 0, 0, 0, '{}', 7),
	(163, 38, 'deleted_at', 'timestamp', 'Deleted At', 0, 0, 0, 0, 0, 0, '{}', 8),
	(164, 38, 'terrain', 'select_dropdown', 'Terrain', 1, 1, 1, 1, 1, 1, '{"relationship":{"key":"id","label":"numTerrain"}}', 5),
	(165, 39, 'id', 'text', 'Id', 1, 0, 0, 0, 0, 0, '{}', 1),
	(166, 39, 'nom', 'text', 'Nom', 1, 1, 1, 1, 1, 1, '{}', 2),
	(167, 39, 'superficie', 'number', 'Superficie', 0, 1, 1, 1, 1, 1, '{}', 3),
	(168, 39, 'etat', 'select_dropdown', 'Etat', 0, 1, 1, 1, 1, 1, '{"relationship":{"key":"id","label":"nom"}}', 4),
	(169, 39, 'created_at', 'timestamp', 'Created At', 0, 0, 0, 0, 0, 0, '{}', 5),
	(170, 39, 'updated_at', 'timestamp', 'Updated At', 0, 0, 0, 0, 0, 0, '{}', 6),
	(171, 39, 'deleted_at', 'timestamp', 'Deleted At', 0, 0, 0, 0, 0, 0, '{}', 7),
	(172, 40, 'id', 'text', 'Id', 1, 0, 0, 0, 0, 0, '{}', 1),
	(173, 40, 'nom', 'text', 'Nom', 1, 1, 1, 1, 1, 1, '{}', 2),
	(174, 40, 'pourcentage', 'number', 'Pourcentage', 0, 1, 1, 1, 1, 1, '{}', 3),
	(175, 40, 'created_at', 'timestamp', 'Created At', 0, 0, 0, 0, 0, 0, '{}', 4),
	(176, 40, 'updated_at', 'timestamp', 'Updated At', 0, 0, 0, 0, 0, 0, '{}', 5),
	(177, 40, 'deleted_at', 'timestamp', 'Deleted At', 0, 0, 0, 0, 0, 0, '{}', 6),
	(178, 41, 'id', 'text', 'Id', 1, 0, 0, 0, 0, 0, '{}', 1),
	(179, 41, 'nom', 'text', 'Nom', 1, 1, 1, 1, 1, 1, '{}', 2),
	(180, 41, 'superficie', 'number', 'Superficie', 0, 1, 1, 1, 1, 1, '{}', 3),
	(181, 41, 'pay', 'select_dropdown', 'Pay', 1, 1, 1, 1, 1, 1, '{"relationship":{"key":"id","label":"nom"}}', 4),
	(182, 41, 'created_at', 'timestamp', 'Created At', 0, 0, 0, 0, 0, 0, '{}', 5),
	(183, 41, 'updated_at', 'timestamp', 'Updated At', 0, 0, 0, 0, 0, 0, '{}', 6),
	(184, 41, 'deleted_at', 'timestamp', 'Deleted At', 0, 0, 0, 0, 0, 0, '{}', 7),
	(185, 42, 'id', 'text', 'Id', 1, 0, 0, 0, 0, 0, '{}', 1),
	(186, 42, 'nom', 'text', 'Nom', 1, 1, 1, 1, 1, 1, '{}', 2),
	(187, 42, 'superficie', 'number', 'Superficie', 0, 1, 1, 1, 1, 1, '{}', 3),
	(188, 42, 'village', 'select_dropdown', 'Village', 1, 1, 1, 1, 1, 1, '{"relationship":{"key":"id","label":"nom"}}', 4),
	(189, 42, 'created_at', 'timestamp', 'Created At', 0, 0, 0, 0, 0, 0, '{}', 5),
	(190, 42, 'updated_at', 'timestamp', 'Updated At', 0, 0, 0, 0, 0, 0, '{}', 6),
	(191, 42, 'deleted_at', 'timestamp', 'Deleted At', 0, 0, 0, 0, 0, 0, '{}', 7),
	(192, 43, 'id', 'text', 'Id', 1, 0, 0, 0, 0, 0, '{}', 1),
	(193, 43, 'nom', 'text', 'Nom', 1, 1, 1, 1, 1, 1, '{}', 2),
	(194, 43, 'datedebutprevu', 'date', 'Date début prévu', 1, 1, 1, 1, 1, 1, '{}', 3),
	(195, 43, 'datefinprevu', 'date', 'Date fin prévu', 1, 1, 1, 1, 1, 1, '{}', 4),
	(196, 43, 'description', 'rich_text_box', 'Description', 0, 1, 1, 1, 1, 1, '{}', 5),
	(197, 43, 'budgetPrevu', 'number', 'Budget Prévu', 0, 1, 1, 1, 1, 1, '{}', 6),
	(198, 43, 'created_at', 'timestamp', 'Created At', 0, 0, 0, 0, 0, 0, '{}', 7),
	(199, 43, 'updated_at', 'timestamp', 'Updated At', 0, 0, 0, 0, 0, 0, '{}', 8),
	(200, 43, 'deleted_at', 'timestamp', 'Deleted At', 0, 0, 0, 0, 0, 0, '{}', 9),
	(201, 43, 'fini', 'checkbox', 'Fini', 0, 1, 1, 1, 1, 1, '{"on":"Yes","off":"No","checked":true}', 10),
	(202, 45, 'id', 'text', 'Id', 1, 0, 0, 0, 0, 0, '{}', 1),
	(203, 45, 'nom', 'text', 'Nom', 1, 1, 1, 1, 1, 1, '{}', 2),
	(204, 45, 'superficie', 'number', 'Superficie', 0, 1, 1, 1, 1, 1, '{}', 3),
	(205, 45, 'arrondissement', 'select_dropdown', 'Arrondissement', 1, 1, 1, 1, 1, 1, '{"relationship":{"key":"id","label":"nom"}}', 4),
	(206, 45, 'created_at', 'timestamp', 'Created At', 0, 0, 0, 0, 0, 0, '{}', 5),
	(207, 45, 'updated_at', 'timestamp', 'Updated At', 0, 0, 0, 0, 0, 0, '{}', 6),
	(208, 45, 'deleted_at', 'timestamp', 'Deleted At', 0, 0, 0, 0, 0, 0, '{}', 7),
	(209, 46, 'id', 'text', 'Id', 1, 0, 0, 0, 0, 0, '{}', 1),
	(210, 46, 'superficie', 'number', 'Superficie', 1, 1, 1, 1, 1, 1, '{}', 3),
	(211, 46, 'numEtatLieu', 'number', 'Numéro d\'Etat Lieu', 0, 1, 1, 1, 1, 1, '{}', 4),
	(212, 46, 'numTerrain', 'number', 'Numéro du terrain', 0, 1, 1, 1, 1, 1, '{}', 5),
	(213, 46, 'lot', 'number', 'Lot', 0, 1, 1, 1, 1, 1, '{}', 6),
	(214, 46, 'obs', 'rich_text_box', 'Observations', 0, 1, 1, 1, 1, 1, '{}', 7),
	(215, 46, 'date', 'text', 'Date', 0, 1, 1, 1, 1, 1, '{}', 8),
	(216, 46, 'batie', 'checkbox', 'Batie', 0, 1, 1, 1, 1, 1, '{}', 9),
	(217, 46, 'enRegle', 'checkbox', 'EnRegle', 0, 1, 1, 1, 1, 1, '{"on":"Yes","off":"No","checked":true}', 11),
	(218, 46, 'valide', 'checkbox', 'Validé', 0, 1, 1, 1, 1, 1, '{"on":"Yes","off":"No","checked":true}', 12),
	(219, 46, 'proprietaire', 'select_dropdown', 'Proprietaire', 1, 1, 1, 1, 1, 1, '{"relationship":{"key":"id","label":"nom_prenom"}}', 10),
	(220, 48, 'id', 'text', 'Id', 1, 0, 0, 0, 0, 0, '{}', 1),
	(221, 48, 'nom', 'text', 'Nom', 0, 1, 1, 1, 1, 1, '{}', 2),
	(222, 48, 'prenom', 'text', 'Prénoms', 0, 1, 1, 1, 1, 1, '{}', 3),
	(223, 48, 'tel', 'number', 'Téléphone', 0, 1, 1, 1, 1, 1, '{}', 5),
	(224, 48, 'email', 'text', 'Email', 0, 1, 1, 1, 1, 1, '{}', 6),
	(225, 48, 'dateNai', 'date', 'Date de Naissance', 0, 1, 1, 1, 1, 1, '{}', 7),
	(226, 48, 'lieuNai', 'text', 'Lieu de Naissance', 0, 1, 1, 1, 1, 1, '{}', 8),
	(227, 48, 'photo', 'image', 'Photo', 0, 0, 0, 0, 0, 0, '{}', 9),
	(228, 48, 'cheminPhoto', 'image', 'Photo', 0, 1, 1, 1, 1, 1, '{}', 10),
	(229, 48, 'created_at', 'timestamp', 'Created At', 0, 0, 0, 0, 0, 0, '{}', 11),
	(230, 48, 'updated_at', 'timestamp', 'Updated At', 0, 0, 0, 0, 0, 0, '{}', 12),
	(231, 48, 'deleted_at', 'timestamp', 'Deleted At', 0, 0, 0, 0, 0, 0, '{}', 13),
	(232, 46, 'created_at', 'timestamp', 'Created At', 0, 0, 0, 0, 0, 0, '{}', 13),
	(233, 46, 'updated_at', 'timestamp', 'Updated At', 0, 0, 0, 0, 0, 0, '{}', 14),
	(234, 46, 'deleted_at', 'timestamp', 'Deleted At', 0, 0, 0, 0, 0, 0, '{}', 15),
	(235, 46, 'hameau', 'select_dropdown', 'Hameau', 1, 1, 1, 1, 1, 1, '{"relationship":{"key":"id","label":"nom"}}', 2),
	(236, 50, 'id', 'text', 'Id', 1, 0, 0, 0, 0, 0, '{}', 1),
	(237, 50, 'denomination', 'text', 'Dénomination', 1, 1, 1, 1, 1, 1, '{}', 2),
	(238, 50, 'role', 'text', 'Rôle', 1, 1, 1, 1, 1, 1, '{}', 3),
	(239, 50, 'projet', 'select_dropdown', 'Projet', 1, 1, 1, 1, 1, 1, '{"relationship":{"key":"id","label":"nom"}}', 4),
	(240, 50, 'created_at', 'timestamp', 'Created At', 0, 0, 0, 0, 0, 0, '{}', 5),
	(241, 50, 'updated_at', 'timestamp', 'Updated At', 0, 0, 0, 0, 0, 0, '{}', 6),
	(242, 50, 'deleted_at', 'timestamp', 'Deleted At', 0, 0, 0, 0, 0, 0, '{}', 7),
	(243, 58, 'id', 'text', 'Id', 1, 0, 0, 0, 0, 0, '{}', 1),
	(244, 58, 'projet', 'select_dropdown', 'Projet', 1, 1, 1, 1, 1, 1, '{"relationship":{"key":"id","label":"nom"}}', 2),
	(245, 58, 'terrain', 'select_dropdown', 'Terrain', 1, 1, 1, 1, 1, 1, '{"relationship":{"key":"id","label":"numTerrain"}}', 3),
	(246, 58, 'details', 'rich_text_box', 'Details', 0, 1, 1, 1, 1, 1, '{}', 4),
	(247, 58, 'created_at', 'timestamp', 'Created At', 0, 0, 0, 0, 0, 0, '{}', 5),
	(248, 58, 'updated_at', 'timestamp', 'Updated At', 0, 0, 0, 0, 0, 0, '{}', 6),
	(249, 58, 'deleted_at', 'timestamp', 'Deleted At', 0, 0, 0, 0, 0, 0, '{}', 7),
	(250, 59, 'id', 'text', 'Id', 1, 0, 0, 0, 0, 0, '{}', 1),
	(251, 59, 'projet', 'select_dropdown', 'Projet', 1, 1, 1, 1, 1, 1, '{"relationship":{"key":"id","label":"nom"}}', 2),
	(253, 59, 'dateDebut', 'date', 'Date de Début', 0, 1, 1, 1, 1, 1, '{}', 4),
	(254, 59, 'dateFin', 'date', 'Date de Fin', 0, 1, 1, 1, 1, 1, '{}', 5),
	(255, 59, 'obs', 'rich_text_box', 'Obs', 0, 1, 1, 1, 1, 1, '{}', 6),
	(256, 59, 'created_at', 'timestamp', 'Created At', 0, 0, 0, 0, 0, 0, '{}', 7),
	(257, 59, 'updated_at', 'timestamp', 'Updated At', 0, 0, 0, 0, 0, 0, '{}', 8),
	(258, 59, 'deleted_at', 'timestamp', 'Deleted At', 0, 0, 0, 0, 0, 0, '{}', 9),
	(259, 43, 'valide', 'checkbox', 'Valide', 0, 1, 1, 1, 1, 1, '{"on":"Yes","off":"No","checked":true}', 11),
	(260, 50, 'valide', 'checkbox', 'Validé', 0, 1, 1, 1, 1, 1, '{"on":"Yes","off":"No","checked":true}', 8),
	(261, 58, 'valide', 'checkbox', 'Valide', 0, 1, 1, 1, 1, 1, '{"on":"Yes","off":"No","checked":true}', 8),
	(262, 48, 'nom_prenom', 'text', 'Nom et Prénoms', 0, 1, 1, 1, 1, 1, '{}', 4),
	(263, 62, 'id', 'text', 'Id', 1, 0, 0, 0, 0, 0, '{}', 1),
	(264, 62, 'longitude', 'number', 'Longitude', 1, 1, 1, 1, 1, 1, '{}', 2),
	(265, 62, 'latitude', 'number', 'Latitude', 1, 1, 1, 1, 1, 1, '{}', 3),
	(266, 62, 'terrain', 'select_dropdown', 'Terrain', 1, 1, 1, 1, 1, 1, '{"relationship":{"key":"id","label":"numTerrain"}}', 4),
	(267, 62, 'created_at', 'timestamp', 'Created At', 0, 0, 0, 0, 0, 0, '{}', 5),
	(268, 62, 'updated_at', 'timestamp', 'Updated At', 0, 0, 0, 0, 0, 0, '{}', 6),
	(269, 62, 'deleted_at', 'timestamp', 'Deleted At', 0, 0, 0, 0, 0, 0, '{}', 7),
	(270, 59, 'etape', 'select_dropdown', 'Etape', 1, 1, 1, 1, 1, 1, '{"relationship":{"key":"id","label":"nom"}}', 3),
	(271, 46, 'photo', 'image', 'Photo Temoin', 0, 1, 1, 1, 1, 1, '{}', 16),
	(272, 40, 'dureeejours', 'number', 'Durée en jours', 1, 1, 1, 1, 1, 1, '{}', 7);
/*!40000 ALTER TABLE `data_rows` ENABLE KEYS */;

-- Export de la structure de la table ardhi2. data_types
CREATE TABLE IF NOT EXISTS `data_types` (
  `id` int(10) unsigned NOT NULL AUTO_INCREMENT,
  `name` varchar(255) COLLATE utf8mb4_unicode_ci NOT NULL,
  `slug` varchar(255) COLLATE utf8mb4_unicode_ci NOT NULL,
  `display_name_singular` varchar(255) COLLATE utf8mb4_unicode_ci NOT NULL,
  `display_name_plural` varchar(255) COLLATE utf8mb4_unicode_ci NOT NULL,
  `icon` varchar(255) COLLATE utf8mb4_unicode_ci DEFAULT NULL,
  `model_name` varchar(255) COLLATE utf8mb4_unicode_ci DEFAULT NULL,
  `policy_name` varchar(255) COLLATE utf8mb4_unicode_ci DEFAULT NULL,
  `controller` varchar(255) COLLATE utf8mb4_unicode_ci DEFAULT NULL,
  `description` varchar(255) COLLATE utf8mb4_unicode_ci DEFAULT NULL,
  `generate_permissions` tinyint(1) NOT NULL DEFAULT 0,
  `server_side` tinyint(4) NOT NULL DEFAULT 0,
  `details` text COLLATE utf8mb4_unicode_ci DEFAULT NULL,
  `created_at` timestamp NULL DEFAULT NULL,
  `updated_at` timestamp NULL DEFAULT NULL,
  PRIMARY KEY (`id`),
  UNIQUE KEY `data_types_name_unique` (`name`),
  UNIQUE KEY `data_types_slug_unique` (`slug`)
) ENGINE=InnoDB AUTO_INCREMENT=63 DEFAULT CHARSET=utf8mb4 COLLATE=utf8mb4_unicode_ci;

-- Export de données de la table ardhi2.data_types : ~24 rows (environ)
/*!40000 ALTER TABLE `data_types` DISABLE KEYS */;
INSERT INTO `data_types` (`id`, `name`, `slug`, `display_name_singular`, `display_name_plural`, `icon`, `model_name`, `policy_name`, `controller`, `description`, `generate_permissions`, `server_side`, `details`, `created_at`, `updated_at`) VALUES
	(1, 'users', 'users', 'User', 'Users', 'voyager-person', 'TCG\\Voyager\\Models\\User', 'TCG\\Voyager\\Policies\\UserPolicy', 'TCG\\Voyager\\Http\\Controllers\\VoyagerUserController', '', 1, 0, NULL, '2021-08-04 03:12:35', '2021-08-04 03:12:35'),
	(2, 'menus', 'menus', 'Menu', 'Menus', 'voyager-list', 'TCG\\Voyager\\Models\\Menu', NULL, '', '', 1, 0, NULL, '2021-08-04 03:12:35', '2021-08-04 03:12:35'),
	(3, 'roles', 'roles', 'Role', 'Roles', 'voyager-lock', 'TCG\\Voyager\\Models\\Role', NULL, 'TCG\\Voyager\\Http\\Controllers\\VoyagerRoleController', '', 1, 0, NULL, '2021-08-04 03:12:35', '2021-08-04 03:12:35'),
	(4, 'categories', 'categories', 'Category', 'Categories', 'voyager-categories', 'TCG\\Voyager\\Models\\Category', NULL, '', '', 1, 0, NULL, '2021-08-04 03:12:47', '2021-08-04 03:12:47'),
	(5, 'posts', 'posts', 'Post', 'Posts', 'voyager-news', 'TCG\\Voyager\\Models\\Post', 'TCG\\Voyager\\Policies\\PostPolicy', '', '', 1, 0, NULL, '2021-08-04 03:12:49', '2021-08-04 03:12:49'),
	(6, 'pages', 'pages', 'Page', 'Pages', 'voyager-file-text', 'TCG\\Voyager\\Models\\Page', NULL, '', '', 1, 0, NULL, '2021-08-04 03:12:51', '2021-08-04 03:12:51'),
	(17, 'pays', 'pays', 'Pay', 'Pays', NULL, 'App\\Models\\Pay', NULL, NULL, NULL, 1, 0, '{"order_column":null,"order_display_column":null,"order_direction":"asc","default_search_key":null,"scope":null}', '2021-08-05 01:20:31', '2021-08-06 07:03:45'),
	(22, 'commune', 'commune', 'Commune', 'Communes', NULL, 'App\\Commune', NULL, NULL, NULL, 1, 0, '{"order_column":null,"order_display_column":null,"order_direction":"asc","default_search_key":null}', '2021-08-07 16:42:06', '2021-08-07 16:42:06'),
	(36, 'arrondissements', 'arrondissements', 'Arrondissement', 'Arrondissements', NULL, 'App\\Models\\Arrondissement', NULL, NULL, NULL, 1, 0, '{"order_column":null,"order_display_column":null,"order_direction":"asc","default_search_key":null,"scope":null}', '2021-08-17 21:58:39', '2021-08-22 18:58:01'),
	(37, 'communes', 'communes', 'Commune', 'Communes', NULL, 'App\\Models\\Commune', NULL, NULL, NULL, 1, 0, '{"order_column":null,"order_display_column":null,"order_direction":"asc","default_search_key":null,"scope":null}', '2021-08-17 22:00:50', '2021-08-18 05:39:01'),
	(38, 'croquis', 'croquis', 'Croqui', 'Croquis', NULL, 'App\\Models\\Croqui', NULL, NULL, NULL, 1, 0, '{"order_column":null,"order_display_column":null,"order_direction":"asc","default_search_key":null,"scope":null}', '2021-08-17 22:04:45', '2021-08-20 22:14:29'),
	(39, 'departements', 'departements', 'Departement', 'Departements', NULL, 'App\\Models\\Departement', NULL, NULL, NULL, 1, 0, '{"order_column":null,"order_display_column":null,"order_direction":"asc","default_search_key":null}', '2021-08-17 22:06:58', '2021-08-17 22:06:58'),
	(40, 'etapes', 'etapes', 'Etape', 'Etapes', NULL, 'App\\Models\\Etape', NULL, NULL, NULL, 1, 0, '{"order_column":null,"order_display_column":null,"order_direction":"asc","default_search_key":null,"scope":null}', '2021-08-17 22:08:51', '2021-09-26 11:12:45'),
	(41, 'etats', 'etats', 'Etat', 'Etats', NULL, 'App\\Models\\Etat', NULL, NULL, NULL, 1, 0, '{"order_column":null,"order_display_column":null,"order_direction":"asc","default_search_key":null}', '2021-08-17 22:10:20', '2021-08-17 22:10:20'),
	(42, 'hameaus', 'hameaus', 'Hameau', 'Hameaus', NULL, 'App\\Models\\Hameau', NULL, NULL, NULL, 1, 0, '{"order_column":null,"order_display_column":null,"order_direction":"asc","default_search_key":null}', '2021-08-17 22:13:25', '2021-08-17 22:13:25'),
	(43, 'projets', 'projets', 'Projet', 'Projets', NULL, 'App\\Models\\Projet', NULL, NULL, NULL, 1, 0, '{"order_column":null,"order_display_column":null,"order_direction":"asc","default_search_key":null,"scope":null}', '2021-08-17 22:15:23', '2021-08-20 19:44:17'),
	(44, 'proprietaire', 'proprietaire', 'Proprietaire', 'Proprietaires', NULL, 'App\\Models\\Proprietaire', NULL, NULL, NULL, 1, 0, '{"order_column":null,"order_display_column":null,"order_direction":"asc","default_search_key":null}', '2021-08-17 22:18:31', '2021-08-17 22:18:31'),
	(45, 'villages', 'villages', 'Village', 'Villages', NULL, 'App\\Models\\Village', NULL, NULL, NULL, 1, 0, '{"order_column":null,"order_display_column":null,"order_direction":"asc","default_search_key":null}', '2021-08-17 22:19:38', '2021-08-17 22:19:38'),
	(46, 'terrains', 'terrains', 'Terrain', 'Terrains', NULL, 'App\\Models\\Terrain', NULL, NULL, NULL, 1, 0, '{"order_column":null,"order_display_column":null,"order_direction":"asc","default_search_key":null,"scope":null}', '2021-08-18 00:12:16', '2021-08-21 16:00:55'),
	(48, 'proprietaires', 'proprietaires', 'Proprietaire', 'Proprietaires', NULL, 'App\\Models\\Proprietaire', NULL, NULL, NULL, 1, 0, '{"order_column":null,"order_display_column":null,"order_direction":"asc","default_search_key":null,"scope":null}', '2021-08-18 00:25:48', '2021-08-20 20:28:59'),
	(50, 'promoteurs', 'promoteurs', 'Promoteur', 'Promoteurs', NULL, 'App\\Models\\Promoteur', NULL, NULL, NULL, 1, 0, '{"order_column":null,"order_display_column":null,"order_direction":"asc","default_search_key":null,"scope":null}', '2021-08-19 16:12:51', '2021-08-20 20:10:17'),
	(58, 'terrain_projets', 'terrain-projets', 'Terrain Projet', 'Terrain Projets', NULL, 'App\\Models\\TerrainProjet', NULL, NULL, NULL, 1, 0, '{"order_column":null,"order_display_column":null,"order_direction":"asc","default_search_key":null,"scope":null}', '2021-08-19 20:20:57', '2021-09-26 11:00:16'),
	(59, 'etat_projets', 'etat-projets', 'Etat Projet', 'Etat Projets', NULL, 'App\\Models\\EtatProjet', NULL, NULL, NULL, 1, 0, '{"order_column":null,"order_display_column":null,"order_direction":"asc","default_search_key":null,"scope":null}', '2021-08-19 20:22:31', '2021-08-22 08:45:52'),
	(62, 'coordonnees', 'coordonnees', 'Coordonnee', 'Coordonnees', NULL, 'App\\Models\\Coordonnee', NULL, NULL, NULL, 1, 0, '{"order_column":null,"order_display_column":null,"order_direction":"asc","default_search_key":null,"scope":null}', '2021-08-20 21:04:17', '2021-08-21 02:52:07');
/*!40000 ALTER TABLE `data_types` ENABLE KEYS */;

-- Export de la structure de la table ardhi2. departements
CREATE TABLE IF NOT EXISTS `departements` (
  `id` int(10) unsigned NOT NULL AUTO_INCREMENT,
  `nom` varchar(255) COLLATE utf8mb4_unicode_ci NOT NULL,
  `superficie` int(11) DEFAULT NULL,
  `etat` int(11) DEFAULT NULL,
  `created_at` timestamp NULL DEFAULT NULL,
  `updated_at` timestamp NULL DEFAULT NULL,
  `deleted_at` timestamp NULL DEFAULT NULL,
  PRIMARY KEY (`id`)
) ENGINE=InnoDB AUTO_INCREMENT=14 DEFAULT CHARSET=utf8mb4 COLLATE=utf8mb4_unicode_ci;

-- Export de données de la table ardhi2.departements : ~12 rows (environ)
/*!40000 ALTER TABLE `departements` DISABLE KEYS */;
INSERT INTO `departements` (`id`, `nom`, `superficie`, `etat`, `created_at`, `updated_at`, `deleted_at`) VALUES
	(1, 'OUEME', 12672, 1, '2021-08-18 09:05:29', '2021-08-18 09:05:29', NULL),
	(2, 'MONO', 12672, 1, '2021-08-18 09:05:46', '2021-08-18 09:05:46', NULL),
	(4, 'COUFFO', 12672, 1, '2021-08-18 09:06:10', '2021-08-18 09:06:10', NULL),
	(5, 'LITTORAL', 12672, 1, '2021-08-18 09:06:48', '2021-08-18 09:06:48', NULL),
	(6, 'PLATEAU', 12672, 1, '2021-08-18 09:07:08', '2021-08-18 09:07:08', NULL),
	(7, 'ATLANTIQUE', 12672, 1, '2021-08-18 09:07:20', '2021-08-18 09:07:30', NULL),
	(8, 'COLLINE', 12672, 1, '2021-08-18 09:07:59', '2021-08-18 09:07:59', NULL),
	(9, 'ZOU', 12672, 1, '2021-08-18 09:08:21', '2021-08-18 09:08:21', NULL),
	(10, 'ATACORA', 12672, 1, '2021-08-18 09:08:32', '2021-08-18 09:08:32', NULL),
	(11, 'DONGA', 12672, 1, '2021-08-18 09:08:46', '2021-08-18 09:08:46', NULL),
	(12, 'BORGOU', NULL, 1, '2021-08-18 09:09:00', '2021-08-18 09:09:00', NULL),
	(13, 'ALIBORI', NULL, 1, '2021-08-18 09:09:09', '2021-08-18 09:09:16', NULL);
/*!40000 ALTER TABLE `departements` ENABLE KEYS */;

-- Export de la structure de la table ardhi2. etapes
CREATE TABLE IF NOT EXISTS `etapes` (
  `id` int(10) unsigned NOT NULL AUTO_INCREMENT,
  `nom` varchar(255) COLLATE utf8mb4_unicode_ci NOT NULL,
  `pourcentage` int(11) DEFAULT NULL,
  `created_at` timestamp NULL DEFAULT NULL,
  `updated_at` timestamp NULL DEFAULT NULL,
  `deleted_at` timestamp NULL DEFAULT NULL,
  `dureeejours` int(11) NOT NULL,
  PRIMARY KEY (`id`)
) ENGINE=InnoDB AUTO_INCREMENT=8 DEFAULT CHARSET=utf8mb4 COLLATE=utf8mb4_unicode_ci;

-- Export de données de la table ardhi2.etapes : ~5 rows (environ)
/*!40000 ALTER TABLE `etapes` DISABLE KEYS */;
INSERT INTO `etapes` (`id`, `nom`, `pourcentage`, `created_at`, `updated_at`, `deleted_at`, `dureeejours`) VALUES
	(3, 'Préparation des ressources du projet', 20, '2021-09-26 02:22:46', '2021-09-26 02:25:31', NULL, 0),
	(4, 'Exécution des tâches de bases', 30, '2021-09-26 02:23:25', '2021-09-26 02:23:25', NULL, 0),
	(5, 'Exécution des tâches intermédiaires', 10, '2021-09-26 02:24:13', '2021-09-26 11:13:58', NULL, 45),
	(6, 'Exécution des tâches spécifiques', 25, '2021-09-26 02:25:08', '2021-09-26 11:13:47', NULL, 30),
	(7, 'Vérification du projet et des normes', 15, '2021-09-26 02:26:26', '2021-09-26 11:13:35', NULL, 20);
/*!40000 ALTER TABLE `etapes` ENABLE KEYS */;

-- Export de la structure de la table ardhi2. etats
CREATE TABLE IF NOT EXISTS `etats` (
  `id` int(10) unsigned NOT NULL AUTO_INCREMENT,
  `nom` varchar(255) COLLATE utf8mb4_unicode_ci NOT NULL,
  `superficie` int(11) DEFAULT NULL,
  `pay` int(10) unsigned NOT NULL,
  `created_at` timestamp NULL DEFAULT NULL,
  `updated_at` timestamp NULL DEFAULT NULL,
  `deleted_at` timestamp NULL DEFAULT NULL,
  PRIMARY KEY (`id`)
) ENGINE=InnoDB AUTO_INCREMENT=2 DEFAULT CHARSET=utf8mb4 COLLATE=utf8mb4_unicode_ci;

-- Export de données de la table ardhi2.etats : ~0 rows (environ)
/*!40000 ALTER TABLE `etats` DISABLE KEYS */;
INSERT INTO `etats` (`id`, `nom`, `superficie`, `pay`, `created_at`, `updated_at`, `deleted_at`) VALUES
	(1, 'BENIN', 12672, 1, '2021-08-18 09:05:08', '2021-08-18 09:05:08', NULL);
/*!40000 ALTER TABLE `etats` ENABLE KEYS */;

-- Export de la structure de la table ardhi2. etat_projets
CREATE TABLE IF NOT EXISTS `etat_projets` (
  `id` int(10) unsigned NOT NULL AUTO_INCREMENT,
  `projet` int(10) unsigned NOT NULL,
  `etape` int(10) unsigned NOT NULL,
  `dateDebut` date DEFAULT NULL,
  `dateFin` date DEFAULT NULL,
  `obs` longtext COLLATE utf8mb4_unicode_ci DEFAULT NULL,
  `created_at` timestamp NULL DEFAULT NULL,
  `updated_at` timestamp NULL DEFAULT NULL,
  `deleted_at` timestamp NULL DEFAULT NULL,
  PRIMARY KEY (`id`)
) ENGINE=InnoDB AUTO_INCREMENT=3 DEFAULT CHARSET=utf8mb4 COLLATE=utf8mb4_unicode_ci;

-- Export de données de la table ardhi2.etat_projets : ~2 rows (environ)
/*!40000 ALTER TABLE `etat_projets` DISABLE KEYS */;
INSERT INTO `etat_projets` (`id`, `projet`, `etape`, `dateDebut`, `dateFin`, `obs`, `created_at`, `updated_at`, `deleted_at`) VALUES
	(1, 1, 3, '2021-01-01', '2021-07-30', NULL, '2021-11-21 09:14:27', '2021-11-21 09:14:27', NULL),
	(2, 2, 3, '2021-01-01', '2021-12-31', NULL, '2021-11-21 09:15:06', '2021-11-21 09:15:06', NULL);
/*!40000 ALTER TABLE `etat_projets` ENABLE KEYS */;

-- Export de la structure de la table ardhi2. failed_jobs
CREATE TABLE IF NOT EXISTS `failed_jobs` (
  `id` bigint(20) unsigned NOT NULL AUTO_INCREMENT,
  `uuid` varchar(255) COLLATE utf8mb4_unicode_ci NOT NULL,
  `connection` text COLLATE utf8mb4_unicode_ci NOT NULL,
  `queue` text COLLATE utf8mb4_unicode_ci NOT NULL,
  `payload` longtext COLLATE utf8mb4_unicode_ci NOT NULL,
  `exception` longtext COLLATE utf8mb4_unicode_ci NOT NULL,
  `failed_at` timestamp NOT NULL DEFAULT current_timestamp(),
  PRIMARY KEY (`id`),
  UNIQUE KEY `failed_jobs_uuid_unique` (`uuid`)
) ENGINE=InnoDB DEFAULT CHARSET=utf8mb4 COLLATE=utf8mb4_unicode_ci;

-- Export de données de la table ardhi2.failed_jobs : ~0 rows (environ)
/*!40000 ALTER TABLE `failed_jobs` DISABLE KEYS */;
/*!40000 ALTER TABLE `failed_jobs` ENABLE KEYS */;

-- Export de la structure de la table ardhi2. hameaus
CREATE TABLE IF NOT EXISTS `hameaus` (
  `id` int(10) unsigned NOT NULL AUTO_INCREMENT,
  `nom` varchar(255) COLLATE utf8mb4_unicode_ci NOT NULL,
  `superficie` int(11) DEFAULT NULL,
  `village` int(10) unsigned NOT NULL,
  `created_at` timestamp NULL DEFAULT NULL,
  `updated_at` timestamp NULL DEFAULT NULL,
  `deleted_at` timestamp NULL DEFAULT NULL,
  PRIMARY KEY (`id`)
) ENGINE=InnoDB AUTO_INCREMENT=4 DEFAULT CHARSET=utf8mb4 COLLATE=utf8mb4_unicode_ci;

-- Export de données de la table ardhi2.hameaus : ~3 rows (environ)
/*!40000 ALTER TABLE `hameaus` DISABLE KEYS */;
INSERT INTO `hameaus` (`id`, `nom`, `superficie`, `village`, `created_at`, `updated_at`, `deleted_at`) VALUES
	(1, 'APLOHOMEY', NULL, 1, '2021-08-18 09:12:51', '2021-08-18 09:12:51', NULL),
	(2, 'BAZOUKPA', NULL, 1, '2021-11-21 08:16:50', '2021-11-21 08:16:50', NULL),
	(3, 'GLEGBONOU', NULL, 1, '2021-11-21 08:17:31', '2021-11-21 08:17:31', NULL);
/*!40000 ALTER TABLE `hameaus` ENABLE KEYS */;

-- Export de la structure de la table ardhi2. menus
CREATE TABLE IF NOT EXISTS `menus` (
  `id` int(10) unsigned NOT NULL AUTO_INCREMENT,
  `name` varchar(255) COLLATE utf8mb4_unicode_ci NOT NULL,
  `created_at` timestamp NULL DEFAULT NULL,
  `updated_at` timestamp NULL DEFAULT NULL,
  PRIMARY KEY (`id`),
  UNIQUE KEY `menus_name_unique` (`name`)
) ENGINE=InnoDB AUTO_INCREMENT=3 DEFAULT CHARSET=utf8mb4 COLLATE=utf8mb4_unicode_ci;

-- Export de données de la table ardhi2.menus : ~0 rows (environ)
/*!40000 ALTER TABLE `menus` DISABLE KEYS */;
INSERT INTO `menus` (`id`, `name`, `created_at`, `updated_at`) VALUES
	(1, 'admin', '2021-08-04 03:12:37', '2021-08-04 03:12:37'),
	(2, 'Yilaa', '2021-08-04 22:30:23', '2021-08-04 22:30:23');
/*!40000 ALTER TABLE `menus` ENABLE KEYS */;

-- Export de la structure de la table ardhi2. menu_items
CREATE TABLE IF NOT EXISTS `menu_items` (
  `id` int(10) unsigned NOT NULL AUTO_INCREMENT,
  `menu_id` int(10) unsigned DEFAULT NULL,
  `title` varchar(255) COLLATE utf8mb4_unicode_ci NOT NULL,
  `url` varchar(255) COLLATE utf8mb4_unicode_ci NOT NULL,
  `target` varchar(255) COLLATE utf8mb4_unicode_ci NOT NULL DEFAULT '_self',
  `icon_class` varchar(255) COLLATE utf8mb4_unicode_ci DEFAULT NULL,
  `color` varchar(255) COLLATE utf8mb4_unicode_ci DEFAULT NULL,
  `parent_id` int(11) DEFAULT NULL,
  `order` int(11) NOT NULL,
  `created_at` timestamp NULL DEFAULT NULL,
  `updated_at` timestamp NULL DEFAULT NULL,
  `route` varchar(255) COLLATE utf8mb4_unicode_ci DEFAULT NULL,
  `parameters` text COLLATE utf8mb4_unicode_ci DEFAULT NULL,
  PRIMARY KEY (`id`),
  KEY `menu_items_menu_id_foreign` (`menu_id`),
  CONSTRAINT `menu_items_menu_id_foreign` FOREIGN KEY (`menu_id`) REFERENCES `menus` (`id`) ON DELETE CASCADE
) ENGINE=InnoDB AUTO_INCREMENT=52 DEFAULT CHARSET=utf8mb4 COLLATE=utf8mb4_unicode_ci;

-- Export de données de la table ardhi2.menu_items : ~34 rows (environ)
/*!40000 ALTER TABLE `menu_items` DISABLE KEYS */;
INSERT INTO `menu_items` (`id`, `menu_id`, `title`, `url`, `target`, `icon_class`, `color`, `parent_id`, `order`, `created_at`, `updated_at`, `route`, `parameters`) VALUES
	(1, 1, 'Dashboard', '', '_self', 'voyager-boat', NULL, NULL, 1, '2021-08-04 03:12:37', '2021-08-04 03:12:37', 'voyager.dashboard', NULL),
	(2, 1, 'Media', '', '_self', 'voyager-images', NULL, NULL, 4, '2021-08-04 03:12:38', '2021-09-26 01:27:30', 'voyager.media.index', NULL),
	(3, 1, 'Users', '', '_self', 'voyager-person', NULL, NULL, 3, '2021-08-04 03:12:38', '2021-08-04 03:12:38', 'voyager.users.index', NULL),
	(4, 1, 'Roles', '', '_self', 'voyager-lock', NULL, NULL, 2, '2021-08-04 03:12:38', '2021-08-04 03:12:38', 'voyager.roles.index', NULL),
	(5, 1, 'Tools', '', '_self', 'voyager-tools', NULL, NULL, 8, '2021-08-04 03:12:38', '2021-09-26 01:27:30', NULL, NULL),
	(6, 1, 'Menu Builder', '', '_self', 'voyager-list', NULL, 5, 1, '2021-08-04 03:12:38', '2021-09-26 01:27:30', 'voyager.menus.index', NULL),
	(7, 1, 'Database', '', '_self', 'voyager-data', NULL, 5, 2, '2021-08-04 03:12:38', '2021-09-26 01:27:30', 'voyager.database.index', NULL),
	(8, 1, 'Compass', '', '_self', 'voyager-compass', NULL, 5, 3, '2021-08-04 03:12:38', '2021-09-26 01:27:31', 'voyager.compass.index', NULL),
	(9, 1, 'BREAD', '', '_self', 'voyager-bread', NULL, 5, 4, '2021-08-04 03:12:38', '2021-09-26 01:27:31', 'voyager.bread.index', NULL),
	(10, 1, 'Settings', '', '_self', 'voyager-settings', NULL, NULL, 9, '2021-08-04 03:12:38', '2021-09-26 01:27:31', 'voyager.settings.index', NULL),
	(11, 1, 'Categories', '', '_self', 'voyager-categories', NULL, NULL, 7, '2021-08-04 03:12:48', '2021-09-26 01:27:30', 'voyager.categories.index', NULL),
	(12, 1, 'Posts', '', '_self', 'voyager-news', NULL, NULL, 5, '2021-08-04 03:12:50', '2021-09-26 01:27:30', 'voyager.posts.index', NULL),
	(13, 1, 'Pages', '', '_self', 'voyager-file-text', NULL, NULL, 6, '2021-08-04 03:12:52', '2021-09-26 01:27:30', 'voyager.pages.index', NULL),
	(14, 1, 'Hooks', '', '_self', 'voyager-hook', NULL, 5, 5, '2021-08-04 03:12:56', '2021-09-26 01:27:31', 'voyager.hooks', NULL),
	(15, 1, 'Pays', '', '_self', 'voyager-world', '#000000', 51, 1, '2021-08-05 01:20:33', '2021-09-26 01:54:14', 'voyager.pays.index', 'null'),
	(29, 1, 'Arrondissements', '', '_self', 'voyager-trees', '#000000', 51, 6, '2021-08-17 21:58:39', '2021-09-26 02:11:00', 'voyager.arrondissements.index', 'null'),
	(30, 1, 'Communes', '', '_self', 'voyager-shop', '#000000', 51, 5, '2021-08-17 22:00:50', '2021-09-26 02:09:50', 'voyager.communes.index', 'null'),
	(31, 1, 'Croquis', '', '_self', 'voyager-photos', '#000000', 50, 4, '2021-08-17 22:04:45', '2021-09-26 01:41:24', 'voyager.croquis.index', 'null'),
	(32, 1, 'Departements', '', '_self', 'voyager-company', '#000000', 51, 3, '2021-08-17 22:06:58', '2021-09-26 02:09:09', 'voyager.departements.index', 'null'),
	(33, 1, 'Etapes', '', '_self', 'voyager-list', '#000000', 49, 2, '2021-08-17 22:08:52', '2021-09-26 01:47:46', 'voyager.etapes.index', 'null'),
	(34, 1, 'Etats', '', '_self', 'voyager-pizza', '#000000', 51, 2, '2021-08-17 22:10:20', '2021-09-26 02:08:45', 'voyager.etats.index', 'null'),
	(35, 1, 'Hameaus', '', '_self', 'voyager-home', '#000000', 51, 8, '2021-08-17 22:13:26', '2021-09-26 02:12:57', 'voyager.hameaus.index', 'null'),
	(36, 1, 'Projets', '', '_self', 'voyager-file-text', '#000000', 49, 1, '2021-08-17 22:15:23', '2021-09-26 01:40:33', 'voyager.projets.index', 'null'),
	(38, 1, 'Villages', '', '_self', 'voyager-tag', '#000000', 51, 7, '2021-08-17 22:19:39', '2021-09-26 02:14:04', 'voyager.villages.index', 'null'),
	(39, 1, 'Terrains', '', '_self', 'voyager-window-list', '#000000', 50, 1, '2021-08-18 00:12:17', '2021-09-26 01:45:47', 'voyager.terrains.index', 'null'),
	(40, 1, 'Proprietaires', '', '_self', 'voyager-people', '#000000', 50, 3, '2021-08-18 00:25:49', '2021-09-26 01:34:49', 'voyager.proprietaires.index', 'null'),
	(41, 1, 'Promoteurs', '', '_self', 'voyager-group', '#000000', 49, 3, '2021-08-19 16:12:52', '2021-09-26 01:47:16', 'voyager.promoteurs.index', 'null'),
	(46, 1, 'Terrain Projets', '', '_self', 'voyager-milestone', '#000000', 49, 4, '2021-08-19 20:20:59', '2021-09-26 01:46:49', 'voyager.terrain-projets.index', 'null'),
	(47, 1, 'Etat Projets', '', '_self', 'voyager-pie-chart', '#000000', 49, 5, '2021-08-19 20:22:32', '2021-09-26 01:43:32', 'voyager.etat-projets.index', 'null'),
	(48, 1, 'Coordonnees', '', '_self', 'voyager-location', '#000000', 50, 5, '2021-08-20 21:04:18', '2021-09-26 01:42:16', 'voyager.coordonnees.index', 'null'),
	(49, 1, 'Nos Projets', '#', '_self', 'voyager-folder', '#000000', NULL, 12, '2021-09-26 01:31:12', '2021-09-26 01:40:15', NULL, ''),
	(50, 1, 'Nos Terres', '#', '_self', 'voyager-browser', '#000000', NULL, 11, '2021-09-26 01:31:42', '2021-09-26 01:42:44', NULL, ''),
	(51, 1, 'Paramètre', '#', '_self', 'voyager-params', '#000000', NULL, 10, '2021-09-26 01:38:25', '2021-09-26 01:41:47', NULL, '');
/*!40000 ALTER TABLE `menu_items` ENABLE KEYS */;

-- Export de la structure de la table ardhi2. migrations
CREATE TABLE IF NOT EXISTS `migrations` (
  `id` int(10) unsigned NOT NULL AUTO_INCREMENT,
  `migration` varchar(255) COLLATE utf8mb4_unicode_ci NOT NULL,
  `batch` int(11) NOT NULL,
  PRIMARY KEY (`id`)
) ENGINE=InnoDB AUTO_INCREMENT=28 DEFAULT CHARSET=utf8mb4 COLLATE=utf8mb4_unicode_ci;

-- Export de données de la table ardhi2.migrations : ~27 rows (environ)
/*!40000 ALTER TABLE `migrations` DISABLE KEYS */;
INSERT INTO `migrations` (`id`, `migration`, `batch`) VALUES
	(1, '2014_10_12_000000_create_users_table', 1),
	(2, '2014_10_12_100000_create_password_resets_table', 1),
	(3, '2016_01_01_000000_add_voyager_user_fields', 1),
	(4, '2016_01_01_000000_create_data_types_table', 1),
	(5, '2016_05_19_173453_create_menu_table', 1),
	(6, '2016_10_21_190000_create_roles_table', 1),
	(7, '2016_10_21_190000_create_settings_table', 1),
	(8, '2016_11_30_135954_create_permission_table', 1),
	(9, '2016_11_30_141208_create_permission_role_table', 1),
	(10, '2016_12_26_201236_data_types__add__server_side', 1),
	(11, '2017_01_13_000000_add_route_to_menu_items_table', 1),
	(12, '2017_01_14_005015_create_translations_table', 1),
	(13, '2017_01_15_000000_make_table_name_nullable_in_permissions_table', 1),
	(14, '2017_03_06_000000_add_controller_to_data_types_table', 1),
	(15, '2017_04_21_000000_add_order_to_data_rows_table', 1),
	(16, '2017_07_05_210000_add_policyname_to_data_types_table', 1),
	(17, '2017_08_05_000000_add_group_to_settings_table', 1),
	(18, '2017_11_26_013050_add_user_role_relationship', 1),
	(19, '2017_11_26_015000_create_user_roles_table', 1),
	(20, '2018_03_11_000000_add_user_settings', 1),
	(21, '2018_03_14_000000_add_details_to_data_types_table', 1),
	(22, '2018_03_16_000000_make_settings_value_nullable', 1),
	(23, '2019_08_19_000000_create_failed_jobs_table', 1),
	(24, '2016_01_01_000000_create_pages_table', 2),
	(25, '2016_01_01_000000_create_posts_table', 2),
	(26, '2016_02_15_204651_create_categories_table', 2),
	(27, '2017_04_11_000000_alter_post_nullable_fields_table', 2);
/*!40000 ALTER TABLE `migrations` ENABLE KEYS */;

-- Export de la structure de la table ardhi2. pages
CREATE TABLE IF NOT EXISTS `pages` (
  `id` int(10) unsigned NOT NULL AUTO_INCREMENT,
  `author_id` int(11) NOT NULL,
  `title` varchar(255) COLLATE utf8mb4_unicode_ci NOT NULL,
  `excerpt` text COLLATE utf8mb4_unicode_ci DEFAULT NULL,
  `body` text COLLATE utf8mb4_unicode_ci DEFAULT NULL,
  `image` varchar(255) COLLATE utf8mb4_unicode_ci DEFAULT NULL,
  `slug` varchar(255) COLLATE utf8mb4_unicode_ci NOT NULL,
  `meta_description` text COLLATE utf8mb4_unicode_ci DEFAULT NULL,
  `meta_keywords` text COLLATE utf8mb4_unicode_ci DEFAULT NULL,
  `status` enum('ACTIVE','INACTIVE') COLLATE utf8mb4_unicode_ci NOT NULL DEFAULT 'INACTIVE',
  `created_at` timestamp NULL DEFAULT NULL,
  `updated_at` timestamp NULL DEFAULT NULL,
  PRIMARY KEY (`id`),
  UNIQUE KEY `pages_slug_unique` (`slug`)
) ENGINE=InnoDB DEFAULT CHARSET=utf8mb4 COLLATE=utf8mb4_unicode_ci;

-- Export de données de la table ardhi2.pages : ~0 rows (environ)
/*!40000 ALTER TABLE `pages` DISABLE KEYS */;
/*!40000 ALTER TABLE `pages` ENABLE KEYS */;

-- Export de la structure de la table ardhi2. password_resets
CREATE TABLE IF NOT EXISTS `password_resets` (
  `email` varchar(255) COLLATE utf8mb4_unicode_ci NOT NULL,
  `token` varchar(255) COLLATE utf8mb4_unicode_ci NOT NULL,
  `created_at` timestamp NULL DEFAULT NULL,
  KEY `password_resets_email_index` (`email`)
) ENGINE=InnoDB DEFAULT CHARSET=utf8mb4 COLLATE=utf8mb4_unicode_ci;

-- Export de données de la table ardhi2.password_resets : ~0 rows (environ)
/*!40000 ALTER TABLE `password_resets` DISABLE KEYS */;
INSERT INTO `password_resets` (`email`, `token`, `created_at`) VALUES
	('victordognon@gmail.com', '$2y$10$Qn/KrPAkLqGw1EuTMHvtzOxCEAs/dVKeE8eSwHoLu.BkJrixkJ52K', '2021-08-21 14:57:22');
/*!40000 ALTER TABLE `password_resets` ENABLE KEYS */;

-- Export de la structure de la table ardhi2. pays
CREATE TABLE IF NOT EXISTS `pays` (
  `id` int(10) unsigned NOT NULL AUTO_INCREMENT,
  `nom` varchar(255) COLLATE utf8mb4_unicode_ci NOT NULL,
  `superficie` int(11) DEFAULT NULL,
  `created_at` timestamp NULL DEFAULT NULL,
  `updated_at` timestamp NULL DEFAULT NULL,
  `deleted_at` timestamp NULL DEFAULT NULL,
  `code` varchar(5) COLLATE utf8mb4_unicode_ci DEFAULT NULL,
  PRIMARY KEY (`id`),
  UNIQUE KEY `pays_nom_unique` (`nom`)
) ENGINE=InnoDB AUTO_INCREMENT=4 DEFAULT CHARSET=utf8mb4 COLLATE=utf8mb4_unicode_ci;

-- Export de données de la table ardhi2.pays : ~3 rows (environ)
/*!40000 ALTER TABLE `pays` DISABLE KEYS */;
INSERT INTO `pays` (`id`, `nom`, `superficie`, `created_at`, `updated_at`, `deleted_at`, `code`) VALUES
	(1, 'BENIN', 12672, '2021-08-06 06:53:04', '2021-08-06 07:56:18', NULL, 'BJ'),
	(2, 'Burkina-Faso', NULL, '2021-11-21 07:42:57', '2021-11-21 07:42:57', NULL, 'BF'),
	(3, 'Senegal', NULL, '2021-11-21 07:43:20', '2021-11-21 07:43:20', NULL, 'SG');
/*!40000 ALTER TABLE `pays` ENABLE KEYS */;

-- Export de la structure de la table ardhi2. permissions
CREATE TABLE IF NOT EXISTS `permissions` (
  `id` bigint(20) unsigned NOT NULL AUTO_INCREMENT,
  `key` varchar(255) COLLATE utf8mb4_unicode_ci NOT NULL,
  `table_name` varchar(255) COLLATE utf8mb4_unicode_ci DEFAULT NULL,
  `created_at` timestamp NULL DEFAULT NULL,
  `updated_at` timestamp NULL DEFAULT NULL,
  PRIMARY KEY (`id`),
  KEY `permissions_key_index` (`key`)
) ENGINE=InnoDB AUTO_INCREMENT=212 DEFAULT CHARSET=utf8mb4 COLLATE=utf8mb4_unicode_ci;

-- Export de données de la table ardhi2.permissions : ~125 rows (environ)
/*!40000 ALTER TABLE `permissions` DISABLE KEYS */;
INSERT INTO `permissions` (`id`, `key`, `table_name`, `created_at`, `updated_at`) VALUES
	(1, 'browse_admin', NULL, '2021-08-04 03:12:38', '2021-08-04 03:12:38'),
	(2, 'browse_bread', NULL, '2021-08-04 03:12:39', '2021-08-04 03:12:39'),
	(3, 'browse_database', NULL, '2021-08-04 03:12:39', '2021-08-04 03:12:39'),
	(4, 'browse_media', NULL, '2021-08-04 03:12:39', '2021-08-04 03:12:39'),
	(5, 'browse_compass', NULL, '2021-08-04 03:12:39', '2021-08-04 03:12:39'),
	(6, 'browse_menus', 'menus', '2021-08-04 03:12:39', '2021-08-04 03:12:39'),
	(7, 'read_menus', 'menus', '2021-08-04 03:12:39', '2021-08-04 03:12:39'),
	(8, 'edit_menus', 'menus', '2021-08-04 03:12:39', '2021-08-04 03:12:39'),
	(9, 'add_menus', 'menus', '2021-08-04 03:12:39', '2021-08-04 03:12:39'),
	(10, 'delete_menus', 'menus', '2021-08-04 03:12:39', '2021-08-04 03:12:39'),
	(11, 'browse_roles', 'roles', '2021-08-04 03:12:39', '2021-08-04 03:12:39'),
	(12, 'read_roles', 'roles', '2021-08-04 03:12:39', '2021-08-04 03:12:39'),
	(13, 'edit_roles', 'roles', '2021-08-04 03:12:39', '2021-08-04 03:12:39'),
	(14, 'add_roles', 'roles', '2021-08-04 03:12:39', '2021-08-04 03:12:39'),
	(15, 'delete_roles', 'roles', '2021-08-04 03:12:39', '2021-08-04 03:12:39'),
	(16, 'browse_users', 'users', '2021-08-04 03:12:40', '2021-08-04 03:12:40'),
	(17, 'read_users', 'users', '2021-08-04 03:12:40', '2021-08-04 03:12:40'),
	(18, 'edit_users', 'users', '2021-08-04 03:12:40', '2021-08-04 03:12:40'),
	(19, 'add_users', 'users', '2021-08-04 03:12:40', '2021-08-04 03:12:40'),
	(20, 'delete_users', 'users', '2021-08-04 03:12:40', '2021-08-04 03:12:40'),
	(21, 'browse_settings', 'settings', '2021-08-04 03:12:40', '2021-08-04 03:12:40'),
	(22, 'read_settings', 'settings', '2021-08-04 03:12:40', '2021-08-04 03:12:40'),
	(23, 'edit_settings', 'settings', '2021-08-04 03:12:40', '2021-08-04 03:12:40'),
	(24, 'add_settings', 'settings', '2021-08-04 03:12:40', '2021-08-04 03:12:40'),
	(25, 'delete_settings', 'settings', '2021-08-04 03:12:40', '2021-08-04 03:12:40'),
	(26, 'browse_categories', 'categories', '2021-08-04 03:12:48', '2021-08-04 03:12:48'),
	(27, 'read_categories', 'categories', '2021-08-04 03:12:48', '2021-08-04 03:12:48'),
	(28, 'edit_categories', 'categories', '2021-08-04 03:12:48', '2021-08-04 03:12:48'),
	(29, 'add_categories', 'categories', '2021-08-04 03:12:48', '2021-08-04 03:12:48'),
	(30, 'delete_categories', 'categories', '2021-08-04 03:12:48', '2021-08-04 03:12:48'),
	(31, 'browse_posts', 'posts', '2021-08-04 03:12:50', '2021-08-04 03:12:50'),
	(32, 'read_posts', 'posts', '2021-08-04 03:12:50', '2021-08-04 03:12:50'),
	(33, 'edit_posts', 'posts', '2021-08-04 03:12:50', '2021-08-04 03:12:50'),
	(34, 'add_posts', 'posts', '2021-08-04 03:12:50', '2021-08-04 03:12:50'),
	(35, 'delete_posts', 'posts', '2021-08-04 03:12:50', '2021-08-04 03:12:50'),
	(36, 'browse_pages', 'pages', '2021-08-04 03:12:52', '2021-08-04 03:12:52'),
	(37, 'read_pages', 'pages', '2021-08-04 03:12:52', '2021-08-04 03:12:52'),
	(38, 'edit_pages', 'pages', '2021-08-04 03:12:52', '2021-08-04 03:12:52'),
	(39, 'add_pages', 'pages', '2021-08-04 03:12:52', '2021-08-04 03:12:52'),
	(40, 'delete_pages', 'pages', '2021-08-04 03:12:52', '2021-08-04 03:12:52'),
	(41, 'browse_hooks', NULL, '2021-08-04 03:12:56', '2021-08-04 03:12:56'),
	(42, 'browse_pays', 'pays', '2021-08-05 01:20:33', '2021-08-05 01:20:33'),
	(43, 'read_pays', 'pays', '2021-08-05 01:20:33', '2021-08-05 01:20:33'),
	(44, 'edit_pays', 'pays', '2021-08-05 01:20:33', '2021-08-05 01:20:33'),
	(45, 'add_pays', 'pays', '2021-08-05 01:20:33', '2021-08-05 01:20:33'),
	(46, 'delete_pays', 'pays', '2021-08-05 01:20:33', '2021-08-05 01:20:33'),
	(62, 'browse_commune', 'commune', '2021-08-07 16:42:06', '2021-08-07 16:42:06'),
	(63, 'read_commune', 'commune', '2021-08-07 16:42:06', '2021-08-07 16:42:06'),
	(64, 'edit_commune', 'commune', '2021-08-07 16:42:06', '2021-08-07 16:42:06'),
	(65, 'add_commune', 'commune', '2021-08-07 16:42:06', '2021-08-07 16:42:06'),
	(66, 'delete_commune', 'commune', '2021-08-07 16:42:06', '2021-08-07 16:42:06'),
	(112, 'browse_arrondissements', 'arrondissements', '2021-08-17 21:58:39', '2021-08-17 21:58:39'),
	(113, 'read_arrondissements', 'arrondissements', '2021-08-17 21:58:39', '2021-08-17 21:58:39'),
	(114, 'edit_arrondissements', 'arrondissements', '2021-08-17 21:58:39', '2021-08-17 21:58:39'),
	(115, 'add_arrondissements', 'arrondissements', '2021-08-17 21:58:39', '2021-08-17 21:58:39'),
	(116, 'delete_arrondissements', 'arrondissements', '2021-08-17 21:58:39', '2021-08-17 21:58:39'),
	(117, 'browse_communes', 'communes', '2021-08-17 22:00:50', '2021-08-17 22:00:50'),
	(118, 'read_communes', 'communes', '2021-08-17 22:00:50', '2021-08-17 22:00:50'),
	(119, 'edit_communes', 'communes', '2021-08-17 22:00:50', '2021-08-17 22:00:50'),
	(120, 'add_communes', 'communes', '2021-08-17 22:00:50', '2021-08-17 22:00:50'),
	(121, 'delete_communes', 'communes', '2021-08-17 22:00:50', '2021-08-17 22:00:50'),
	(122, 'browse_croquis', 'croquis', '2021-08-17 22:04:45', '2021-08-17 22:04:45'),
	(123, 'read_croquis', 'croquis', '2021-08-17 22:04:45', '2021-08-17 22:04:45'),
	(124, 'edit_croquis', 'croquis', '2021-08-17 22:04:45', '2021-08-17 22:04:45'),
	(125, 'add_croquis', 'croquis', '2021-08-17 22:04:45', '2021-08-17 22:04:45'),
	(126, 'delete_croquis', 'croquis', '2021-08-17 22:04:45', '2021-08-17 22:04:45'),
	(127, 'browse_departements', 'departements', '2021-08-17 22:06:58', '2021-08-17 22:06:58'),
	(128, 'read_departements', 'departements', '2021-08-17 22:06:58', '2021-08-17 22:06:58'),
	(129, 'edit_departements', 'departements', '2021-08-17 22:06:58', '2021-08-17 22:06:58'),
	(130, 'add_departements', 'departements', '2021-08-17 22:06:58', '2021-08-17 22:06:58'),
	(131, 'delete_departements', 'departements', '2021-08-17 22:06:58', '2021-08-17 22:06:58'),
	(132, 'browse_etapes', 'etapes', '2021-08-17 22:08:52', '2021-08-17 22:08:52'),
	(133, 'read_etapes', 'etapes', '2021-08-17 22:08:52', '2021-08-17 22:08:52'),
	(134, 'edit_etapes', 'etapes', '2021-08-17 22:08:52', '2021-08-17 22:08:52'),
	(135, 'add_etapes', 'etapes', '2021-08-17 22:08:52', '2021-08-17 22:08:52'),
	(136, 'delete_etapes', 'etapes', '2021-08-17 22:08:52', '2021-08-17 22:08:52'),
	(137, 'browse_etats', 'etats', '2021-08-17 22:10:20', '2021-08-17 22:10:20'),
	(138, 'read_etats', 'etats', '2021-08-17 22:10:20', '2021-08-17 22:10:20'),
	(139, 'edit_etats', 'etats', '2021-08-17 22:10:20', '2021-08-17 22:10:20'),
	(140, 'add_etats', 'etats', '2021-08-17 22:10:20', '2021-08-17 22:10:20'),
	(141, 'delete_etats', 'etats', '2021-08-17 22:10:20', '2021-08-17 22:10:20'),
	(142, 'browse_hameaus', 'hameaus', '2021-08-17 22:13:25', '2021-08-17 22:13:25'),
	(143, 'read_hameaus', 'hameaus', '2021-08-17 22:13:25', '2021-08-17 22:13:25'),
	(144, 'edit_hameaus', 'hameaus', '2021-08-17 22:13:25', '2021-08-17 22:13:25'),
	(145, 'add_hameaus', 'hameaus', '2021-08-17 22:13:25', '2021-08-17 22:13:25'),
	(146, 'delete_hameaus', 'hameaus', '2021-08-17 22:13:26', '2021-08-17 22:13:26'),
	(147, 'browse_projets', 'projets', '2021-08-17 22:15:23', '2021-08-17 22:15:23'),
	(148, 'read_projets', 'projets', '2021-08-17 22:15:23', '2021-08-17 22:15:23'),
	(149, 'edit_projets', 'projets', '2021-08-17 22:15:23', '2021-08-17 22:15:23'),
	(150, 'add_projets', 'projets', '2021-08-17 22:15:23', '2021-08-17 22:15:23'),
	(151, 'delete_projets', 'projets', '2021-08-17 22:15:23', '2021-08-17 22:15:23'),
	(152, 'browse_proprietaire', 'proprietaire', '2021-08-17 22:18:31', '2021-08-17 22:18:31'),
	(153, 'read_proprietaire', 'proprietaire', '2021-08-17 22:18:31', '2021-08-17 22:18:31'),
	(154, 'edit_proprietaire', 'proprietaire', '2021-08-17 22:18:31', '2021-08-17 22:18:31'),
	(155, 'add_proprietaire', 'proprietaire', '2021-08-17 22:18:31', '2021-08-17 22:18:31'),
	(156, 'delete_proprietaire', 'proprietaire', '2021-08-17 22:18:31', '2021-08-17 22:18:31'),
	(157, 'browse_villages', 'villages', '2021-08-17 22:19:39', '2021-08-17 22:19:39'),
	(158, 'read_villages', 'villages', '2021-08-17 22:19:39', '2021-08-17 22:19:39'),
	(159, 'edit_villages', 'villages', '2021-08-17 22:19:39', '2021-08-17 22:19:39'),
	(160, 'add_villages', 'villages', '2021-08-17 22:19:39', '2021-08-17 22:19:39'),
	(161, 'delete_villages', 'villages', '2021-08-17 22:19:39', '2021-08-17 22:19:39'),
	(162, 'browse_terrains', 'terrains', '2021-08-18 00:12:17', '2021-08-18 00:12:17'),
	(163, 'read_terrains', 'terrains', '2021-08-18 00:12:17', '2021-08-18 00:12:17'),
	(164, 'edit_terrains', 'terrains', '2021-08-18 00:12:17', '2021-08-18 00:12:17'),
	(165, 'add_terrains', 'terrains', '2021-08-18 00:12:17', '2021-08-18 00:12:17'),
	(166, 'delete_terrains', 'terrains', '2021-08-18 00:12:17', '2021-08-18 00:12:17'),
	(167, 'browse_proprietaires', 'proprietaires', '2021-08-18 00:25:49', '2021-08-18 00:25:49'),
	(168, 'read_proprietaires', 'proprietaires', '2021-08-18 00:25:49', '2021-08-18 00:25:49'),
	(169, 'edit_proprietaires', 'proprietaires', '2021-08-18 00:25:49', '2021-08-18 00:25:49'),
	(170, 'add_proprietaires', 'proprietaires', '2021-08-18 00:25:49', '2021-08-18 00:25:49'),
	(171, 'delete_proprietaires', 'proprietaires', '2021-08-18 00:25:49', '2021-08-18 00:25:49'),
	(172, 'browse_promoteurs', 'promoteurs', '2021-08-19 16:12:51', '2021-08-19 16:12:51'),
	(173, 'read_promoteurs', 'promoteurs', '2021-08-19 16:12:51', '2021-08-19 16:12:51'),
	(174, 'edit_promoteurs', 'promoteurs', '2021-08-19 16:12:51', '2021-08-19 16:12:51'),
	(175, 'add_promoteurs', 'promoteurs', '2021-08-19 16:12:51', '2021-08-19 16:12:51'),
	(176, 'delete_promoteurs', 'promoteurs', '2021-08-19 16:12:51', '2021-08-19 16:12:51'),
	(197, 'browse_terrain_projets', 'terrain_projets', '2021-08-19 20:20:58', '2021-08-19 20:20:58'),
	(198, 'read_terrain_projets', 'terrain_projets', '2021-08-19 20:20:58', '2021-08-19 20:20:58'),
	(199, 'edit_terrain_projets', 'terrain_projets', '2021-08-19 20:20:58', '2021-08-19 20:20:58'),
	(200, 'add_terrain_projets', 'terrain_projets', '2021-08-19 20:20:58', '2021-08-19 20:20:58'),
	(201, 'delete_terrain_projets', 'terrain_projets', '2021-08-19 20:20:58', '2021-08-19 20:20:58'),
	(202, 'browse_etat_projets', 'etat_projets', '2021-08-19 20:22:32', '2021-08-19 20:22:32'),
	(203, 'read_etat_projets', 'etat_projets', '2021-08-19 20:22:32', '2021-08-19 20:22:32'),
	(204, 'edit_etat_projets', 'etat_projets', '2021-08-19 20:22:32', '2021-08-19 20:22:32'),
	(205, 'add_etat_projets', 'etat_projets', '2021-08-19 20:22:32', '2021-08-19 20:22:32'),
	(206, 'delete_etat_projets', 'etat_projets', '2021-08-19 20:22:32', '2021-08-19 20:22:32'),
	(207, 'browse_coordonnees', 'coordonnees', '2021-08-20 21:04:18', '2021-08-20 21:04:18'),
	(208, 'read_coordonnees', 'coordonnees', '2021-08-20 21:04:18', '2021-08-20 21:04:18'),
	(209, 'edit_coordonnees', 'coordonnees', '2021-08-20 21:04:18', '2021-08-20 21:04:18'),
	(210, 'add_coordonnees', 'coordonnees', '2021-08-20 21:04:18', '2021-08-20 21:04:18'),
	(211, 'delete_coordonnees', 'coordonnees', '2021-08-20 21:04:18', '2021-08-20 21:04:18');
/*!40000 ALTER TABLE `permissions` ENABLE KEYS */;

-- Export de la structure de la table ardhi2. permission_role
CREATE TABLE IF NOT EXISTS `permission_role` (
  `permission_id` bigint(20) unsigned NOT NULL,
  `role_id` bigint(20) unsigned NOT NULL,
  PRIMARY KEY (`permission_id`,`role_id`),
  KEY `permission_role_permission_id_index` (`permission_id`),
  KEY `permission_role_role_id_index` (`role_id`),
  CONSTRAINT `permission_role_permission_id_foreign` FOREIGN KEY (`permission_id`) REFERENCES `permissions` (`id`) ON DELETE CASCADE,
  CONSTRAINT `permission_role_role_id_foreign` FOREIGN KEY (`role_id`) REFERENCES `roles` (`id`) ON DELETE CASCADE
) ENGINE=InnoDB DEFAULT CHARSET=utf8mb4 COLLATE=utf8mb4_unicode_ci;

-- Export de données de la table ardhi2.permission_role : ~231 rows (environ)
/*!40000 ALTER TABLE `permission_role` DISABLE KEYS */;
INSERT INTO `permission_role` (`permission_id`, `role_id`) VALUES
	(1, 1),
	(1, 3),
	(2, 1),
	(3, 1),
	(4, 1),
	(5, 1),
	(6, 1),
	(7, 1),
	(8, 1),
	(9, 1),
	(10, 1),
	(11, 1),
	(11, 3),
	(12, 1),
	(12, 3),
	(13, 1),
	(13, 3),
	(14, 1),
	(14, 3),
	(15, 1),
	(15, 3),
	(16, 1),
	(16, 3),
	(17, 1),
	(17, 3),
	(18, 1),
	(18, 3),
	(19, 1),
	(19, 3),
	(20, 1),
	(20, 3),
	(21, 1),
	(21, 3),
	(22, 1),
	(22, 3),
	(23, 1),
	(23, 3),
	(24, 1),
	(24, 3),
	(25, 1),
	(25, 3),
	(26, 1),
	(27, 1),
	(28, 1),
	(29, 1),
	(30, 1),
	(31, 1),
	(32, 1),
	(33, 1),
	(34, 1),
	(35, 1),
	(36, 1),
	(37, 1),
	(38, 1),
	(39, 1),
	(40, 1),
	(41, 1),
	(42, 1),
	(42, 3),
	(43, 1),
	(43, 3),
	(44, 1),
	(44, 3),
	(45, 1),
	(45, 3),
	(46, 1),
	(46, 3),
	(62, 1),
	(62, 3),
	(63, 1),
	(63, 3),
	(64, 1),
	(64, 3),
	(65, 1),
	(65, 3),
	(66, 1),
	(66, 3),
	(112, 1),
	(112, 3),
	(113, 1),
	(113, 3),
	(114, 1),
	(114, 3),
	(115, 1),
	(115, 3),
	(116, 1),
	(116, 3),
	(117, 1),
	(117, 3),
	(118, 1),
	(118, 3),
	(119, 1),
	(119, 3),
	(120, 1),
	(120, 3),
	(121, 1),
	(121, 3),
	(122, 1),
	(122, 3),
	(123, 1),
	(123, 3),
	(124, 1),
	(124, 3),
	(125, 1),
	(125, 3),
	(126, 1),
	(126, 3),
	(127, 1),
	(127, 3),
	(128, 1),
	(128, 3),
	(129, 1),
	(129, 3),
	(130, 1),
	(130, 3),
	(131, 1),
	(131, 3),
	(132, 1),
	(132, 3),
	(133, 1),
	(133, 3),
	(134, 1),
	(134, 3),
	(135, 1),
	(135, 3),
	(136, 1),
	(136, 3),
	(137, 1),
	(137, 3),
	(138, 1),
	(138, 3),
	(139, 1),
	(139, 3),
	(140, 1),
	(140, 3),
	(141, 1),
	(141, 3),
	(142, 1),
	(142, 3),
	(143, 1),
	(143, 3),
	(144, 1),
	(144, 3),
	(145, 1),
	(145, 3),
	(146, 1),
	(146, 3),
	(147, 1),
	(147, 3),
	(148, 1),
	(148, 3),
	(149, 1),
	(149, 3),
	(150, 1),
	(150, 3),
	(151, 1),
	(151, 3),
	(152, 1),
	(152, 3),
	(153, 1),
	(153, 3),
	(154, 1),
	(154, 3),
	(155, 1),
	(155, 3),
	(156, 1),
	(156, 3),
	(157, 1),
	(157, 3),
	(158, 1),
	(158, 3),
	(159, 1),
	(159, 3),
	(160, 1),
	(160, 3),
	(161, 1),
	(161, 3),
	(162, 1),
	(162, 3),
	(163, 1),
	(163, 3),
	(164, 1),
	(164, 3),
	(165, 1),
	(165, 3),
	(166, 1),
	(166, 3),
	(167, 1),
	(167, 3),
	(168, 1),
	(168, 3),
	(169, 1),
	(169, 3),
	(170, 1),
	(170, 3),
	(171, 1),
	(171, 3),
	(172, 1),
	(172, 3),
	(173, 1),
	(173, 3),
	(174, 1),
	(174, 3),
	(175, 1),
	(175, 3),
	(176, 1),
	(176, 3),
	(197, 1),
	(197, 3),
	(198, 1),
	(198, 3),
	(199, 1),
	(199, 3),
	(200, 1),
	(200, 3),
	(201, 1),
	(201, 3),
	(202, 1),
	(202, 3),
	(203, 1),
	(203, 3),
	(204, 1),
	(204, 3),
	(205, 1),
	(205, 3),
	(206, 1),
	(206, 3),
	(207, 1),
	(207, 3),
	(208, 1),
	(208, 3),
	(209, 1),
	(209, 3),
	(210, 1),
	(210, 3),
	(211, 1),
	(211, 3);
/*!40000 ALTER TABLE `permission_role` ENABLE KEYS */;

-- Export de la structure de la table ardhi2. posts
CREATE TABLE IF NOT EXISTS `posts` (
  `id` int(10) unsigned NOT NULL AUTO_INCREMENT,
  `author_id` int(11) NOT NULL,
  `category_id` int(11) DEFAULT NULL,
  `title` varchar(255) COLLATE utf8mb4_unicode_ci NOT NULL,
  `seo_title` varchar(255) COLLATE utf8mb4_unicode_ci DEFAULT NULL,
  `excerpt` text COLLATE utf8mb4_unicode_ci DEFAULT NULL,
  `body` text COLLATE utf8mb4_unicode_ci NOT NULL,
  `image` varchar(255) COLLATE utf8mb4_unicode_ci DEFAULT NULL,
  `slug` varchar(255) COLLATE utf8mb4_unicode_ci NOT NULL,
  `meta_description` text COLLATE utf8mb4_unicode_ci DEFAULT NULL,
  `meta_keywords` text COLLATE utf8mb4_unicode_ci DEFAULT NULL,
  `status` enum('PUBLISHED','DRAFT','PENDING') COLLATE utf8mb4_unicode_ci NOT NULL DEFAULT 'DRAFT',
  `featured` tinyint(1) NOT NULL DEFAULT 0,
  `created_at` timestamp NULL DEFAULT NULL,
  `updated_at` timestamp NULL DEFAULT NULL,
  PRIMARY KEY (`id`),
  UNIQUE KEY `posts_slug_unique` (`slug`)
) ENGINE=InnoDB DEFAULT CHARSET=utf8mb4 COLLATE=utf8mb4_unicode_ci;

-- Export de données de la table ardhi2.posts : ~0 rows (environ)
/*!40000 ALTER TABLE `posts` DISABLE KEYS */;
/*!40000 ALTER TABLE `posts` ENABLE KEYS */;

-- Export de la structure de la table ardhi2. projets
CREATE TABLE IF NOT EXISTS `projets` (
  `id` int(10) unsigned NOT NULL AUTO_INCREMENT,
  `nom` varchar(255) COLLATE utf8mb4_unicode_ci NOT NULL,
  `datedebutprevu` date NOT NULL,
  `datefinprevu` date NOT NULL,
  `description` longtext COLLATE utf8mb4_unicode_ci DEFAULT NULL,
  `budgetPrevu` bigint(20) DEFAULT NULL,
  `created_at` timestamp NULL DEFAULT NULL,
  `updated_at` timestamp NULL DEFAULT NULL,
  `deleted_at` timestamp NULL DEFAULT NULL,
  `fini` tinyint(4) DEFAULT NULL,
  `valide` tinyint(4) DEFAULT NULL,
  PRIMARY KEY (`id`)
) ENGINE=InnoDB AUTO_INCREMENT=3 DEFAULT CHARSET=utf8mb4 COLLATE=utf8mb4_unicode_ci;

-- Export de données de la table ardhi2.projets : ~2 rows (environ)
/*!40000 ALTER TABLE `projets` DISABLE KEYS */;
INSERT INTO `projets` (`id`, `nom`, `datedebutprevu`, `datefinprevu`, `description`, `budgetPrevu`, `created_at`, `updated_at`, `deleted_at`, `fini`, `valide`) VALUES
	(1, 'Etudes des bonnes pratiques d’accès des jeunes à la terre en Afrique :  Cas du Togo', '2015-02-10', '2030-02-01', '<p style="text-align: justify;">&nbsp;</p>\r\n<table style="width: 100%;">\r\n<tbody>\r\n<tr>\r\n<td>\r\n<div>\r\n<p style="text-align: center;"><span style="font-size: 18.0pt;"><span style="font-family: \'Impact\',sans-serif;">Etudes des bonnes pratiques d&rsquo;acc&egrave;s des jeunes &agrave; la terre en Afrique&nbsp;: </span></span></p>\r\n<p style="text-align: center;"><span style="font-size: 18.0pt;"><span style="font-family: \'Impact\',sans-serif;">Cas du Togo</span></span></p>\r\n</div>\r\n</td>\r\n</tr>\r\n</tbody>\r\n</table>\r\n<p><span style="font-size: 12.0pt;"><span style="font-family: \'Times New Roman\',serif;"><img style="height: 287px; width: 296px;" src="data:image/jpeg;base64,/9j/4AAQSkZJRgABAQAAAQABAAD/2wCEAAkGBxIQEhUSEhEWFRUWFxgYFxgXFxgaIBYfGh8dGR0aGhsYHSggIBolHh0eIjEhJSorLi4wHiAzODMtNygtLi0BCgoKDg0OGxAQGysmHyUtKy8wLTU1LTYtLS03Ky0tLS0rLS0tLS0vLS0tLS0tLS0tLS0tLS0tKy0rLS0tLS0tK//AABEIANwA5QMBIgACEQEDEQH/xAAcAAEAAgIDAQAAAAAAAAAAAAAABgcEBQECCAP/xABIEAACAQMCAwUFBQQHBwMFAQABAgMABBEFIQYSMQcTQVFhFCIycYEjQlKRoRVicpIIJEOCscHRMzRTY6Ky4VRz8CU1k7PCFv/EABgBAQEBAQEAAAAAAAAAAAAAAAACAwEE/8QAJxEBAQACAQQBAwQDAAAAAAAAAAECESEDEjFBIjJhgVFxkaETweH/2gAMAwEAAhEDEQA/ALxpSlApSlApSlApSlApSlApSlApSlApTNM0ClKUClKUClKUClKUClKUClKUClKUClKUClKUClKZoFK4zWFbapFLI0cbBymzldwhxkKSNubHh1oM6lcE1i6nfpbxtLIcKu5/+f5Urluuays18p7hY1LMQFAySfCtLqt/JPaGWy94kEoTkE4PVRjcnG2cA1pOINVt1s+61G6WKZviUNls5+4kRJK+QIPhmo7vUZ3qesZ639ks1LVY4I2ldgFX1G568o9T0FLHVY54u+jJZME7A5OOoA8fLaoNaa9zW3s1ppd5cxBeXmdUt1YE9CZCpO3U43rMtLnWFQRw6ZawoM4V7otjJzj7Ndvoa78tuzv3+P7SHQeIo7wOYw3uMwOVYdOnUfERvjqK76VxDBcu6Rt7yHBBBHgN8HoMnG/kajVousw55LDTwDjISeVc428U6+tdLHUr20Lc+huA27NbTxSZO+/KxUlvXxrmsuHJOpxuz7pvb3qOWVGDFcZxvjO4rIzVb8O69pkFw7O8lvNL1S6jaI8xJJwSAhznoKkPDguzPK8rq0JA7vfmyN8YZcLkeOx8N6d19wmeXHdPKUUrTaPxFDcyPGhPNHswOM5BIOMHcDHUbb1uOaqll8LxymU3HNK6k1jWt/HIWVWyynDr95D194dR/nXVMulcA1zQKUpQKUpQKUpQKUpQKUr43M6xqXchVUEsT0AG5JoPozgZJOAOp8q0HF3Fttptt7RK3MDtGqkZlPUBfTzPQCoRw9r7cQXsrEsmm2u/J09obflMp/CAObk6dM53qrOPNel1nUeWEF0D91bRr+HOMgfvYyT5Y8qDfW3EOqcSXYtklaCA+86xEgRoDglm2LHfAB6nw2q/NE0mGygSCBAkaDAH+JJ8STuTWg7NuEI9Ktu6yGnbDTuPFj0UfugdPz8a30mqRd77OH+1wdsdBgHPy3/PbzrlunLZHbU53MT9xhpOX3QGXx6HfbHj9KiV3xAkdnjU1+0lz3cSKHeTOw7qMZYEeZ6E9axJJpNPle0tGNzeXB5lRiAkKbfazED3VBLYUddgBUh4Z4SS1Y3Ezm4vJB9pO/Xz5Yx9xB5D61Mm+b/DOY3LnL+GksNFv7tORj+zLXwhgwZmB/HJ0jz1woznxqS6HwlZWfvQ26B/GRhzyN6l2yxrdiuc1c4aSa4gKYpmmaOua4xXNKDGvrCKdSk0SSIequoYH6HaonccC+zkvplw9o25MR+0gf0MTH3fmuOpqa0oK+0viIWbmC9tUs55NkkU/YTsBgBZMe4TjHKwFbvh1rqJZHvXUqCcNnoq7Z6Y5SN+at3qWnRXMbRTRrJG2xVhkH/551ANQtpdJRopXln0t/dLczGSzyfFh7zwb465A8xU3H3GeWHuelh29ykg5kYMMkZByMjqNqh3aVwi17F39q7RXkIJjdCVLjqY2YYOD1HkfnWXa39rpdtEO+543wVOebIxksgH3M74HTNSiF+ZQcYyAcHwzvTG78+XcM98Xz7UVwH2xzRSC31L3lzy99jDxnp9oPEZ6nYirziuVYKQ4IYZXBHvDrkeY3qj+3HgTlZtStl9049oUD4T07wDyOwb8/OunZBq37Qt5NKncrJGveWkqsQ8fmFYb+6cEDxBI6VS18g1zVY9mnH0k80mm3+BdwllD4x33IcHbpz+O3Ub1ZooOaUpQKUpQKUpQdWbHWqj7dOKeWxihhb/AHpiSfxRJ5ejHl38R86kXarxCLeKC0DYe9lWE46rGWCyMPXDBR8/Sq3/AKQkZa+tYYx/YBUUebOVAA+gFBsOGLaa14cYW6Frm/kZY1XqQ3ubegjRmz4Zr7aVZWfCsHf3TCbUJFwkakHk/dHkv4nPXG1Z/GPH0Wi20WnWgWS5iiRC3VYcKBk+bnrj86iPZnwVcatc/tC9LtCH5yz9bhhuFGfuZ6+HgKC3rLVjZWKXF4GaWXMknKPvuOYRjyAXCD+EZ861/FFzAjxTW0az31xlbdScg9Mytn4UjAzkY648az5Ncs7pLgTx4jtw3OXXPKAuHOcYDDcDfJ8K+fAunyTM+qXKkTXAAhQ9YIBuifxN8TepqJ8ufTGfO74s9fu2nCXDi2MZy5lnlPPPM3xSuep9FHgvgK3rsAMnwr5zhse4QD6jOfyqpuOe1Ll721tQHO6NMfhXOQVRfEjpzHbOaq3TeTbH447V2LiLTyVEcmWmYAiTlyOVV8UJ8TjONuuah+r8f6ldAK9yUAHSEd3zepI3z9celRgDG1c1jcrXomEjJbU5/wD1Ex6/2snj1+9V69nHFViLS2tfbFaYLycrgozNk7AN164BzvVA0BI3BwRuDnpSZacyx29WazrVvZx97cyrEmcZY9T5DxJrJsr2OZQ8Uiup6FWBH6V5cv8AiG6uIkt5rhpEV+dQ55iDgj4j72ME7HzrAt5WjPNGzI3XKMVP5qRV97P/ABvXPMK7A15U0u8aSY89xIjyMoEveN7r8wKmTfdM7HOcZz4V6nhzgZOTgb+dVjdpyx0+ldJYwwIIBBBBB3yD1BFd6VSVb3NkukzRwyLz6ZPKOTO4s5s5VT/yXbp4A1JINdVbsWawlQFHKxHKB12Geo2GMdcHyrcatpsd1C8Eq80cilWHof8AMdc1DOHNVktEuLOdTJc2agq23NPBv3cuWIBK7qfUetTlPbPOe5x+r68Z8RjS545JwWs7od3LtnupB0fHirKcMP3QQOuYBrPCB027t9Y0wiWzDiR1Q83do3x4x1j5SfVfGrC1LTTrmmvFMvcu3wHBJR0xhiCAcE+HkapXRtd1Hhu6a3lUmPPvwscpIOnPGfAkeI+orsu5tWOUyksZXbBE1lrAu4Gx3giuI2HTmAwenUZXJ+dX9w9r0d3FC67GWFZQvodjj5Nsfp51TfbHdQalY2mo2pyiO0LjGDHzjIVx4YK48t/WsrQ9aNpoWn32/NbXLIf343Z1dD6Ywfmq11S86V8LO4WVFkQ5V1DKfMEZB/KvvQKUpQK4Nc1wTQedu1PVzLr8KE+7byW6AeWWWRj+o/Ktn21agttq9rOU5zHb8yLtjnDPyE58A2D9KgPH85XWLpz1W5J/lIx+lXfxnoNs16NUvyBa2tuvKDv3khZiBy+IGRgeJI8qCteD+BRIj6rq7mO2GZMOSGuCd8nx5WJ2HVvQVcMHEQtbCG4eEosgUpGq4ESt8CHHTCY+ZBqldS4gueJdRgtgClv3g5Yh0VF3Z3x1fl+g2Aq97jVrb2hLNkLMF90FCQOi46dOUn3unWpzup5R1LrHzqo/r8Md7cW1hFHyRygXN0OXlJhiPuRsMffcjY+ANWAo2qGcAKJ5b2+xtLN3MXpFb/ZgD0LcxqXxSZ+nXHTNdk0qTU0g3bDxDLZ2ipCGVp2MZkH9mMZOD+JhkDy3PhXn+rf7e9RQi2txguGaU77qMcoyPXJ/lNVDWWd5ejpzgpSu8CBmVT0LKPzOP86ho32h6fbuxgMsUktxbYgJB5YJ2O0bE9JDjAbwLDzrRNAy/ErKA/ITjoR8S56cw8s1N04KnOpzxWXPFHbPlZ2HOImEYkUe91JJ9cZ+VZupcFPKwhhuWSHntGMb5f7W5U88udt/T1PSr7eGfc1FvDHA7WTXCm0vLcSwvKir3cjrmJ3PVGDJynBxgitHZWLsTb+zrI88ixQzc7cqOrgMY2A5XU9CfLepBPwxeXUXKYl57SD7FlBLXUSyNGq45sLy4YgkZwd611jw9ey2kd1z8lssyLFlzkNJIsZdFHTDYJJwdtqWObfLWY7V5VgEgRLeBomm7r/eJY8/cXcKT7oY74GTVy9j+vPeWAEuS8DGIsd+cABl38SFIU+oNVbxDwK8F1PDHP3iwRRzyPJsxEjcpxgYLZyd/wA81uZUvdAmWaN2nsY5JIeQgkojckkjMEUBSWyQ2/TG2arHcrmWrF50r5xyBgCNwRkHzBr6VoyKhXaFAbfudTjGWtWxMB9+3cgSqfPl2cfwmprXwvbZZY3jcZV1KsPMMMH9KCPnX5PbEgWLMbqCJOYY394HIHUqPh6mo52kW1pcXEVnf4RLlT7LPsDDKuzIT+FsocHbIPmMduHOIntNN5HQyS2sz2j4x1jPusQTk5jwds1x2v6MdR0rvUjIkhxOqnGeXHvj3SRnl32PhUY3mzbLC6yuO9+1O63pl3opubK5QvDcIQrD4HKkNHKufvKRuOuCR5Gt9duBwnCPO7IH8zmvtwJxbDqMI0jVTzK/u285+JG6KpY+P4W+hrv2g6NLp2h29nIclb6T3vxriRlYfMEVbVYnYfqpuNKiDHJhZofouCv/AEkVYFVB/RwJ9kuR4d+CPqi/+Kt+gUpSgVpeK9SNvBzL8Tywwr85ZEjz9AxP0rdVWPbjrBtYrJvAXkcjeoi9/wDxxQVH2zaeYNWucjAk5JV9QyjP/UGredufErTTxWSt9nBGjOPORlzv/CpH8xqQ/wBITSVlhtdQTddo2I8Vf30P55H1rQcB8O/t3Upr2dMWyPzsrbhjgckRPQgKAW9MDxoJp2I8JCyh9qnGLi4TmRSN44tsfVicn0xUn1bWrPku7iPlaa3ikbmG5HIhIII6Lkkepz5VreCOIRqOpX80e8EEcUER6hsNIzMPmfzAWvlxzBarp981uR3sg7uTB3y0oTDD0OQNvPzqct7jPPe54SjgLT/Z9PtYj1EKs38T++x+eWNb4rXS3QKqgdAoA+gr61TRTvbhw9KzLfKAY1VY3AX3l3OGZs7r72Om3yqo69a39os0bxOMq6sjD0YYP+NebONeDZ9Kf7T34GOI5gDg+j/hf9D1HkM88fbbp5ekdrlWIII6ggj5jcVlfsu45Q3s0/KejdxLg/I8tSLTOzXVLhOcW6xg9BM/dsf7uCR9cVnJV3KLX4FuhdxG/WQxpKD7VCVBXvUXkd0Y7qCACRv0HQ5rbJA0oVZIkjjjdJIXjkVhIIzmMEMoI93H64qJ9m0rW2nm2kQh2mvUPT3DGCTn8sVvraZHs7OEMCwWz5x4gSDAP1wcfKtowvlG/b72ZrW6W4ih/aDezIix5MEQLyB0cnDSEKdyuMuuBtvxxhwuNOtYltriXuTc2yyQyvzgkyqwZCd1bmGTjYgnauY9OhvYYdMnm5JoBz2F1Ft3qJ7nMo2+0XHKyeY5h6be44WaJ0vNR1J7mK1BkVHjRFDAbOQp95h4DxOKD6SRD9q3zmFpwLW1QxKFJbneU598gYHL4mtlqdjLcWrohW3E4Y3QkHeNGHUB1Xlbk5wvnkDY74rWcLM3tL3twwVrmEsVLDEKJJyxRnw51BPN+8WFZljeKguo2zzS3FyF8fhjDHJ8NhXRAdC7S/8A6kSZBHYPyxqHBPKqDlSTPVWJ6525SM7jNTHWO1fTbfmCytOygkCJSQSM7c5wo6dc9K882/wL/CP8K3vCGim+vIbcDKs4aTbpGpBfPzHu/wB4VnM74aZYTy9OaZdd9FHJyledFflPhzAHH0zWSa6xIFAAGAAAB5AdK7mtWKB2k62mpairLlWigu8DHk0LkZ2+6KkfDmqpeQh1QqvTBUgeWBnYjHlWi1YBdahLLzLJYTKwxnPdyK428fiO1bzh3Vba4V/ZyAFc5A26nPNjqATn9ai/V5Z26znP4ede1jg/9n3RkiH9WnLNER0Q/fj+hyR6fKs7jHiN7/RLFpDzSRTyRSHxYqmVY+pUj65qe2ccOpjUdFuGxLFPNJAx6gO5kVl/gL4I8VYVSd9BcQltNePDi4G2+efHdjH7pBBz47VbRcHZRzWWim66c92jtn/h88cTf9PMauQVV/aWE0zQBaqQCVigXfBYghmI9cBjVg8P3RmtbeU9ZIYnP95A3+dBsKUpQKqH+kfCTaWz4+Gcg/3kP+lW9UK7X9GN5pc6qMvGBMoHjybkfVc0EI4Xvf2pw3c2ze9Laxso8yEHeRH8hy/SvpxpdroWiQ2MBxNcLhm8cMOaV/rkIPLPpUL7ENb9m1FYWP2d0vdMPDm6ofzyP71fDtr1Qz6rMn3YAsSD5DmP/Ux/IUFo9gWlBdMeRh/t5XPzVQEA/MN+dffjPR4LXTbkwtnnlidhkYHLMnQeHL8P0qVcHWC2tlBaZ9+KGPnA6gsCSfq3NUb4o4XEVhqTCRnaSKR8HBPufaLvjPN1qMvMumeU+Uuvz+iw0Ow+VdqwtGuhNBFKOjxo38yg1m1bQro8YYYIBHqM13pQcYpiuaUGm4kvEt7W4mI2SN2IGBzEqfE4GT0qvNL4rskaPmuYxiPTlOc7GLn5x0+7kZ8s1Zeu6THeW8lvKMpIvKcdR4gj1BwR8q808V6BLp1y9vIebGCjj76nOG9D1BHmDUZ2xeElWFo+uW8txpsMcgeTvNwB8PK1wx5j4ZDAjzzVgdoZAsZCegktyfkJozVE9myk6rZ4GcSEnA6AI+/yq7O1f/7Tdfwp/wDsSkvBlNXSMy6pB7O476PeOb76/wDq8+flWFqXGlpBcyIzOxW4umJReYESRBVwQcHJ226VUPIPKuTt8hUd7T/HpkaNpstw8dvCvPK+FUfIbknwUDcmvRHAPBEelxk8wknkxzyYxsNwiDwUHPqfGtZ2R8JraWy3Mif1icZJP3EO6qPLIwx9T6VYIFXjjrlGeW+AVzSuDVs0K19l/bFpzfCLO7LfImMHpW+4c9m5GNry93zn4fhztnl9Pl61Hrtkk1qQu3KkNgqFs4wZ5T4+GQoqQcOaZb28Z9nxysxPMPEZOBnxC9B6VN+qM7vvnj/akO1G4k0rXlvYsguscuPBsDu3U+hC/rU51PQIdQ1PS9TiwY5EZ32692vPGTjbIJwflWl/pFaeJILe6U57qRoXx4c45hn5Ff1rnsZ4pEOk3RlORZFnX+FxzBf5wR9RVNEU7e+IPaL4Wyt7lsvKf/cbdj9Byj6Gr+4UiKWVqh6rbwg/RFFeT9GtJNSv442957ifLn+I8zn6DJ+lewokCgKOgAA+m1B3pSlAqL6/rfs+oWMLnEdytwm/QuO7Kj/uH1FSiqx7e9Nd7GO5jJD2syuCOqhsLkfJuU0FWdp3Cz6PfiaEEQu/ewHGyMp5in0PT0rK/ZXt/ESr1SWZJz4+4UWff0wQKsfh7U7bifTWtrnAnQDvMdUcbLMnofL5io72Q6RcQazcRXe8ttbd2p8OXmRVK+Y5OhoJjBrfLxFLbZ2ks4x/ejLv+eHNbp+G2a6kmaYsjoVKEDB5gVOw6ELgBuvWqasNc7zirvs7G5eEfwhDEP8AWrq4q0qe4MRhlCBWAbY+8rEc2dxlcDp+oqM5xvTLqzjet6YfZfKfYEgb47V5bZs/8pyF/NOU1Lqg+mE2WrSxPgR38YmTy76IBJFH8SYb6GpuKtqGuaUoFK4zXNAqoO37Txi1uAm4Z42bboRzKCPmD+tW8aovtw1t5LtbQN9nCiuw83cHBPyTH8xqc/C8PLO0GAaLpX7SSMT3NwFw4GUgVugYjoo+95tgbV9ZuJJ9S4fvpbjk51kWMcilRgNE3Qk7+8ag3C3GdxYJJEFWaCQEGKQnlBIwWXY49V6H51u9CvYl4evomkQSNMuFyATkxYwOuNj+VRtfagJrhq5NcE43O1ZtdvS/ZvqCz6dbMrFisYjcsckMnusCfPb9akwqG9lluY9KtxIpTZ397Y4LFg35HO9Yuvcdqt9aWVowlZ5l79l97kQ4HLt4kHJPgBnxr0beWzlPq4NBWi421o2dnLKozJjkiXxaRzyoB/eIP0rriNcPQRXralPK/Kk9wYk94Dmjt1EZOfw85aphpFglpAI1JKou5JJ6DfGTsNunSo1ZcGoLaztxOQbfHNyke8w3kbofe5/Pb0rdcY3Jt9PupM5KW8pBPieQgfrUT6t6Z4zedtn5V1pb/tjQ9Rx7zme4lUeoIlQD6YFU9p2sCKxurcE81w8Py5I+Zjk+ZPKMVaX9HC+yLu2Pj3cg/VG/yqM8A9nvt+oTK4/qttM6ufx8rELGvzxk+nzq2iTdjHDS2VvLrF17oEbGHO2EAyz7/i6D0z51bHB1001lbSvnmkhRzn98c3+dVH2u8V+1SR6NYkcvOkcpTGC2QFiGPursTjxGPCrt060EMUcS/DGioPkoCj/CgyaUpQKw9X09LmGSCUZSVGRvkwx+dZlcGg8kF7rQtRbkPLLA5G/SRDvuPFWXB/8AIr0TwfqdrqhTUoNpe6aCRdsrkq/K3yIyD5Ma0XatwQuqgtAALyBQRnbvkOcKfqDgnxyPGqY4K4muNFvOZlcAHknhbIJHyP316g/60Gv0u5aLUo5GJDLdqW+feb5/WvU6akJ2ubYYWaLbBJwVkXKPtvg7jbxBrzZ2kWscOotPAwMNxyXUTDphzk/k4YY8KsrtJ1ptM1Gw1JMlJoeSYfjRSrEH94B8j1AoVI9R4Zu2s2Yyh7uCX2i3YjcumQFY53V093G3UVLuG9ajvraK4j2Vxup6ow2ZG9VORWo1SzlvGt7i2nCw+4+2Tzg+8GwTy7bfn6VqbmYaNeNLkew3TL3wA2tZ22EpA6RyYAPkcHxqMeOGXT+Px14/tYNK6xtkZHSu1W1MUpSg4NUn248OGOZL9MlZcRy/usowh9AVGD6gedXbUV7T7Qy6ZdAAkrH3gA8e7IfH6VzKbisbqvNdccoznG/nXNK870hq6OyjgW2MEd9MFneQZRSMrFgkdD1k2wSemNqqfh7R3vrhLaNlV5M4LZwABkk436eH616T4O0IafaRWvPzlAeZsY5izFiQMnAya0wjLqXjTUdq90kel3AZ+UyBUUDqxJHu4HgQDn0zVe9hmid5dSXRX3IF5E/jk649Qn/fUy7XOFrjUIoPZkV3jlJIZguzLjOTtscZrf8AAnD37Ps44Dgvu8pHi7bnfxA6D0Aq9cs5dYt/JKFGSQNs/QdTUHuJRqGqBcj2bT2znIxJcuvuqPPu0JP8RrY8ba28IS3tVD3txlIR/wAJTjnmc+CL19SBWDZ8K20lpHaQ3DHu2JkZX9525vtHceLlg2CelMrqcMs8rJx5bbROH+4nln75n7zwPKfLfIAwc56bdPKor2k8SCbStRMYBjR0tlcH425lEmPQE8v0NZPalxT+ybARxuPaJV7uLAA5QAA0mB0wNhjxIqE8SW3svC1qnjPJHISepLky5/LFdxkk1DDGYzUan+jySNTkx09lkz/PH/nUn7ReL49IgOnWTf1mRnknkH9mZWLsf4yTsPurj0qF8D65+yLG4vAB7RcnubYHwVN5JT+6GIHqRitBwvw5daxdciczFm5ppmyQgJ3Zj4sfAdT/AIdWm3YHwuZ7pr6Qe5b7Jn70jA5Pryg5+ZFehRWm4S0+C2tlgtlxFGWUH8ZBwznzJYHet1QKUpQKUpQQztFnms1j1KBOc2+VnT/iQORzD5qQGB8N/M1qtT0HS+JoPaIXCygYEi4DofwSrncfP6GrEnhV1KsoZWBBB6EHYg15p424euuHbwT2cjxwyE91IDnHiYnB2OPDIORig1XGugXunRpaXUeY0d2gmXJUhx7yA+AJHNyncHPnmp/2kKLzh2xuhuYhDk/Ne6YfzAV24e7XbW9j9l1eBQH90uFJjbw95eqn1HT0qWpwhE2lXNlaTCW3lVntjzBuQn3wvOPiXnAIPXc5oNR/R+14z2b2rtlrdvdBP3HyR9A2R8iKlUHDkNuLg3EoeGYYdXJVBzbEcpOMYwAeoqheyfWTYapGJMqshNvKDty8xAGfUOB+tXpZ66k082k3jcs4Hun4RcRncMvk2NmA8QSKnKb5RnhLz7nhreHta/ZpjgmkMljLj2S5Jz3WfhgnPgR0Vj8jViKah/EKQWFn3Hs3fQuSpU8pGCcnm3BJxnB3OwJPjWssRe6SitFHJdWJHN3JIa4tQd8IQSJUA+7ksPWky9e3MM9/G+faxaVqtA4gtr6Pnt5VcDZh0ZD5Op95T6EVtc1TQrq4znNdq4IoPMvaHoi2WoTRR4CNiRFH3A+TykeGCD9MVHAMkADJY4AG5JPQADqfSvUOscIWN5Ks1xbJI6jlBbPTOcEZwfr5mvrp3DFlbNzw2kMbfiWNQfocbVneny1nU4RDsp4FNkgurlf6y4wFJ/2KH7vlznx8ulWMBQCuruAMkgAbk+VXJpnbt2NR3i3idLJVRUM1zKeWCBfikPmfKMdS3gK1mocaPcM0GlxidweV7htoID6v99v3VzWCunvpkqS8rXdzOR39w+xx05VUDEcQLA7eGc0ysk2jPOYTdd+FoI4p5BeSd/f3CjvmAJVBk/YR/hRB4+PU1KNA0GOzDCMn3zzMD0z6eW22PSvs2nQ8/tLqBIFGXJ+EAHIBPRdznzqFaz2hA215dW5/q9upijkI/wBvO2AOT/lpnr4n0G8yc7qccbbvLX2/ZUXahq51PVmRDlUdbaPHo2CfqxP6VNv6Qkyw2tjaA9CWx6RqqD/u/SoN2Q6E15qcJxlIG76RvLl3X6l8frVw8Y3OmWV37dqMolmVQtvAAGMYG+Qn4yT8TbDbFW0VtwD2TXF9yTXZaC3G6qc88gO/uqfhU+Z39KnWscQW9l3ejaMqi4lYR8yYYQZ+J3bq0gGT6Yz5Cq8407Wry/5ooP6tAdsL8bj95/D5L+tWF2KcBNZIb24UieVcIh/skO+/77bZ9MetBZmlWKW8UcMYwkaKi/JRjf1rLpSgUpSgUpSgVgazpMN3C0E8YkjcYKn9CPIjwNZ9cGg80cc9lc9nI5tOa4iADcoGZI1OwJUfEuRjmXp4iozwtxdeaVLzQOQM+/E+eVseDKeh9RvXqTiTRDcoDHKYbiPLQzL1Q+IYdGjboynr8wDVTa1xVac5tdf0oCddu/hXZx+NSCrYPXYn6dKCMcWwQawDqFgOS4A5rq1+8CNu+ix8S9M438cZzUq4qA1nSINUtz/W7QASlD7w5fjGRvttIPQnzrUjQuHZiJLPVpbRx05yRjPqwDD+at72eaBLp07G3v7S9tZhyzIsoVvRwpJUkdDvuKDZ9l3aYl+FtbwqtyBhGPSfbw8BJjOR4+HlUy4j0q4maH2eYxhDzEbAbbDGxwSCR5elUz2jdlk1q5utPUyQZ5uRMl4T12xuVHgRuKkvZh2so4FrqMgSQe6kzbB/DEn4X9T1+dTljtOWEymqknGGm2QniJEsN0+yz25KSZ25QxxyuCdiGzWR7TrFkQrLDqKb4IYQTYHmrZRiNs4xUsltIpuVyqvseUnDDBxnHh4DetXr/DxupYpBKyiPJI6g9MDl8QfHfeufKfdF78d3y1ido9sm11BdWjePfQPj+dAVx65rPg4+0t8Y1C3385FX/uxTiSO9LxC25eTOH33x1PUEDYbHzNYXFtqVEZisYZS7crc8UTAZ2HXfIP086dxerre5eGzk4101dzqFt/8AmT/WtfP2laYDypc9834YI5JSf5FI/WsfiLSkhjRrXToC5IDZt4ts+7vjxBI6ZGAfCtjrdpcezj2RBFJ1OOUEDG4woILHw6YO9Ll5dvUk354aybi+9nH9U0x0Xf7a8cQKBjPNybuw8egrU8QaTIIfadUuWu1+7bw/YwAkZXmGed1z4k+uKl+qaG93arDK4VsbsuTkgYHxb48/PcVsrLT1jiSM++FGMsS3z3bJpe6+HLc8uJNcef8AjRX+iC6tYkts2yAAqoVkAA3C8gwMZA6it/AoiiHO2yr7zOc9OpJNdb+/htYjJNIkUaD4mIAGNgB/pXn3tB7Q7jV5PY7FZO4JwFQHnuPVgBkJ+79TXZjN7VjhJe72zu0PjqXWLhdM08nuXcRlht35Jxn/ANodfXGTtXHaZCF9k0GxXm7kc8mCBlyDu56DYlyT05hUi7O+zq402F7xo1kvnQrDGWwkHN1Lt4nzxnAyB1rXx9i88rvPfakqtIS0hjUkkt1HM5Ax4dPKqWi78Xx6RbGx0xw8r73N4N+ZunLDn7q9A3zwN81D9K0q71KYrDHJPKxyzbnr953Ow+ZNXPHwXw1YYa4uUlYeEk4PT9yPr8q+tvxz7VINP0C1VB964MYVIV6FwgG/jgt4+BoMvs47KIbErPdFZrkYwo3SE9ds/E/qdvKrRArA0TTBbRLGGZz1d3OWkY7szE+JP0GwGwrYUClKUClKUClKUClKUHBFabifhi11GLurmIOB8LDZkPmrDcH9K3VKDz7xD2F3KMTZzpMngsp5HH1A5T+lV1xHwxd6eyrdwGItupyGBx5MpIr1nrNnM4DW8/dSr05hzI/7si5Bx6qQR5+FQa+7TDZSdzqunyQt4SR4ljf1Utg/TcigoTRb2+DD2R7jm8BEZD+i1Mv/APG67qoHf24GNxLOsUbeWCyjvGHzBqxZ+2zS41+zjnY/hWML+pOKh+v9utzJtaW6Qj8chLt9AMKD+dBJeEeze705eeXWXhQDdYscg+s4K/8ATW017tg060HJHI93IBj7MDBPmX2X+UGqA1XW73UZB30ss7k+6m53/dRdvyFWLwV2NySAT6k3cRD3u6BAcgeLt0Qfr8qDa6X2pavqUpjsNPiIHxFizBR+8+VUVJtW40vtNjEmox2XTISKeQSN/AjRkH+YD1qNav2iJFy6bw/bKzZ5Q6J7oPQlB94+cjbeO9SLg7sxWN/a9Sf2u7bDHnPOkZ67A/ER5nYeAFBj3nbDCscTixuFEpwrzgRx59XHNkfIVnX2q688YmtIdOlQjmURyySFh6FggP6VO72xjmQxSosiMMFWAIP0qrdb4SvdGZ7vRpGaLPNLZt7y48TGPEenxep6UGtte22e3kMWoWBRl2bu8qw/uSbH+aphDxpbarHyWOpC1mOdnjTn/lk2/LNaCy1rS+J4vZ7qMQXYBC/iB8TE5G4z1Q/lVZ8cdmd5pmX5e+t/CVB8P8a9V+fSglHF/ZfrUr949wL7G4BkKH5BGwo+hrVXfEeq6WGSHTY9PUjHMluXJ+cshbNR/hztC1KxwIrlmQf2cv2i/TO4+hFWXo3bzGQFu7RlPQtEwYfytg/qaCrrzj7U5c89/Nv15W5f0QCtXH7VdnlHfzny9+T/AFq+5u1HQSC5j5m649m3/MjH6120Pi++1V+TTbQWtrnDXMqgnA/4aDClv5gPGgrrhbscv7pg1wotYs7lsF2H7qA7H1bH1q/OFeF7bTYRDbx4HVmO7SH8THxP6DwrZWFsIkVOZnx1ZzlmPiSfM+m3lWTQcAVzSlApSlApSlApSlApSlApSlBwRWJqWmw3KGOeJJEPVXUMPyNZlKCrtW7ENOlJaJ5YM+CkMo+Qff8AWsK17BbNSDJdzuPIBFz9cGrdxTFBoOGuDbLTlxbW6q3i595z83bf6dKpztK40udVuv2ZZK4j5+Qrgq0zDrzA7iNeuD5ZNeg61seh2y3DXYhUTsgRpMblRv8ALPr1Ow8KCP8AZzwHDpMW2HuHA72X/wDlfJR+vjUypilArgiuaUFPdrnZt3mdQsVKzJ78kaZBfl37xOXpIOu3X59c7sf7QX1FTZ3Slp40z3nKSJVG3v7YV/nsfnVpGtdpWhW1qZDBCsZlcvIVHxMfH/wNutBF+IeynS7wlu47lzk80J5Nz4lfhP5VFz2BW2f99mx5ciZ/P/xVw4rmgr3Qux/TLYhmja4YeMxyP5AAp+tT+GJUAVQFAGAAMAegArvSgUpSgUpSgUpSgUpSgUpSgUpSgUpSgUpSgUpSgUpSgUpSgUpSgUpSgUpSgUpSgUpSgUpSgUpSgUpSg//Z" /></span></span></p>\r\n<div style="page-break-after: always;"><span style="display: none;">&nbsp;</span></div>\r\n<p>&nbsp;</p>\r\n<p style="text-align: justify;">&nbsp;</p>\r\n<p style="text-align: justify;"><span style="font-size: 11pt;"><span style="font-family: Calibri,sans-serif;"><span style="font-size: 12.0pt;"><span style="font-family: \'Cooper Std Black\',serif;"><span style="color: #5b9bd5;">Information sur le Candidat et le Projet</span></span></span></span></span></p>\r\n<table class="MsoTable15Grid6Colorful" style="border-collapse: collapse; border: none; margin-left: -1px; width: 651px;" cellspacing="0">\r\n<tbody>\r\n<tr>\r\n<td style="border-bottom: 2px solid #666666; border-left: 1px solid #666666; border-right: 1px solid #666666; border-top: 1px solid #666666; vertical-align: top; width: 208px;">\r\n<p style="text-align: center;"><span style="font-size: 11pt;"><span style="font-family: Calibri,sans-serif;"><strong><span style="font-size: 12.0pt;"><span style="font-family: \'Times New Roman\',serif;"><span style="color: black;">Nom et Pr&eacute;nom</span></span></span></strong></span></span></p>\r\n</td>\r\n<td style="border-bottom: 2px solid #666666; border-left: none; border-right: 1px solid #666666; border-top: 1px solid #666666; vertical-align: top; width: 227px;">\r\n<p style="text-align: center;"><span style="font-size: 11pt;"><span style="font-family: Calibri,sans-serif;"><strong><span style="font-size: 12.0pt;"><span style="font-family: \'Times New Roman\',serif;"><span style="color: black;">Domaine disciplinaire de la proposition</span></span></span></strong></span></span></p>\r\n</td>\r\n<td style="border-bottom: 2px solid #666666; border-left: none; border-right: 1px solid #666666; border-top: 1px solid #666666; vertical-align: top; width: 217px;">\r\n<p style="text-align: center;"><span style="font-size: 11pt;"><span style="font-family: Calibri,sans-serif;"><strong><span style="font-size: 12.0pt;"><span style="font-family: \'Times New Roman\',serif;"><span style="color: black;">Titre du Projet</span></span></span></strong></span></span></p>\r\n</td>\r\n</tr>\r\n<tr>\r\n<td style="background-color: #cccccc; border-bottom: 1px solid #666666; border-left: 1px solid #666666; border-right: 1px solid #666666; border-top: none; vertical-align: top; width: 208px;">\r\n<p style="text-align: justify;"><span style="font-size: 11pt;"><span style="font-family: Calibri,sans-serif;"><span style="font-size: 12.0pt;"><span style="font-family: \'Times New Roman\',serif;"><span style="color: black;">Antoine Innocent HOUEDJI</span></span></span></span></span></p>\r\n</td>\r\n<td style="background-color: #cccccc; border-bottom: 1px solid #666666; border-left: none; border-right: 1px solid #666666; border-top: none; vertical-align: top; width: 227px;">\r\n<p style="text-align: justify;"><span style="font-size: 11pt;"><span style="font-family: Calibri,sans-serif;"><span style="font-size: 12.0pt;"><span style="font-family: \'Times New Roman\',serif;"><span style="color: black;">Jeunesse et Foncier</span></span></span></span></span></p>\r\n</td>\r\n<td style="background-color: #cccccc; border-bottom: 1px solid #666666; border-left: none; border-right: 1px solid #666666; border-top: none; vertical-align: top; width: 217px;">\r\n<p style="text-align: justify;"><span style="font-size: 11pt;"><span style="font-family: Calibri,sans-serif;"><span style="font-size: 12.0pt;"><span style="font-family: \'Times New Roman\',serif;"><span style="color: black;">Etudes des bonnes pratiques d&rsquo;acc&egrave;s des jeunes &agrave; la terre en Afrique&nbsp;: Cas du Togo</span></span></span></span></span></p>\r\n</td>\r\n</tr>\r\n</tbody>\r\n</table>\r\n<p style="text-align: justify;">&nbsp;</p>\r\n<p style="text-align: justify;"><span style="font-size: 11pt;"><span style="font-family: Calibri,sans-serif;"><span style="font-size: 12.0pt;"><span style="font-family: \'Cooper Std Black\',serif;"><span style="color: #5b9bd5;">Contexte scientifique</span></span></span></span></span></p>\r\n<p style="text-align: justify;"><span style="font-size: 11pt;"><span style="font-family: Calibri,sans-serif;"><span style="font-size: 12.0pt;"><span style="font-family: \'Times New Roman\',serif;">&laquo; La terre nous en apprend plus long sur nous que les livres. Parce qu\'elle nous r&eacute;siste. L\'homme se d&eacute;couvre quand il se mesure avec l\'obstacle. Mais, pour l\'atteindre, il lui faut un outil. Il lui faut un rabot, ou une charrue. Le paysan, dans son labour, arrache peu &agrave; peu quelques secrets &agrave; la nature, et la v&eacute;rit&eacute; qu\'il d&eacute;gage est universelle. Antoine de Saint-Exup&eacute;ry (1939), Terre des hommes, Editions du groupe &laquo; Ebooks libres et gratuits &raquo;, 2004, page 5. Cette affirmation d&rsquo;Antoine de Saint-Exup&eacute;ry nous r&eacute;v&egrave;le l&rsquo;importance de la terre pour l&rsquo;Homme et &nbsp;sa communaut&eacute;.&nbsp; Aujourd&rsquo;hui nous remarquons en Afrique que les jeunes entrepreneurs, malgr&eacute; leur envie de participer au d&eacute;veloppement &eacute;conomique de leur pays &agrave; travers leurs activit&eacute;s, peinent &agrave; faire leur preuve faute de moyens ad&eacute;quats. Cet &eacute;tat de chose devient de plus en plus inqui&eacute;tant dans la mesure o&ugrave; la pauvret&eacute; gagne la population surtout les petits paysans, ceux non d&eacute;tenteurs de terre. En 2005 la FAO signalait, dans ses &eacute;tudes sur le foncier, que l\'acc&egrave;s &agrave; la terre est un moyen d&eacute;terminant pour &eacute;radiquer la faim et la pauvret&eacute;. Dans la m&ecirc;me foul&eacute;e, De Schutter a rappel&eacute; en Novembre 2008 qu\'il y a pr&egrave;s d\'un milliard de personnes qui souffrent de la faim dans le monde, dont 80% sont des producteurs de nourriture, soit des petits paysans, des travailleurs sans terre ou des &eacute;leveurs de b&eacute;tail. Cette situation que nous constatons dans le monde est encore plus visible au Togo, petit pays de 56.790 km<sup>2</sup> situ&eacute; sur le golfe du B&eacute;nin&nbsp; et pr&eacute;sentant une grande diversit&eacute; naturelle. Sa population de 8,6 millions d\'habitants (CIA, 2020) est marqu&eacute;e par une pauvret&eacute; &eacute;lev&eacute;e avec un taux de 40%. C\'est une population jeune, puisque l\'&acirc;ge moyen est de 19,6 ans (19,4 ans pour les hommes, 19,9 ans pour les femmes). </span></span></span></span></p>\r\n<p style="text-align: justify;"><span style="font-size: 11pt;"><span style="font-family: Calibri,sans-serif;"><span style="font-size: 12.0pt;"><span style="font-family: \'Times New Roman\',serif;">La probl&eacute;matique li&eacute;e au foncier dans ce pays r&eacute;sulte de la caducit&eacute; des textes r&eacute;gissant ce domaine et de l&rsquo;absence d&rsquo;un v&eacute;ritable syst&egrave;me d&rsquo;information fonci&egrave;re. Les textes principaux qui constituent actuellement l&rsquo;ossature du r&eacute;gime foncier sont tr&egrave;s peu appliqu&eacute;s en raison de leur v&eacute;tust&eacute; qui les rend obsol&egrave;tes au regard des r&eacute;alit&eacute;s socio-&eacute;conomiques actuelles. Il est donc primordial de mettre en place des r&egrave;gles et proc&eacute;dures ad&eacute;quates afin de&nbsp; faciliter l&rsquo;acc&egrave;s &agrave; la propri&eacute;t&eacute; et de garantir la s&eacute;curit&eacute; fonci&egrave;re. S&rsquo;en suivra aussi la r&eacute;daction d&rsquo;un guide de bonnes pratiques d&rsquo;acc&egrave;s des jeunes &agrave; la terre qui servira de base pour tout jeune ou partie prenante du secteur du foncier.</span></span></span></span></p>\r\n<p style="text-align: justify;"><span style="font-size: 11pt;"><span style="font-family: Calibri,sans-serif;"><span style="font-size: 12.0pt;"><span style="font-family: \'Cooper Std Black\',serif;"><span style="color: #5b9bd5;">OBJECTIFS DU PROJET</span></span></span></span></span></p>\r\n<p style="text-align: justify;"><span style="font-size: 11pt;"><span style="font-family: Calibri,sans-serif;"><strong><span style="font-size: 12.0pt;"><span style="font-family: \'Cambria Math\',serif;">Objectif G&eacute;n&eacute;ral</span></span></strong></span></span></p>\r\n<p style="text-align: justify;"><span style="font-size: 11pt;"><span style="font-family: Calibri,sans-serif;"><span style="font-size: 12.0pt;"><span style="font-family: \'Times New Roman\',serif;">Participer au d&eacute;veloppement socio&eacute;conomique &agrave; travers la mise en place d&rsquo;un syst&egrave;me foncier facilitant l&rsquo;acc&egrave;s des jeunes &agrave; la terre en R&eacute;publique du Togo</span></span></span></span></p>\r\n<p style="text-align: justify;"><span style="font-size: 11pt;"><span style="font-family: Calibri,sans-serif;"><strong><span style="font-size: 12.0pt;"><span style="font-family: \'Cambria Math\',serif;">Objectifs Sp&eacute;cifiques</span></span></strong></span></span></p>\r\n<ul>\r\n<li style="text-align: justify;"><span style="font-size: 11pt;"><span style="font-family: Calibri,sans-serif;"><span style="font-size: 12.0pt;"><span style="font-family: \'Times New Roman\',serif;">Facilitation de l&rsquo;acc&egrave;s des jeunes &agrave; la terre &agrave; travers l&rsquo;&eacute;tablissement des r&egrave;gles et proc&eacute;dures ad&eacute;quates en gouvernance fonci&egrave;re</span></span></span></span></li>\r\n<li style="text-align: justify;"><span style="font-size: 11pt;"><span style="font-family: Calibri,sans-serif;"><span style="font-size: 12.0pt;"><span style="font-family: \'Times New Roman\',serif;">Accompagnement des jeunes pour une s&eacute;curit&eacute; fonci&egrave;re dans le processus d&rsquo;acquisition de leur terre</span></span></span></span></li>\r\n<li style="text-align: justify;"><span style="font-size: 11pt;"><span style="font-family: Calibri,sans-serif;"><span style="font-size: 12.0pt;"><span style="font-family: \'Times New Roman\',serif;">Elaboration d&rsquo;un guide de bonnes pratiques d&rsquo;acc&egrave;s des jeunes &agrave; la terre.</span></span></span></span></li>\r\n</ul>\r\n<p style="text-align: justify;"><span style="font-size: 11pt;"><span style="font-family: Calibri,sans-serif;"><span style="font-size: 12.0pt;"><span style="font-family: \'Cooper Std Black\',serif;"><span style="color: #5b9bd5;">Approche </span></span></span></span></span></p>\r\n<p style="text-align: justify;"><span style="font-size: 11pt;"><span style="font-family: Calibri,sans-serif;"><span style="font-size: 12.0pt;"><span style="font-family: \'Times New Roman\',serif;">Pour mener &agrave; bien les activit&eacute;s li&eacute;es &agrave; ce projet, nous avons opt&eacute; pour deux types d&rsquo;approches&nbsp;: L&rsquo;approche participative &agrave; travers l&rsquo;&eacute;laboration d&rsquo;un questionnaire de recherche en support physique (&agrave; traduire en langue pour les riverains et autochtones) et un questionnaire en ligne pour les personnes susceptibles d&rsquo;y r&eacute;pondre en ligne. Ces diff&eacute;rents questionnaires serviront de bases pour l&rsquo;&eacute;laboration du guide de bonnes pratiques. La deuxi&egrave;me approche est celle bas&eacute;e sur la cr&eacute;ation d&rsquo;espaces de dialogue multi-acteurs aux niveaux, national et local, ainsi que la facilitation des dialogues et &eacute;changes entre ces deux niveaux, cr&eacute;ant de ce fait une v&eacute;ritable communaut&eacute; du foncier dans le pays.</span></span></span></span></p>\r\n<p style="text-align: justify;"><span style="font-size: 11pt;"><span style="font-family: Calibri,sans-serif;"><span style="font-size: 12.0pt;"><span style="font-family: \'Cooper Std Black\',serif;"><span style="color: #5b9bd5;">Pertinence</span></span></span></span></span></p>\r\n<p style="text-align: justify;"><span style="font-size: 11pt;"><span style="font-family: Calibri,sans-serif;"><span style="font-size: 12.0pt;"><span style="font-family: \'Times New Roman\',serif;">Les r&eacute;sultats attendus pour le compte de ce projet sont &eacute;num&eacute;r&eacute;s comme suit&nbsp;:</span></span></span></span></p>\r\n<ul>\r\n<li style="text-align: justify;"><span style="font-size: 11pt;"><span style="font-family: Calibri,sans-serif;"><span style="font-size: 12.0pt;"><span style="font-family: \'Times New Roman\',serif;">Les r&egrave;gles et proc&eacute;dures ad&eacute;quates en gouvernance fonci&egrave;re sont &eacute;tablies afin de faciliter l&rsquo;acc&egrave;s de jeunes &agrave; la terre</span></span></span></span></li>\r\n<li style="text-align: justify;"><span style="font-size: 11pt;"><span style="font-family: Calibri,sans-serif;"><span style="font-size: 12.0pt;"><span style="font-family: \'Times New Roman\',serif;">Les jeunes disposent d&rsquo;une s&eacute;curit&eacute; fonci&egrave;re dans le processus d&rsquo;acquisition de leur terre</span></span></span></span></li>\r\n<li style="text-align: justify;"><span style="font-size: 11pt;"><span style="font-family: Calibri,sans-serif;"><span style="font-size: 12.0pt;"><span style="font-family: \'Times New Roman\',serif;">Les jeunes et les parties prenantes ont connaissance du guide de bonnes pratiques d&rsquo;acc&egrave;s des jeunes &agrave; la terre</span></span></span></span></li>\r\n</ul>\r\n<p style="text-align: justify;"><span style="font-size: 11pt;"><span style="font-family: Calibri,sans-serif;"><span style="font-size: 12.0pt;"><span style="font-family: \'Times New Roman\',serif;">A travers ces r&eacute;sultats nous constituons d&eacute;j&agrave; des pr&eacute;requis en gouvernance fonci&egrave;re fiables et exploitables mis &agrave; disposition de toutes autres recherches allant dans le sens de notre projet et sur tout autre sujet relatif au foncier en g&eacute;n&eacute;ral. De plus, nous cr&eacute;ons ainsi, gr&acirc;ce &agrave; notre projet, une base de d&rsquo;informations que l&rsquo;Etat pourra accorder une attention particuli&egrave;re au droit d&rsquo;acc&egrave;s des couches vuln&eacute;rables et de la femme &agrave; la propri&eacute;t&eacute; fonci&egrave;re. Nous contribuons ainsi &agrave; la r&eacute;duction de la corruption que sont victimes les jeunes faute de connaissance. Toujours comme atouts, par l&rsquo;application des bonnes pratiques, le citoyen Lambda se sentira concern&eacute; parce qu&rsquo;il aurait particip&eacute; &agrave; l&rsquo;&eacute;laboration d&rsquo;un document de port&eacute;e nationale mise en vigueur dans son pays. </span></span></span></span></p>\r\n<p style="text-align: justify;"><span style="font-size: 11pt;"><span style="font-family: Calibri,sans-serif;"><span style="font-size: 12.0pt;"><span style="font-family: \'Times New Roman\',serif;">Pour ce projet nous nous adressons au DAAD ou au Network of Excellence on Land Governance in Africa (NELGA)</span></span></span></span></p>', 5000000, '2021-11-21 08:59:42', '2021-11-21 09:04:14', NULL, 0, 1),
	(2, 'Programme d’Appui Foncier pour la Promotion de l’Agriculture Rural au profit des Jeunes (PAFPARJ)', '2021-01-01', '2022-12-31', '<p>&nbsp;</p>\r\n<div class="WordSection1"><!--[endif]-->  <br />\r\n<p class="MsoNormal"><span lang="FR">&nbsp;</span></p>\r\n<p class="MsoNormal" style="text-align: justify; line-height: 150%;"><!-- [if !mso]--></p>\r\n<table style="height: 41px; width: 100%;" width="100%" cellspacing="0" cellpadding="0">\r\n<tbody>\r\n<tr style="height: 41px;">\r\n<td style="height: 41px;"><!--[endif]-->\r\n<div>\r\n<p class="MsoNormal" style="text-align: center;" align="center"><strong style="mso-bidi-font-weight: normal;"><span lang="FR" style="font-size: 14pt; line-height: 107%; font-family: \'Arial Black\', sans-serif;">JANVIER</span><span lang="FR" style="font-size: 14pt; line-height: 107%; font-family: \'Arial Black\', sans-serif;"> 2021</span></strong></p>\r\n</div>\r\n<!-- [if !mso]--></td>\r\n</tr>\r\n</tbody>\r\n</table>\r\n<!--[endif]--> <span lang="FR" style="font-size: 14.0pt; mso-bidi-font-size: 11.0pt; line-height: 150%; font-family: \'Cooper Std Black\',serif; mso-bidi-font-family: \'Times New Roman\'; color: #5b9bd5; mso-themecolor: accent1;">CONTEXTE ET JUSTIFICATION</span>\r\n<p>&nbsp;</p>\r\n<p class="MsoNormal" style="text-align: justify;"><span lang="FR" style="font-size: 12.0pt; mso-bidi-font-size: 11.0pt; line-height: 107%; font-family: \'Times New Roman\',serif;">&nbsp;</span></p>\r\n<p class="MsoNormal" style="text-align: justify; line-height: 150%;"><!-- [if !mso]--></p>\r\n<table width="100%" cellspacing="0" cellpadding="0">\r\n<tbody>\r\n<tr>\r\n<td><!--[endif]-->\r\n<div>\r\n<p class="MsoNormal" style="text-align: center;" align="center"><span lang="FR" style="font-size: 12.0pt; mso-bidi-font-size: 11.0pt; line-height: 107%; font-family: \'Arial Black\',sans-serif;">Titre du Projet</span></p>\r\n<p class="MsoNormal" style="text-align: center;" align="center"><span lang="FR" style="font-size: 12.0pt; mso-bidi-font-size: 11.0pt; line-height: 107%; font-family: \'Times New Roman\',serif;">Programme d&rsquo;Appui Foncier pour la Promotion de l&rsquo;Agriculture Rural au profit des Jeunes (PAFPARJ)</span></p>\r\n</div>\r\n<!-- [if !mso]--></td>\r\n</tr>\r\n</tbody>\r\n</table>\r\n<!--[endif]-->  <span lang="FR" style="font-size: 14.0pt; mso-bidi-font-size: 11.0pt; line-height: 150%; font-family: \'Cooper Std Black\',serif; mso-bidi-font-family: \'Times New Roman\'; color: #5b9bd5; mso-themecolor: accent1;">FICHE RESUMEE DU PROJET</span>\r\n<p>&nbsp;</p>\r\n<p class="MsoNormal" style="text-align: justify; line-height: 150%;"><span lang="FR" style="font-size: 12.0pt; mso-bidi-font-size: 11.0pt; line-height: 150%; font-family: \'Times New Roman\',serif; color: #5b9bd5; mso-themecolor: accent1;"><span style="mso-spacerun: yes;">&nbsp;&nbsp;&nbsp; </span></span></p>\r\n<p class="MsoNormal" style="text-align: justify; line-height: 150%;"><!-- [if !mso]--></p>\r\n<table width="100%" cellspacing="0" cellpadding="0">\r\n<tbody>\r\n<tr>\r\n<td><!--[endif]-->\r\n<div>\r\n<p class="MsoNormal" style="text-align: center;" align="center"><span lang="FR" style="font-size: 12.0pt; mso-bidi-font-size: 11.0pt; line-height: 107%; font-family: \'Arial Black\',sans-serif;">Organisation Requ&eacute;rante</span></p>\r\n<p class="MsoNormal" style="text-align: center;" align="center"><span lang="FR" style="font-size: 12.0pt; mso-bidi-font-size: 11.0pt; line-height: 107%; font-family: \'Times New Roman\',serif;">YOUNTH INITIATIVE FOR LAND IN AFRICA (YILAA)</span></p>\r\n</div>\r\n<!-- [if !mso]--></td>\r\n</tr>\r\n</tbody>\r\n</table>\r\n<br /><span lang="FR" style="font-size: 14.0pt; mso-bidi-font-size: 11.0pt; line-height: 150%; font-family: \'Cooper Std Black\',serif; mso-bidi-font-family: \'Times New Roman\'; color: #5b9bd5; mso-themecolor: accent1;">&nbsp;<br /></span> <br style="mso-ignore: vglayout;" clear="ALL" />\r\n<p class="MsoNormal" style="text-align: justify; line-height: 150%;"><span lang="FR" style="font-size: 14.0pt; mso-bidi-font-size: 11.0pt; line-height: 150%; font-family: \'Cooper Std Black\',serif; mso-bidi-font-family: \'Times New Roman\'; color: #5b9bd5; mso-themecolor: accent1;">CONTEXTE ET JUSTIFICATION</span></p>\r\n<p class="MsoNormal" style="text-align: justify;"><span lang="FR" style="font-size: 12.0pt; mso-bidi-font-size: 11.0pt; line-height: 107%; font-family: \'Times New Roman\',serif;">En l\'an 2025, 83 % de la population mondiale qui, selon les pr&eacute;visions, atteindra 8,5 milliards d\'habitants, vivront dans les pays en d&eacute;veloppement. Or, l\'incertitude demeure quant &agrave; la capacit&eacute; des ressources et des techniques disponibles de satisfaire les besoins de cette population croissante en denr&eacute;es alimentaires et autres produits agricoles. La priorit&eacute; doit donc &ecirc;tre accord&eacute;e d&rsquo;une part au maintien et &agrave; l\'am&eacute;lioration de la capacit&eacute; des terres agricoles &agrave; fort potentiel et suscit&eacute; d&rsquo;autre part une main d&rsquo;&oelig;uvre jeune et dynamique afin de subvenir aux besoins de la population. Mais force est de constater que peu de jeunes surtout ceux vivant en milieu rural r&eacute;ussissent &agrave; envisager leur avenir dans le secteur agricole ou dans les zones rurales. De multiples obstacles se dressent devant ces jeunes qui essaient de gagner leur vie en milieu rural. Dans de nombreuses r&eacute;gions du monde, il existe une forte pression sur les terres arables, ce qui rend le d&eacute;marrage en agriculture particuli&egrave;rement difficile. Bien souvent, ces jeunes ne disposent d&rsquo;aucune information en mati&egrave;re de gouvernance fonci&egrave;re et font &eacute;galement face &agrave; des difficult&eacute;s pour obtenir un domaine cultivable ou acc&eacute;der aux autres moyens de production n&eacute;cessaires &agrave; l&rsquo;activit&eacute; agricole. Retenons que l\'objectif essentiel d\'un d&eacute;veloppement agricole et rural durable est d\'assurer un accroissement soutenu de la production alimentaire et d\'am&eacute;liorer la s&eacute;curit&eacute; alimentaire. </span></p>\r\n<p class="MsoNormal" style="text-align: justify;"><span lang="FR" style="font-size: 12.0pt; mso-bidi-font-size: 11.0pt; line-height: 107%; font-family: \'Times New Roman\',serif;">A cet effet, il faudra cr&eacute;er les conditions propres &agrave; un d&eacute;veloppement rural et agricole durable en proc&eacute;dant &agrave; des ajustements majeurs dans la politique agricole, environnementale et macro-&eacute;conomique, aux niveaux national et international, tant dans les pays d&eacute;velopp&eacute;s que dans les pays en d&eacute;veloppement surtout en Afrique. De plus, il faudra organiser des activit&eacute;s d\'&eacute;ducation, adopter des mesures d\'incitation &eacute;conomiques et promouvoir des technologies nouvelles appropri&eacute;es de mani&egrave;re &agrave; garantir une offre stable de denr&eacute;es alimentaires d\'une valeur nutritive ad&eacute;quate, auxquelles les groupes vuln&eacute;rables auront acc&egrave;s et permettant une production commerciale, cr&eacute;er des emplois et des revenus pour r&eacute;duire la pauvret&eacute;, g&eacute;rer les ressources naturelles et prot&eacute;ger l\'environnement. Enfin, le plus important pour nous serait d&rsquo;inciter nos jeunes &agrave; l&rsquo;entreprenariat en leur facilitant l&rsquo;acc&egrave;s &agrave; la terre, l&rsquo;acc&egrave;s &agrave; l&rsquo;information fonci&egrave;re et aussi un renforcement de capacit&eacute; ad&eacute;quat en techniques agricoles et autres. </span></p>\r\n<p class="MsoNormal" style="text-align: justify; line-height: 150%;"><span lang="FR" style="font-size: 12.0pt; mso-bidi-font-size: 11.0pt; line-height: 150%; font-family: \'Times New Roman\',serif;">C&rsquo;est donc le but que poursuit Yilaa &agrave; travers son programme d&eacute;nomm&eacute; &laquo;&nbsp;<strong style="mso-bidi-font-weight: normal;">Programme d&rsquo;Appui Foncier pour la Promotion de l&rsquo;Agriculture Rural au profit des Jeunes (PAFPARJ)</strong>&nbsp;&raquo;. Programme d&rsquo;envergure qui concilie jeunes, foncier et agriculture rurale dans l&rsquo;id&eacute;e de contribuer &agrave; l&rsquo;am&eacute;lioration du mieux-&ecirc;tre social de la population.<br /></span><span lang="FR"><br /></span><span lang="FR" style="font-size: 14.0pt; mso-bidi-font-size: 11.0pt; line-height: 150%; font-family: \'Cooper Std Black\',serif; mso-bidi-font-family: \'Times New Roman\'; color: #5b9bd5; mso-themecolor: accent1;">BENEFICIAIRES DU PROJET</span></p>\r\n<p class="MsoNormal" style="text-align: justify; line-height: 150%;"><span lang="FR" style="font-size: 12.0pt; mso-bidi-font-size: 11.0pt; line-height: 150%; font-family: \'Times New Roman\',serif; color: black; mso-themecolor: text1;">Le projet cible principalement les jeunes entrepreneurs, hommes comme femmes du milieu rural d&eacute;tenteurs de projets agricoles</span></p>\r\n<p class="MsoNormal" style="text-align: justify; line-height: 150%;"><span lang="FR" style="font-size: 14.0pt; mso-bidi-font-size: 11.0pt; line-height: 150%; font-family: \'Cooper Std Black\',serif; mso-bidi-font-family: \'Times New Roman\'; color: #5b9bd5; mso-themecolor: accent1;">OBJECTIFS DU PROJET</span></p>\r\n<p class="MsoNormal" style="text-align: justify; line-height: 150%; background: #F4B083; mso-background-themecolor: accent2; mso-background-themetint: 153;"><strong style="mso-bidi-font-weight: normal;"><span lang="FR" style="font-size: 12.0pt; mso-bidi-font-size: 11.0pt; line-height: 150%; font-family: \'Times New Roman\',serif; color: white; mso-themecolor: background1;">Objectif G&eacute;n&eacute;ral</span></strong></p>\r\n<p class="MsoNormal" style="text-align: justify;"><span lang="FR" style="font-size: 12.0pt; mso-bidi-font-size: 11.0pt; line-height: 107%; font-family: \'Times New Roman\',serif;">Am&eacute;liorer durablement la s&eacute;curit&eacute; alimentaire &agrave; travers un accompagnement technique et financier &agrave; l&rsquo;endroit des jeunes pour la promotion de l&rsquo;entreprenariat et pour la maitrise des bonnes pratiques fonci&egrave;res dans le domaine de l&rsquo;agriculture rurale en Afrique.</span></p>\r\n<p class="MsoNormal" style="text-align: justify; line-height: 150%; background: #F4B083; mso-background-themecolor: accent2; mso-background-themetint: 153;"><strong style="mso-bidi-font-weight: normal;"><span lang="FR" style="font-size: 12.0pt; mso-bidi-font-size: 11.0pt; line-height: 150%; font-family: \'Times New Roman\',serif; color: white; mso-themecolor: background1;">Objectifs Sp&eacute;cifiques</span></strong></p>\r\n<p class="MsoNormal" style="text-align: justify;"><span lang="FR" style="font-size: 12.0pt; mso-bidi-font-size: 11.0pt; line-height: 107%; font-family: \'Times New Roman\',serif;">De mani&egrave;re sp&eacute;cifique nous aurons &agrave;&nbsp;:</span></p>\r\n<p class="MsoListParagraphCxSpFirst" style="text-align: justify; text-indent: -18.0pt; mso-list: l1 level1 lfo1;"><!-- [if !supportLists]--><span lang="FR" style="font-size: 12.0pt; mso-bidi-font-size: 11.0pt; line-height: 107%; font-family: Wingdings; mso-fareast-font-family: Wingdings; mso-bidi-font-family: Wingdings;"><span style="mso-list: Ignore;">&uuml;<span style="font: 7.0pt \'Times New Roman\';">&nbsp; </span></span></span><!--[endif]--><span lang="FR" style="font-size: 12.0pt; mso-bidi-font-size: 11.0pt; line-height: 107%; font-family: \'Times New Roman\',serif;">Renforcer les capacit&eacute;s des jeunes des 20 pays cibl&eacute;s en mati&egrave;re de gouvernance fonci&egrave;re rurale </span></p>\r\n<p class="MsoListParagraphCxSpMiddle" style="text-align: justify; text-indent: -18.0pt; mso-list: l1 level1 lfo1;"><!-- [if !supportLists]--><span lang="FR" style="font-size: 12.0pt; mso-bidi-font-size: 11.0pt; line-height: 107%; font-family: Wingdings; mso-fareast-font-family: Wingdings; mso-bidi-font-family: Wingdings;"><span style="mso-list: Ignore;">&uuml;<span style="font: 7.0pt \'Times New Roman\';">&nbsp; </span></span></span><!--[endif]--><span lang="FR" style="font-size: 12.0pt; mso-bidi-font-size: 11.0pt; line-height: 107%; font-family: \'Times New Roman\',serif;">Accro&icirc;tre l\'autosuffisance des jeunes agriculteurs &agrave; d&eacute;velopper et am&eacute;liorer l\'infrastructure rurale &agrave; travers la mise en place des associations d&rsquo;int&eacute;r&ecirc;ts fonciers pour jeunes </span></p>\r\n<p class="MsoListParagraphCxSpMiddle" style="text-align: justify; text-indent: -18.0pt; mso-list: l1 level1 lfo1;"><!-- [if !supportLists]--><span lang="FR" style="font-size: 12.0pt; mso-bidi-font-size: 11.0pt; line-height: 107%; font-family: Wingdings; mso-fareast-font-family: Wingdings; mso-bidi-font-family: Wingdings;"><span style="mso-list: Ignore;">&uuml;<span style="font: 7.0pt \'Times New Roman\';">&nbsp; </span></span></span><!--[endif]--><span lang="FR" style="font-size: 12.0pt; mso-bidi-font-size: 11.0pt; line-height: 107%; font-family: \'Times New Roman\',serif;">Cr&eacute;er des coop&eacute;ratives agricoles adapt&eacute;es aux r&eacute;alit&eacute;s communautaires des jeunes en milieu rural et en particulier pour les pauvres et les habitants des zones marginales afin d&rsquo;am&eacute;liorer la productivit&eacute; agricole de mani&egrave;re viable et accro&icirc;tre la diversification, l\'efficacit&eacute; et la s&eacute;curit&eacute; alimentaire de la population.</span></p>\r\n<p class="MsoListParagraphCxSpLast"><span lang="FR" style="font-size: 10.0pt; line-height: 107%; font-family: \'Calibri Light\',sans-serif; mso-ascii-theme-font: major-latin; mso-hansi-theme-font: major-latin; mso-bidi-font-family: \'Times New Roman\';">&nbsp;</span></p>\r\n<p class="MsoNormal" style="text-align: justify; line-height: 150%;"><span lang="FR" style="font-size: 14.0pt; mso-bidi-font-size: 11.0pt; line-height: 150%; font-family: \'Cooper Std Black\',serif; mso-bidi-font-family: \'Times New Roman\'; color: #5b9bd5; mso-themecolor: accent1;">RESULTATS ATTENDUS</span></p>\r\n<p class="MsoListParagraphCxSpFirst" style="text-align: justify; text-indent: -18.0pt; mso-list: l2 level1 lfo7;"><!-- [if !supportLists]--><span lang="FR" style="font-size: 12.0pt; mso-bidi-font-size: 11.0pt; line-height: 107%; font-family: Wingdings; mso-fareast-font-family: Wingdings; mso-bidi-font-family: Wingdings;"><span style="mso-list: Ignore;">&uuml;<span style="font: 7.0pt \'Times New Roman\';">&nbsp; </span></span></span><!--[endif]--><span lang="FR" style="font-size: 12.0pt; mso-bidi-font-size: 11.0pt; line-height: 107%; font-family: \'Times New Roman\',serif;">90% des jeunes ruraux d&eacute;tenteurs de projets obtiennent<span style="mso-spacerun: yes;">&nbsp; </span>d&rsquo;appui foncier</span></p>\r\n<p class="MsoListParagraphCxSpMiddle" style="text-align: justify; text-indent: -18.0pt; mso-list: l2 level1 lfo7;"><!-- [if !supportLists]--><span lang="FR" style="font-size: 12.0pt; mso-bidi-font-size: 11.0pt; line-height: 107%; font-family: Wingdings; mso-fareast-font-family: Wingdings; mso-bidi-font-family: Wingdings;"><span style="mso-list: Ignore;">&uuml;<span style="font: 7.0pt \'Times New Roman\';">&nbsp; </span></span></span><!--[endif]--><span lang="FR" style="font-size: 12.0pt; mso-bidi-font-size: 11.0pt; line-height: 107%; font-family: \'Times New Roman\',serif;">Une association d&rsquo;int&eacute;r&ecirc;t foncier est mise en place dans chacun des 20 pays cibl&eacute;s par le programme</span></p>\r\n<p class="MsoListParagraphCxSpLast" style="text-align: justify; text-indent: -18.0pt; mso-list: l2 level1 lfo7;"><!-- [if !supportLists]--><span lang="FR" style="font-size: 12.0pt; mso-bidi-font-size: 11.0pt; line-height: 107%; font-family: Wingdings; mso-fareast-font-family: Wingdings; mso-bidi-font-family: Wingdings;"><span style="mso-list: Ignore;">&uuml;<span style="font: 7.0pt \'Times New Roman\';">&nbsp; </span></span></span><!--[endif]--><span lang="FR" style="font-size: 12.0pt; mso-bidi-font-size: 11.0pt; line-height: 107%; font-family: \'Times New Roman\',serif;">Des coop&eacute;ratives agricoles sont cr&eacute;&eacute;es dans chacun des 20 d&rsquo;ex&eacute;cution du programme</span></p>\r\n<p class="MsoNormal" style="text-align: justify; line-height: 150%;"><span lang="FR" style="font-size: 14.0pt; mso-bidi-font-size: 11.0pt; line-height: 150%; font-family: \'Cooper Std Black\',serif; mso-bidi-font-family: \'Times New Roman\'; color: #5b9bd5; mso-themecolor: accent1;">ACTIVITES A MENER</span></p>\r\n<p class="MsoNormal" style="text-align: justify; line-height: 150%; background: #F4B083; mso-background-themecolor: accent2; mso-background-themetint: 153;"><strong style="mso-bidi-font-weight: normal;"><span lang="FR" style="font-size: 12.0pt; mso-bidi-font-size: 11.0pt; line-height: 150%; font-family: \'Times New Roman\',serif; color: white; mso-themecolor: background1;">Objectif Sp&eacute;cifique 1</span></strong></p>\r\n<p class="MsoNormal"><strong style="mso-bidi-font-weight: normal;"><span lang="FR" style="font-size: 12.0pt; mso-bidi-font-size: 11.0pt; line-height: 107%; font-family: \'Times New Roman\',serif;">Activit&eacute; 1.1&nbsp;</span></strong><span lang="FR" style="font-size: 12.0pt; mso-bidi-font-size: 11.0pt; line-height: 107%; font-family: \'Times New Roman\',serif;">: Recrutement et mise en place de l&rsquo;&eacute;quipe du projet dans chaque pays</span></p>\r\n<p class="MsoNormal"><strong style="mso-bidi-font-weight: normal;"><span lang="FR" style="font-size: 12.0pt; mso-bidi-font-size: 11.0pt; line-height: 107%; font-family: \'Times New Roman\',serif;">Activit&eacute; 1.2&nbsp;: </span></strong><span lang="FR" style="font-size: 12.0pt; mso-bidi-font-size: 11.0pt; line-height: 107%; font-family: \'Times New Roman\',serif;">Lancement officiel du projet dans chaque pays</span></p>\r\n<p class="MsoNormal"><strong style="mso-bidi-font-weight: normal;"><span lang="FR" style="font-size: 12.0pt; mso-bidi-font-size: 11.0pt; line-height: 107%; font-family: \'Times New Roman\',serif;">Activit&eacute; 1.3&nbsp;: </span></strong><span lang="FR" style="font-size: 12.0pt; mso-bidi-font-size: 11.0pt; line-height: 107%; font-family: \'Times New Roman\',serif;">Renforcement de capacit&eacute; des jeunes de chaque pays sur les questions fonci&egrave;res et sur la gouvernance fonci&egrave;re dans leur milieu</span></p>\r\n<p class="MsoNormal" style="text-align: justify; line-height: 150%; background: #F4B083; mso-background-themecolor: accent2; mso-background-themetint: 153;"><strong style="mso-bidi-font-weight: normal;"><span lang="FR" style="font-size: 12.0pt; mso-bidi-font-size: 11.0pt; line-height: 150%; font-family: \'Times New Roman\',serif; color: white; mso-themecolor: background1;">Objectif Sp&eacute;cifique 2</span></strong></p>\r\n<p class="MsoNormal"><strong style="mso-bidi-font-weight: normal;"><span lang="FR" style="font-size: 12.0pt; mso-bidi-font-size: 11.0pt; line-height: 107%; font-family: \'Times New Roman\',serif;">Activit&eacute; 2.1&nbsp;: </span></strong><span lang="FR" style="font-size: 12.0pt; mso-bidi-font-size: 11.0pt; line-height: 107%; font-family: \'Times New Roman\',serif;">Plaidoyer <span style="mso-spacerun: yes;">&nbsp;</span>et collecte de terre pour la mise en &oelig;uvre des projets&nbsp;</span></p>\r\n<p class="MsoNormal"><strong style="mso-bidi-font-weight: normal;"><span lang="FR" style="font-size: 12.0pt; mso-bidi-font-size: 11.0pt; line-height: 107%; font-family: \'Times New Roman\',serif;">Activit&eacute; 2.2&nbsp;: </span></strong><span lang="FR" style="font-size: 12.0pt; mso-bidi-font-size: 11.0pt; line-height: 107%; font-family: \'Times New Roman\',serif;">Identification des groupes ou associations influents de chaque pays</span></p>\r\n<p class="MsoNormal"><strong style="mso-bidi-font-weight: normal;"><span lang="FR" style="font-size: 12.0pt; mso-bidi-font-size: 11.0pt; line-height: 107%; font-family: \'Times New Roman\',serif;">Activit&eacute; 2.3&nbsp;: </span></strong><span lang="FR" style="font-size: 12.0pt; mso-bidi-font-size: 11.0pt; line-height: 107%; font-family: \'Times New Roman\',serif;">Cr&eacute;ation des associations d&rsquo;int&eacute;r&ecirc;ts fonciers dans chaque pays</span></p>\r\n<p class="MsoNormal" style="text-align: justify; line-height: 150%; background: #F4B083; mso-background-themecolor: accent2; mso-background-themetint: 153;"><strong style="mso-bidi-font-weight: normal;"><span lang="FR" style="font-size: 12.0pt; mso-bidi-font-size: 11.0pt; line-height: 150%; font-family: \'Times New Roman\',serif; color: white; mso-themecolor: background1;">Objectif Sp&eacute;cifique 3</span></strong></p>\r\n<p class="MsoNormal"><strong style="mso-bidi-font-weight: normal;"><span lang="FR" style="font-size: 12.0pt; mso-bidi-font-size: 11.0pt; line-height: 107%; font-family: \'Times New Roman\',serif;">Activit&eacute; 3.1&nbsp;: </span></strong><span lang="FR" style="font-size: 12.0pt; mso-bidi-font-size: 11.0pt; line-height: 107%; font-family: \'Times New Roman\',serif;">Identification des jeunes entrepreneurs d&eacute;tenteurs de projets agricoles</span></p>\r\n<p class="MsoNormal"><strong style="mso-bidi-font-weight: normal;"><span lang="FR" style="font-size: 12.0pt; mso-bidi-font-size: 11.0pt; line-height: 107%; font-family: \'Times New Roman\',serif;">Activit&eacute; 3.2&nbsp;</span></strong><span lang="FR" style="font-size: 12.0pt; mso-bidi-font-size: 11.0pt; line-height: 107%; font-family: \'Times New Roman\',serif;">: Etats des lieux sur les besoins agricoles permanents et indispensables pour la population </span></p>\r\n<p class="MsoNormal"><strong style="mso-bidi-font-weight: normal;"><span lang="FR" style="font-size: 12.0pt; mso-bidi-font-size: 11.0pt; line-height: 107%; font-family: \'Times New Roman\',serif;">Activit&eacute; 3.3&nbsp;: </span></strong><span lang="FR" style="font-size: 12.0pt; mso-bidi-font-size: 11.0pt; line-height: 107%; font-family: \'Times New Roman\',serif;">Cr&eacute;ation des coop&eacute;ratives agricoles au profit de la communaut&eacute;</span></p>\r\n<p class="MsoNormal"><strong style="mso-bidi-font-weight: normal;"><span lang="FR" style="font-size: 12.0pt; mso-bidi-font-size: 11.0pt; line-height: 107%; font-family: \'Times New Roman\',serif;">Activit&eacute; 3.4&nbsp;: </span></strong><span lang="FR" style="font-size: 12.0pt; mso-bidi-font-size: 11.0pt; line-height: 107%; font-family: \'Times New Roman\',serif;">Accompagnement technique et financier aux jeunes de chaque pays</span></p>\r\n<p class="MsoNormal"><strong style="mso-bidi-font-weight: normal;"><span lang="FR" style="font-size: 12.0pt; mso-bidi-font-size: 11.0pt; line-height: 107%; font-family: \'Times New Roman\',serif;">Activit&eacute; 3.5&nbsp;: </span></strong><span lang="FR" style="font-size: 12.0pt; mso-bidi-font-size: 11.0pt; line-height: 107%; font-family: \'Times New Roman\',serif;">Suivi des jeunes entrepreneurs accompagn&eacute;s</span></p>\r\n<p class="MsoNormal" style="text-align: justify; line-height: 150%;"><span lang="FR" style="font-size: 14.0pt; mso-bidi-font-size: 11.0pt; line-height: 150%; font-family: \'Cooper Std Black\',serif; mso-bidi-font-family: \'Times New Roman\'; color: #5b9bd5; mso-themecolor: accent1;">METHODOLOGIE</span><strong style="mso-bidi-font-weight: normal;"><span lang="FR" style="font-size: 12.0pt; mso-bidi-font-size: 11.0pt; line-height: 150%; font-family: \'Times New Roman\',serif;">&nbsp;</span></strong></p>\r\n<p class="MsoNormal" style="text-align: justify; line-height: 150%;"><span lang="FR" style="font-size: 12.0pt; mso-bidi-font-size: 11.0pt; line-height: 150%; font-family: \'Times New Roman\',serif;">Le PAFPARJ sera ex&eacute;cut&eacute; sous forme projet dans 20 pays d&rsquo;Afrique. Le plan d&rsquo;action serait le m&ecirc;me dans tous les 20 pays avec la m&ecirc;me id&eacute;e et le respect scrupuleux des activit&eacute;s pr&eacute;&eacute;tablies. Dans chaque pays, le projet <span style="mso-spacerun: yes;">&nbsp;</span>sera plac&eacute; sous la coordination du Comit&eacute; de pilotage de projet dirig&eacute; par le Charg&eacute; de Projet. Ce comit&eacute; se chargera de l&rsquo;ex&eacute;cution du projet selon les principes de gestion ax&eacute;e sur les r&eacute;sultats, en s&rsquo;appuyant sur les dispositifs op&eacute;rationnels et dans le respect des proc&eacute;dures administratives, financi&egrave;res et en collaboration avec la communaut&eacute;. La mise en &oelig;uvre reposera sur: </span></p>\r\n<p class="MsoListParagraphCxSpFirst" style="text-align: justify; text-indent: -36.0pt; mso-text-indent-alt: -18.0pt; line-height: 150%; mso-list: l3 level1 lfo2;"><!-- [if !supportLists]--><strong style="mso-bidi-font-weight: normal;"><span lang="FR" style="font-size: 12.0pt; mso-bidi-font-size: 11.0pt; line-height: 150%; font-family: \'Times New Roman\',serif; mso-fareast-font-family: \'Times New Roman\';"><span style="mso-list: Ignore;"><span style="font: 7.0pt \'Times New Roman\';">&nbsp;&nbsp;&nbsp;&nbsp;&nbsp;&nbsp;&nbsp; </span>i.<span style="font: 7.0pt \'Times New Roman\';">&nbsp;&nbsp;&nbsp;&nbsp;&nbsp;&nbsp;&nbsp;&nbsp;&nbsp;&nbsp;&nbsp; </span></span></span></strong><!--[endif]--><span lang="FR" style="font-size: 12.0pt; mso-bidi-font-size: 11.0pt; line-height: 150%; font-family: \'Times New Roman\',serif;">Les partenariats institutionnels</span></p>\r\n<p class="MsoListParagraphCxSpMiddle" style="text-align: justify; text-indent: -36.0pt; mso-text-indent-alt: -18.0pt; line-height: 150%; mso-list: l3 level1 lfo2;"><!-- [if !supportLists]--><strong style="mso-bidi-font-weight: normal;"><span lang="FR" style="font-size: 12.0pt; mso-bidi-font-size: 11.0pt; line-height: 150%; font-family: \'Times New Roman\',serif; mso-fareast-font-family: \'Times New Roman\';"><span style="mso-list: Ignore;"><span style="font: 7.0pt \'Times New Roman\';">&nbsp;&nbsp;&nbsp;&nbsp;&nbsp; </span>ii.<span style="font: 7.0pt \'Times New Roman\';">&nbsp;&nbsp;&nbsp;&nbsp;&nbsp;&nbsp;&nbsp;&nbsp;&nbsp;&nbsp;&nbsp; </span></span></span></strong><!--[endif]--><span lang="FR" style="font-size: 12.0pt; mso-bidi-font-size: 11.0pt; line-height: 150%; font-family: \'Times New Roman\',serif;">Les structures nationales et d&eacute;centralis&eacute;es de l&rsquo;Etat</span></p>\r\n<p class="MsoListParagraphCxSpMiddle" style="text-align: justify; text-indent: -36.0pt; mso-text-indent-alt: -18.0pt; line-height: 150%; mso-list: l3 level1 lfo2;"><!-- [if !supportLists]--><strong style="mso-bidi-font-weight: normal;"><span lang="FR" style="font-size: 12.0pt; mso-bidi-font-size: 11.0pt; line-height: 150%; font-family: \'Times New Roman\',serif; mso-fareast-font-family: \'Times New Roman\';"><span style="mso-list: Ignore;"><span style="font: 7.0pt \'Times New Roman\';">&nbsp;&nbsp;&nbsp; </span>iii.<span style="font: 7.0pt \'Times New Roman\';">&nbsp;&nbsp;&nbsp;&nbsp;&nbsp;&nbsp;&nbsp;&nbsp;&nbsp;&nbsp;&nbsp; </span></span></span></strong><!--[endif]--><span lang="FR" style="font-size: 12.0pt; mso-bidi-font-size: 11.0pt; line-height: 150%; font-family: \'Times New Roman\',serif;">La communaut&eacute; b&eacute;n&eacute;ficiaire du projet</span></p>\r\n<p class="MsoListParagraphCxSpMiddle" style="text-align: justify; text-indent: -36.0pt; mso-text-indent-alt: -18.0pt; line-height: 150%; mso-list: l3 level1 lfo2;"><!-- [if !supportLists]--><strong style="mso-bidi-font-weight: normal;"><span lang="FR" style="font-size: 12.0pt; mso-bidi-font-size: 11.0pt; line-height: 150%; font-family: \'Times New Roman\',serif; mso-fareast-font-family: \'Times New Roman\';"><span style="mso-list: Ignore;"><span style="font: 7.0pt \'Times New Roman\';">&nbsp;&nbsp;&nbsp; </span>iv.<span style="font: 7.0pt \'Times New Roman\';">&nbsp;&nbsp;&nbsp;&nbsp;&nbsp;&nbsp;&nbsp;&nbsp;&nbsp;&nbsp;&nbsp; </span></span></span></strong><!--[endif]--><span lang="FR" style="font-size: 12.0pt; mso-bidi-font-size: 11.0pt; line-height: 150%; font-family: \'Times New Roman\',serif;">Les points focaux de Yilaa r&eacute;sidents dans chacun des pays cibl&eacute;s</span></p>\r\n<p class="MsoListParagraphCxSpLast" style="text-align: justify; text-indent: -36.0pt; mso-text-indent-alt: -18.0pt; line-height: 150%; mso-list: l3 level1 lfo2;"><!-- [if !supportLists]--><strong style="mso-bidi-font-weight: normal;"><span lang="FR" style="font-size: 12.0pt; mso-bidi-font-size: 11.0pt; line-height: 150%; font-family: \'Times New Roman\',serif; mso-fareast-font-family: \'Times New Roman\';"><span style="mso-list: Ignore;"><span style="font: 7.0pt \'Times New Roman\';">&nbsp;&nbsp;&nbsp;&nbsp;&nbsp; </span>v.<span style="font: 7.0pt \'Times New Roman\';">&nbsp;&nbsp;&nbsp;&nbsp;&nbsp;&nbsp;&nbsp;&nbsp;&nbsp;&nbsp;&nbsp; </span></span></span></strong><!--[endif]--><span lang="FR" style="font-size: 12.0pt; mso-bidi-font-size: 11.0pt; line-height: 150%; font-family: \'Times New Roman\',serif;">Les partenariats strat&eacute;giques avec les organisations professionnelles des jeunes ruraux,<span style="mso-spacerun: yes;">&nbsp; </span>les<span style="mso-spacerun: yes;">&nbsp; </span>interprofessions, etc. </span></p>\r\n<p class="MsoNormal" style="text-align: justify; line-height: 150%;"><span lang="FR" style="font-size: 12.0pt; mso-bidi-font-size: 11.0pt; line-height: 150%; font-family: \'Times New Roman\',serif;">Sur le plan informationnel nous aurons &agrave;&nbsp;sensibiliser et renforcer les capacit&eacute;s de l&rsquo;Unit&eacute; de Coordination du Projet et des parties prenantes au projet au cours de la mission de lancement, &agrave; former le personnels recrut&eacute;s sur les crit&egrave;res de s&eacute;lection d&eacute;finis en pr&eacute;lude par le comit&eacute; de pilotage du projet et enfin &agrave; sensibiliser et &agrave; renforcer les capacit&eacute;s des jeunes entrepreneurs ruraux. </span></p>\r\n<p class="MsoNormal" style="text-align: justify; line-height: 150%;"><span lang="FR" style="font-size: 12.0pt; mso-bidi-font-size: 11.0pt; line-height: 150%; font-family: \'Times New Roman\',serif;">Sur le terrain, chaque &eacute;quipe de projet disposera d&rsquo;un facilitateur qui s&rsquo;occupera de faire la transition entre la communaut&eacute; et l&rsquo;&eacute;quipe du projet. </span></p>\r\n<p class="MsoNormal" style="text-align: justify; line-height: 150%; background: #F4B083; mso-background-themecolor: accent2; mso-background-themetint: 153;"><strong style="mso-bidi-font-weight: normal;"><span lang="FR" style="font-size: 12.0pt; mso-bidi-font-size: 11.0pt; line-height: 150%; font-family: \'Times New Roman\',serif; color: white; mso-themecolor: background1;">Planification,<span style="mso-spacerun: yes;">&nbsp; </span>Suivi-&eacute;valuation,<span style="mso-spacerun: yes;">&nbsp; </span>Apprentissage<span style="mso-spacerun: yes;">&nbsp; </span>et<span style="mso-spacerun: yes;">&nbsp; </span>Gestion<span style="mso-spacerun: yes;">&nbsp; </span>des<span style="mso-spacerun: yes;">&nbsp; </span>savoirs. </span></strong></p>\r\n<p class="MsoNormal" style="text-align: justify; line-height: 150%;"><span lang="FR" style="font-size: 12.0pt; mso-bidi-font-size: 11.0pt; line-height: 150%; font-family: \'Times New Roman\',serif;">Le<span style="mso-spacerun: yes;">&nbsp; </span>Syst&egrave;me<span style="mso-spacerun: yes;">&nbsp; </span>de suivi-&eacute;valuation<span style="mso-spacerun: yes;">&nbsp; </span>sera<span style="mso-spacerun: yes;">&nbsp; </span>d&eacute;velopp&eacute;<span style="mso-spacerun: yes;">&nbsp; </span>selon<span style="mso-spacerun: yes;">&nbsp; </span>le<span style="mso-spacerun: yes;">&nbsp; </span>sch&eacute;ma<span style="mso-spacerun: yes;">&nbsp; </span>de<span style="mso-spacerun: yes;">&nbsp; </span>gestion<span style="mso-spacerun: yes;">&nbsp; </span>ax&eacute;e<span style="mso-spacerun: yes;">&nbsp; </span>sur<span style="mso-spacerun: yes;">&nbsp; </span>les<span style="mso-spacerun: yes;">&nbsp; </span>r&eacute;sultats.<span style="mso-spacerun: yes;">&nbsp; </span>Il permettra de mesurer l&rsquo;&eacute;tat d&rsquo;avancement dans l&rsquo;ex&eacute;cution et de renseigner les indicateurs.<span style="mso-spacerun: yes;">&nbsp; </span>La<span style="mso-spacerun: yes;">&nbsp; </span>capitalisation,<span style="mso-spacerun: yes;">&nbsp; </span>la gestion des savoirs et la communication seront guid&eacute;es chacune par un plan de gestion qui sera<span style="mso-spacerun: yes;">&nbsp; </span>&eacute;labor&eacute;<span style="mso-spacerun: yes;">&nbsp; </span>au<span style="mso-spacerun: yes;">&nbsp; </span>d&eacute;marrage<span style="mso-spacerun: yes;">&nbsp; </span>du<span style="mso-spacerun: yes;">&nbsp; </span>projet.<span style="mso-spacerun: yes;">&nbsp; </span>Ledit<span style="mso-spacerun: yes;">&nbsp; </span>plan<span style="mso-spacerun: yes;">&nbsp; </span>pr&eacute;cisera<span style="mso-spacerun: yes;">&nbsp; </span>les<span style="mso-spacerun: yes;">&nbsp; </span>diff&eacute;rents<span style="mso-spacerun: yes;">&nbsp; </span>produits<span style="mso-spacerun: yes;">&nbsp; </span>de communication et outils sp&eacute;cifiques &agrave; d&eacute;velopper, les formats et supports les plus appropri&eacute;s </span></p>\r\n<p class="MsoNormal" style="text-align: justify; line-height: 150%; background: #F4B083; mso-background-themecolor: accent2; mso-background-themetint: 153;"><strong style="mso-bidi-font-weight: normal;"><span lang="FR" style="font-size: 12.0pt; mso-bidi-font-size: 11.0pt; line-height: 150%; font-family: \'Times New Roman\',serif; color: white; mso-themecolor: background1;">Innovations<span style="mso-spacerun: yes;">&nbsp; </span>et<span style="mso-spacerun: yes;">&nbsp; </span>mise<span style="mso-spacerun: yes;">&nbsp; </span>&agrave;<span style="mso-spacerun: yes;">&nbsp; </span>l&rsquo;&eacute;chelle. </span></strong></p>\r\n<p class="MsoNormal" style="text-align: justify; line-height: 150%;"><span lang="FR" style="font-size: 12.0pt; mso-bidi-font-size: 11.0pt; line-height: 150%; font-family: \'Times New Roman\',serif;">PAFPARJ repose sur une th&eacute;orie de changement<span style="mso-spacerun: yes;">&nbsp; </span>qui<span style="mso-spacerun: yes;">&nbsp; </span>pr&ocirc;ne<span style="mso-spacerun: yes;">&nbsp; </span>une<span style="mso-spacerun: yes;">&nbsp; </span>approche<span style="mso-spacerun: yes;">&nbsp; </span>de<span style="mso-spacerun: yes;">&nbsp; </span>transition agricole entrepreneuriale visant l&rsquo;insertion durable des jeunes dans des m&eacute;tiers attractifs et rentables en milieu rural. Il am&eacute;liore le statut &eacute;conomique du jeune au sein de l&rsquo;exploitation familiale et &agrave; travers des initiatives<span style="mso-spacerun: yes;">&nbsp; </span>qui<span style="mso-spacerun: yes;">&nbsp; </span>garantissent<span style="mso-spacerun: yes;">&nbsp; </span>un<span style="mso-spacerun: yes;">&nbsp; </span>revenu<span style="mso-spacerun: yes;">&nbsp; </span>d&eacute;cent.<span style="mso-spacerun: yes;">&nbsp; </span>Il<span style="mso-spacerun: yes;">&nbsp; </span>innove<span style="mso-spacerun: yes;">&nbsp; </span>par:<span style="mso-spacerun: yes;">&nbsp; </span></span></p>\r\n<p class="MsoListParagraphCxSpFirst" style="margin-left: 54.0pt; mso-add-space: auto; text-align: justify; text-indent: -36.0pt; line-height: 150%; mso-list: l0 level1 lfo3;"><!-- [if !supportLists]--><strong style="mso-bidi-font-weight: normal;"><span lang="FR" style="font-size: 12.0pt; mso-bidi-font-size: 11.0pt; line-height: 150%; font-family: \'Times New Roman\',serif; mso-fareast-font-family: \'Times New Roman\';"><span style="mso-list: Ignore;">A.<span style="font: 7.0pt \'Times New Roman\';">&nbsp;&nbsp;&nbsp;&nbsp;&nbsp;&nbsp;&nbsp;&nbsp;&nbsp;&nbsp;&nbsp;&nbsp;&nbsp;&nbsp;&nbsp; </span></span></span></strong><!--[endif]--><span lang="FR" style="font-size: 12.0pt; mso-bidi-font-size: 11.0pt; line-height: 150%; font-family: \'Times New Roman\',serif;">Sa<span style="mso-spacerun: yes;">&nbsp; </span>strat&eacute;gie<span style="mso-spacerun: yes;">&nbsp; </span>de <span style="mso-spacerun: yes;">&nbsp;</span>r&eacute;ponse globale bas&eacute;e sur l&rsquo;am&eacute;lioration du revenu et le renforcement de la r&eacute;silience des jeunes ruraux</span></p>\r\n<p class="MsoListParagraphCxSpMiddle" style="margin-left: 54.0pt; mso-add-space: auto; text-align: justify; text-indent: -36.0pt; line-height: 150%; mso-list: l0 level1 lfo3;"><!-- [if !supportLists]--><strong style="mso-bidi-font-weight: normal;"><span lang="FR" style="font-size: 12.0pt; mso-bidi-font-size: 11.0pt; line-height: 150%; font-family: \'Times New Roman\',serif; mso-fareast-font-family: \'Times New Roman\';"><span style="mso-list: Ignore;">B.<span style="font: 7.0pt \'Times New Roman\';">&nbsp;&nbsp;&nbsp;&nbsp;&nbsp;&nbsp;&nbsp;&nbsp;&nbsp;&nbsp;&nbsp;&nbsp;&nbsp;&nbsp;&nbsp;&nbsp; </span></span></span></strong><!--[endif]--><span lang="FR" style="font-size: 12.0pt; mso-bidi-font-size: 11.0pt; line-height: 150%; font-family: \'Times New Roman\',serif;">La<span style="mso-spacerun: yes;">&nbsp; </span>promotion<span style="mso-spacerun: yes;">&nbsp; </span>de<span style="mso-spacerun: yes;">&nbsp; </span>mod&egrave;les<span style="mso-spacerun: yes;">&nbsp; </span>&eacute;conomiques<span style="mso-spacerun: yes;">&nbsp; </span>p&eacute;rennes<span style="mso-spacerun: yes;">&nbsp; </span>adapt&eacute;s<span style="mso-spacerun: yes;">&nbsp; </span>aux<span style="mso-spacerun: yes;">&nbsp; </span>situations<span style="mso-spacerun: yes;">&nbsp; </span>des jeunes</span></p>\r\n<p class="MsoListParagraphCxSpLast" style="margin-left: 54.0pt; mso-add-space: auto; text-align: justify; text-indent: -36.0pt; line-height: 150%; mso-list: l0 level1 lfo3;"><!-- [if !supportLists]--><strong style="mso-bidi-font-weight: normal;"><span lang="FR" style="font-size: 12.0pt; mso-bidi-font-size: 11.0pt; line-height: 150%; font-family: \'Times New Roman\',serif; mso-fareast-font-family: \'Times New Roman\';"><span style="mso-list: Ignore;">C.<span style="font: 7.0pt \'Times New Roman\';">&nbsp;&nbsp;&nbsp;&nbsp;&nbsp;&nbsp;&nbsp;&nbsp;&nbsp;&nbsp;&nbsp;&nbsp;&nbsp;&nbsp;&nbsp; </span></span></span></strong><!--[endif]--><span lang="FR" style="font-size: 12.0pt; mso-bidi-font-size: 11.0pt; line-height: 150%; font-family: \'Times New Roman\',serif;">Son approche inclusive qui renforce l&rsquo;int&eacute;gration, le leadership et l&rsquo;engagement citoyen des jeunes ruraux dans les organisations professionnelles et dans les processus de d&eacute;veloppement<span style="mso-spacerun: yes;">&nbsp; </span>&eacute;conomique<span style="mso-spacerun: yes;">&nbsp; </span>et<span style="mso-spacerun: yes;">&nbsp; </span>social. </span></p>\r\n<p class="MsoNormal" style="text-align: justify; line-height: 150%;"><span lang="FR" style="font-size: 14.0pt; mso-bidi-font-size: 11.0pt; line-height: 150%; font-family: \'Cooper Std Black\',serif; mso-bidi-font-family: \'Times New Roman\'; color: #5b9bd5; mso-themecolor: accent1;">STRATEGIE DE MISE EN &OElig;UVRE </span></p>\r\n<p class="MsoNormal" style="margin-left: 18.0pt; text-align: justify; line-height: 150%;"><span lang="FR" style="font-size: 12.0pt; mso-bidi-font-size: 11.0pt; line-height: 150%; font-family: \'Times New Roman\',serif;">La<span style="mso-spacerun: yes;">&nbsp; </span>strat&eacute;gie<span style="mso-spacerun: yes;">&nbsp; </span>tire<span style="mso-spacerun: yes;">&nbsp; </span>le&ccedil;on<span style="mso-spacerun: yes;">&nbsp; </span>des<span style="mso-spacerun: yes;">&nbsp; </span>exp&eacute;riences<span style="mso-spacerun: yes;">&nbsp; </span>positives acquises en Afrique qu&rsquo;il enrichira<span style="mso-spacerun: yes;">&nbsp; </span>au cours<span style="mso-spacerun: yes;">&nbsp; </span>du<span style="mso-spacerun: yes;">&nbsp; </span>cycle du projet pour une mise<span style="mso-spacerun: yes;">&nbsp; </span>&agrave; l&rsquo;&eacute;chelle ult&eacute;rieure. Un des facteurs de r&eacute;ussite du Programme d&rsquo;Appui Foncier pour la Promotion de l&rsquo;Agriculture Rural au profit des Jeunes sera l\'&eacute;tablissement de partenariats effectifs avec<span style="mso-spacerun: yes;">&nbsp; </span>les tr&egrave;s nombreux<span style="mso-spacerun: yes;">&nbsp; </span>projets des<span style="mso-spacerun: yes;">&nbsp; </span>jeunes<span style="mso-spacerun: yes;">&nbsp; </span>issus des 20 pays d&rsquo;ex&eacute;cution du projet et<span style="mso-spacerun: yes;">&nbsp; </span>d\'appuyer<span style="mso-spacerun: yes;">&nbsp; </span>le Gouvernement de chaque pays dans la mise en place d\'un programme national de jeunes ruraux. </span></p>\r\n<p class="MsoNormal" style="text-align: justify; line-height: 150%;"><span lang="FR" style="font-size: 14.0pt; mso-bidi-font-size: 11.0pt; line-height: 150%; font-family: \'Cooper Std Black\',serif; mso-bidi-font-family: \'Times New Roman\'; color: #5b9bd5; mso-themecolor: accent1;">Plan<span style="mso-spacerun: yes;">&nbsp; </span>de<span style="mso-spacerun: yes;">&nbsp; </span>mise <span style="mso-spacerun: yes;">&nbsp;</span>en<span style="mso-spacerun: yes;">&nbsp; </span>&oelig;uvre</span></p>\r\n<p class="MsoNormal" style="margin-left: 18.0pt; text-align: justify; line-height: 150%;"><span lang="FR" style="font-size: 12.0pt; mso-bidi-font-size: 11.0pt; line-height: 150%; font-family: \'Times New Roman\',serif;">La pr&eacute;paration du projet anticipe les exigences l&eacute;gales qui souvent<span style="mso-spacerun: yes;">&nbsp; </span>retardent<span style="mso-spacerun: yes;">&nbsp; </span>le<span style="mso-spacerun: yes;">&nbsp; </span>d&eacute;marrage<span style="mso-spacerun: yes;">&nbsp; </span>des<span style="mso-spacerun: yes;">&nbsp; </span>activit&eacute;s<span style="mso-spacerun: yes;">&nbsp; </span>apr&egrave;s<span style="mso-spacerun: yes;">&nbsp; </span>l&rsquo;entr&eacute;e<span style="mso-spacerun: yes;">&nbsp; </span>en<span style="mso-spacerun: yes;">&nbsp; </span>vigueur<span style="mso-spacerun: yes;">&nbsp; </span>de<span style="mso-spacerun: yes;">&nbsp; </span>l&rsquo;accord<span style="mso-spacerun: yes;">&nbsp; </span>de financement. Il s&rsquo;agira de satisfaire les conditions pr&eacute;alables au premier d&eacute;caissement, pour permettre de maximiser le temps de d&eacute;ploiement des activit&eacute;s sur le terrain. La strat&eacute;gie op&eacute;rationnelle<span style="mso-spacerun: yes;">&nbsp; </span>du<span style="mso-spacerun: yes;">&nbsp; </span>projet<span style="mso-spacerun: yes;">&nbsp; </span>est<span style="mso-spacerun: yes;">&nbsp; </span>pens&eacute;e<span style="mso-spacerun: yes;">&nbsp; </span>suivant<span style="mso-spacerun: yes;">&nbsp; </span>un<span style="mso-spacerun: yes;">&nbsp; </span>processus<span style="mso-spacerun: yes;">&nbsp; </span>structur&eacute; d&rsquo;appui<span style="mso-spacerun: yes;">&nbsp; </span>aux<span style="mso-spacerun: yes;">&nbsp; </span>jeunes ruraux:</span></p>\r\n<p class="MsoListParagraphCxSpFirst" style="margin-left: 56.25pt; mso-add-space: auto; text-align: justify; text-indent: -36.0pt; line-height: 150%; mso-list: l4 level1 lfo4;"><!-- [if !supportLists]--><span lang="FR" style="font-size: 12.0pt; mso-bidi-font-size: 11.0pt; line-height: 150%; font-family: Wingdings; mso-fareast-font-family: Wingdings; mso-bidi-font-family: Wingdings;"><span style="mso-list: Ignore;">&uuml;<span style="font: 7.0pt \'Times New Roman\';">&nbsp;&nbsp;&nbsp; </span></span></span><!--[endif]--><span lang="FR" style="font-size: 12.0pt; mso-bidi-font-size: 11.0pt; line-height: 150%; font-family: \'Times New Roman\',serif;">Identification-orientation</span></p>\r\n<p class="MsoListParagraphCxSpMiddle" style="margin-left: 56.25pt; mso-add-space: auto; text-align: justify; text-indent: -36.0pt; line-height: 150%; mso-list: l4 level1 lfo4;"><!-- [if !supportLists]--><span lang="FR" style="font-size: 12.0pt; mso-bidi-font-size: 11.0pt; line-height: 150%; font-family: Wingdings; mso-fareast-font-family: Wingdings; mso-bidi-font-family: Wingdings;"><span style="mso-list: Ignore;">&uuml;<span style="font: 7.0pt \'Times New Roman\';">&nbsp;&nbsp;&nbsp; </span></span></span><!--[endif]--><span lang="FR" style="font-size: 12.0pt; mso-bidi-font-size: 11.0pt; line-height: 150%; font-family: \'Times New Roman\',serif;">Formation &ndash;renforcement &ndash;projet &eacute;conomique</span></p>\r\n<p class="MsoListParagraphCxSpLast" style="margin-left: 56.25pt; mso-add-space: auto; text-align: justify; text-indent: -36.0pt; line-height: 150%; mso-list: l4 level1 lfo4;"><!-- [if !supportLists]--><span lang="FR" style="font-size: 12.0pt; mso-bidi-font-size: 11.0pt; line-height: 150%; font-family: Wingdings; mso-fareast-font-family: Wingdings; mso-bidi-font-family: Wingdings;"><span style="mso-list: Ignore;">&uuml;<span style="font: 7.0pt \'Times New Roman\';">&nbsp;&nbsp;&nbsp; </span></span></span><!--[endif]--><span lang="FR" style="font-size: 12.0pt; mso-bidi-font-size: 11.0pt; line-height: 150%; font-family: \'Times New Roman\',serif;">Financement &ndash;accompagnement. </span></p>\r\n<p class="MsoNormal" style="margin-left: 20.25pt; text-align: justify; line-height: 150%;"><span lang="FR" style="font-size: 12.0pt; mso-bidi-font-size: 11.0pt; line-height: 150%; font-family: \'Times New Roman\',serif;">Cette strat&eacute;gie organise les appuis du projet en trois temps: </span></p>\r\n<p class="MsoListParagraphCxSpFirst" style="margin-left: 56.25pt; mso-add-space: auto; text-align: justify; text-indent: -36.0pt; line-height: 150%; mso-list: l5 level1 lfo5;"><!-- [if !supportLists]--><span lang="FR" style="font-size: 12.0pt; mso-bidi-font-size: 11.0pt; line-height: 150%; font-family: Wingdings; mso-fareast-font-family: Wingdings; mso-bidi-font-family: Wingdings;"><span style="mso-list: Ignore;">&uuml;<span style="font: 7.0pt \'Times New Roman\';">&nbsp;&nbsp;&nbsp; </span></span></span><!--[endif]--><span lang="FR" style="font-size: 12.0pt; mso-bidi-font-size: 11.0pt; line-height: 150%; font-family: \'Times New Roman\',serif;">Activit&eacute;s pr&eacute;paratoires et de Lancement du projet</span></p>\r\n<p class="MsoListParagraphCxSpMiddle" style="margin-left: 56.25pt; mso-add-space: auto; text-align: justify; text-indent: -36.0pt; line-height: 150%; mso-list: l5 level1 lfo5;"><!-- [if !supportLists]--><span lang="FR" style="font-size: 12.0pt; mso-bidi-font-size: 11.0pt; line-height: 150%; font-family: Wingdings; mso-fareast-font-family: Wingdings; mso-bidi-font-family: Wingdings;"><span style="mso-list: Ignore;">&uuml;<span style="font: 7.0pt \'Times New Roman\';">&nbsp;&nbsp;&nbsp; </span></span></span><!--[endif]--><span lang="FR" style="font-size: 12.0pt; mso-bidi-font-size: 11.0pt; line-height: 150%; font-family: \'Times New Roman\',serif;">Phase de d&eacute;ploiement</span></p>\r\n<p class="MsoListParagraphCxSpLast" style="margin-left: 56.25pt; mso-add-space: auto; text-align: justify; text-indent: -36.0pt; line-height: 150%; mso-list: l5 level1 lfo5;"><!-- [if !supportLists]--><span lang="FR" style="font-size: 12.0pt; mso-bidi-font-size: 11.0pt; line-height: 150%; font-family: Wingdings; mso-fareast-font-family: Wingdings; mso-bidi-font-family: Wingdings;"><span style="mso-list: Ignore;">&uuml;<span style="font: 7.0pt \'Times New Roman\';">&nbsp;&nbsp;&nbsp; </span></span></span><!--[endif]--><span lang="FR" style="font-size: 12.0pt; mso-bidi-font-size: 11.0pt; line-height: 150%; font-family: \'Times New Roman\',serif;"><span style="mso-spacerun: yes;">&nbsp;</span>Phase de consolidation et d&rsquo;ach&egrave;vement</span></p>\r\n<p class="MsoNormal" style="text-align: justify; line-height: 115%;"><span lang="FR" style="font-size: 14.0pt; mso-bidi-font-size: 11.0pt; line-height: 115%; font-family: \'Cooper Std Black\',serif; mso-bidi-font-family: \'Times New Roman\'; color: #5b9bd5; mso-themecolor: accent1;">PERSONNELS AFFECTES AU PROJET</span></p>\r\n<p class="MsoNormal" style="text-align: justify; line-height: 115%;"><span lang="FR" style="font-size: 12.0pt; line-height: 115%; font-family: \'Times New Roman\',serif;">1 Directeur&nbsp;: Le Directeur est la premi&egrave;re autorit&eacute; du projet. Il assure le bon d&eacute;roulement des activit&eacute;s men&eacute;es par l&rsquo;&eacute;quipe de projet. Il veille sur le bon fonctionnement du personnel administratif</span></p>\r\n<p class="MsoNormal" style="text-align: justify; line-height: 115%;"><span lang="FR" style="font-size: 12.0pt; line-height: 115%; font-family: \'Times New Roman\',serif;">1 Charg&eacute; de Programme&nbsp;: C&rsquo;est le coordonnateur du projet. Il a pour principal r&ocirc;le de pr&eacute;parer la planification des activit&eacute;s et veiller au respect scrupuleux des d&eacute;lais d&rsquo;ex&eacute;cution des activit&eacute;s sur le terrain</span></p>\r\n<p><span lang="FR">1 Informaticien&nbsp;: L\'informaticien assure le bon fonctionnement des outils informatiques :</span></p>\r\n<p style="margin-left: 36.0pt; text-indent: -18.0pt; mso-list: l6 level1 lfo6; tab-stops: list 36.0pt;"><!-- [if !supportLists]--><span lang="FR" style="font-size: 10.0pt; mso-bidi-font-size: 12.0pt; font-family: Symbol; mso-fareast-font-family: Symbol; mso-bidi-font-family: Symbol;"><span style="mso-list: Ignore;">&middot;<span style="font: 7.0pt \'Times New Roman\';">&nbsp;&nbsp;&nbsp;&nbsp;&nbsp;&nbsp;&nbsp;&nbsp; </span></span></span><!--[endif]--><span lang="FR">Edition d\'un cahier des charges technique selon les besoins des utilisateurs</span></p>\r\n<p style="margin-left: 36.0pt; text-indent: -18.0pt; mso-list: l6 level1 lfo6; tab-stops: list 36.0pt;"><!-- [if !supportLists]--><span lang="FR" style="font-size: 10.0pt; mso-bidi-font-size: 12.0pt; font-family: Symbol; mso-fareast-font-family: Symbol; mso-bidi-font-family: Symbol;"><span style="mso-list: Ignore;">&middot;<span style="font: 7.0pt \'Times New Roman\';">&nbsp;&nbsp;&nbsp;&nbsp;&nbsp;&nbsp;&nbsp;&nbsp; </span></span></span><!--[endif]--><span lang="FR">Choix du mat&eacute;riel physique, et &eacute;ventuellement assemblage</span></p>\r\n<p style="margin-left: 36.0pt; text-indent: -18.0pt; mso-list: l6 level1 lfo6; tab-stops: list 36.0pt;"><!-- [if !supportLists]--><span lang="FR" style="font-size: 10.0pt; mso-bidi-font-size: 12.0pt; font-family: Symbol; mso-fareast-font-family: Symbol; mso-bidi-font-family: Symbol;"><span style="mso-list: Ignore;">&middot;<span style="font: 7.0pt \'Times New Roman\';">&nbsp;&nbsp;&nbsp;&nbsp;&nbsp;&nbsp;&nbsp;&nbsp; </span></span></span><!--[endif]--><span lang="FR">Mise en place et administration du r&eacute;seau</span></p>\r\n<p style="margin-left: 36.0pt; text-indent: -18.0pt; mso-list: l6 level1 lfo6; tab-stops: list 36.0pt;"><!-- [if !supportLists]--><span lang="FR" style="font-size: 10.0pt; mso-bidi-font-size: 12.0pt; font-family: Symbol; mso-fareast-font-family: Symbol; mso-bidi-font-family: Symbol;"><span style="mso-list: Ignore;">&middot;<span style="font: 7.0pt \'Times New Roman\';">&nbsp;&nbsp;&nbsp;&nbsp;&nbsp;&nbsp;&nbsp;&nbsp; </span></span></span><!--[endif]--><span lang="FR">Installation des logiciels </span></p>\r\n<p style="margin-left: 36.0pt; text-indent: -18.0pt; mso-list: l6 level1 lfo6; tab-stops: list 36.0pt;"><!-- [if !supportLists]--><span lang="FR" style="font-size: 10.0pt; mso-bidi-font-size: 12.0pt; font-family: Symbol; mso-fareast-font-family: Symbol; mso-bidi-font-family: Symbol;"><span style="mso-list: Ignore;">&middot;<span style="font: 7.0pt \'Times New Roman\';">&nbsp;&nbsp;&nbsp;&nbsp;&nbsp;&nbsp;&nbsp;&nbsp; </span></span></span><!--[endif]--><span lang="FR">Gestion de la s&eacute;curit&eacute; num&eacute;rique</span></p>\r\n<p style="margin-left: 36.0pt; text-indent: -18.0pt; mso-list: l6 level1 lfo6; tab-stops: list 36.0pt;"><!-- [if !supportLists]--><span lang="FR" style="font-size: 10.0pt; mso-bidi-font-size: 12.0pt; font-family: Symbol; mso-fareast-font-family: Symbol; mso-bidi-font-family: Symbol;"><span style="mso-list: Ignore;">&middot;<span style="font: 7.0pt \'Times New Roman\';">&nbsp;&nbsp;&nbsp;&nbsp;&nbsp;&nbsp;&nbsp;&nbsp; </span></span></span><!--[endif]--><span lang="FR">Entretien et maintenance des postes informatiques</span></p>\r\n<p class="MsoNormal" style="text-align: justify; line-height: 115%;"><span lang="FR" style="font-size: 12.0pt; line-height: 115%; font-family: \'Times New Roman\',serif;">1 Comptable&nbsp;: Il veille &agrave; tout ce qui a rapport aux op&eacute;rations financi&egrave;res et bancaires du projet</span></p>\r\n<p class="MsoNormal" style="text-align: justify; line-height: 115%;"><span lang="FR" style="font-size: 12.0pt; line-height: 115%; font-family: \'Times New Roman\',serif;">1 Secr&eacute;taire&nbsp;: C&rsquo;est au secr&eacute;taire de r&eacute;ceptionner les courriers li&eacute;s au projet. Il doit &eacute;galement assurer les comptes rendus de r&eacute;union, les rapports de s&eacute;ance ayant au cours du projet. Son r&ocirc;le est donc essentiellement administratif. Il est la personne ressource du projet pour les informations officielles, faire passer les informations entre les commissions.</span></p>\r\n<p class="MsoNormal" style="text-align: justify; line-height: 150%;"><span lang="FR" style="font-size: 14.0pt; mso-bidi-font-size: 11.0pt; line-height: 150%; font-family: \'Cooper Std Black\',serif; mso-bidi-font-family: \'Times New Roman\'; color: #5b9bd5; mso-themecolor: accent1;">IMPLICATION DE LA COMMUNAUTE AUX ACTIVITES DU PROJET</span></p>\r\n<p class="MsoNormal" style="text-align: justify; line-height: 150%;"><span lang="FR" style="font-size: 12.0pt; mso-bidi-font-size: 11.0pt; line-height: 150%; font-family: \'Times New Roman\',serif;">Pour atteindre nos objectifs nous allons proc&eacute;der suivant une approche participative incluant toutes les parties prenantes au projet. Etant donn&eacute; que notre projet se fera dans 20 pays, les administrations locales de chaque pays seront mises &agrave; contribution pour choisir les villes et les localit&eacute;s dans lesquelles le projet sera ex&eacute;cut&eacute;. Ensuite, le plan d&rsquo;ex&eacute;cution du projet sera pr&eacute;sent&eacute; et valid&eacute; de commun accord avec les structures &eacute;tatiques et d&eacute;centralis&eacute;es de chaque pays ainsi que les partenaires techniques et financiers en la mati&egrave;re. L&rsquo;approche genre sera aussi prise en compte en ce sens que 50% des jeunes s&eacute;lectionn&eacute;s pour le projet seront des femmes.</span></p>\r\n<p class="MsoNormal" style="text-align: justify; line-height: 150%;"><span lang="FR" style="font-size: 14.0pt; mso-bidi-font-size: 11.0pt; line-height: 150%; font-family: \'Cooper Std Black\',serif; mso-bidi-font-family: \'Times New Roman\'; color: #5b9bd5; mso-themecolor: accent1;">PLAN DE SUIVI/EVALUATION ET DURABILITE DU PROJET</span></p>\r\n<p class="MsoNormal" style="text-align: justify; line-height: 150%;"><span lang="FR" style="font-size: 12.0pt; mso-bidi-font-size: 11.0pt; line-height: 150%; font-family: \'Times New Roman\',serif;">Le projet sera ex&eacute;cut&eacute; sur une dur&eacute;e de 05 ans. Au cours de ces ann&eacute;es, une &eacute;quipe de suivi/&eacute;valuation du projet sera mise en place pour suivre et appr&eacute;cier le d&eacute;roulement des activit&eacute;s sur le terrain. Trimestriellement, elle sera tenue de produire un rapport sur l&rsquo;&eacute;tat d&rsquo;avancement du projet. Ce rapport sera amend&eacute; et valid&eacute; lors d&rsquo;une s&eacute;ance de travail avec l&rsquo;&eacute;quipe du projet, les autorit&eacute;s locales et toutes les parties prenantes dudit projet. Apr&egrave;s la dur&eacute;e d&rsquo;ex&eacute;cution du projet, les jeunes qui seront s&eacute;lectionn&eacute;s et form&eacute;s serviront de formateurs ou de relais communautaires pour d&rsquo;autres jeunes d&eacute;sireux entreprendre. Ce faisant nous cr&eacute;ons ainsi de l&rsquo;emploi &agrave; plusieurs jeunes et par ricochet contribuons &agrave; la s&eacute;curit&eacute; alimentaire et &agrave; la promotion de l&rsquo;acc&egrave;s des jeunes &agrave; la terre.</span></p>\r\n<p class="MsoNormal" style="text-align: justify; line-height: 115%;"><span lang="FR" style="font-size: 14.0pt; mso-bidi-font-size: 11.0pt; line-height: 115%; font-family: \'Cooper Std Black\',serif; mso-bidi-font-family: \'Times New Roman\'; color: #5b9bd5; mso-themecolor: accent1;">PLANIFICATION DES ACTIVITES DU PROJET</span></p>\r\n<p class="MsoNormal" style="text-align: justify; line-height: 115%;"><span lang="FR" style="font-size: 12.0pt; line-height: 115%; font-family: \'Times New Roman\',serif;">&nbsp;</span></p>\r\n<p class="MsoNormal" style="text-align: justify; line-height: 115%;"><span lang="FR" style="font-size: 12.0pt; line-height: 115%; font-family: \'Times New Roman\',serif;">&nbsp;</span></p>\r\n<p class="MsoNormal" style="text-align: justify; line-height: 115%;"><span lang="FR" style="font-size: 12.0pt; line-height: 115%; font-family: \'Times New Roman\',serif;">&nbsp;</span></p>\r\n</div>\r\n<p><span lang="FR" style="font-size: 12.0pt; line-height: 115%; font-family: \'Times New Roman\',serif; mso-fareast-font-family: Calibri; mso-fareast-theme-font: minor-latin; mso-ansi-language: FR; mso-fareast-language: EN-US; mso-bidi-language: AR-SA;">&nbsp;</span></p>\r\n<table class="MsoTableGrid" style="border-collapse: collapse; border: none; mso-border-alt: solid windowtext .5pt; mso-yfti-tbllook: 1184; mso-padding-alt: 0cm 5.4pt 0cm 5.4pt;" border="1" cellspacing="0" cellpadding="0">\r\n<tbody>\r\n<tr style="mso-yfti-irow: 0; mso-yfti-firstrow: yes;">\r\n<td style="width: 164.15pt; border: solid windowtext 1.0pt; mso-border-alt: solid windowtext .5pt; padding: 0cm 5.4pt 0cm 5.4pt;" rowspan="2" width="219">\r\n<p class="MsoNormal" style="margin-bottom: 0cm; text-align: center; line-height: 115%;" align="center"><strong style="mso-bidi-font-weight: normal;"><span lang="FR" style="font-size: 12.0pt; line-height: 115%; font-family: \'Times New Roman\',serif;">ACTIVITES</span></strong></p>\r\n</td>\r\n<td style="width: 535.45pt; border: solid windowtext 1.0pt; border-left: none; mso-border-left-alt: solid windowtext .5pt; mso-border-alt: solid windowtext .5pt; padding: 0cm 5.4pt 0cm 5.4pt;" colspan="38" width="714">\r\n<p class="MsoNormal" style="margin-bottom: 0cm; text-align: center; line-height: 115%;" align="center"><strong style="mso-bidi-font-weight: normal;"><span lang="FR" style="font-size: 12.0pt; line-height: 115%; font-family: \'Times New Roman\',serif;">PERIODE</span></strong></p>\r\n</td>\r\n</tr>\r\n<tr style="mso-yfti-irow: 1;">\r\n<td style="width: 99.5pt; border-top: none; border-left: none; border-bottom: solid windowtext 1.0pt; border-right: solid windowtext 1.0pt; mso-border-top-alt: solid windowtext .5pt; mso-border-left-alt: solid windowtext .5pt; mso-border-alt: solid windowtext .5pt; padding: 0cm 5.4pt 0cm 5.4pt;" colspan="7" width="133">\r\n<p class="MsoNormal" style="margin-bottom: 0cm; text-align: center; line-height: 115%;" align="center"><strong style="mso-bidi-font-weight: normal;"><span lang="FR" style="font-size: 12.0pt; line-height: 115%; font-family: \'Times New Roman\',serif;">ANNEE 1</span></strong></p>\r\n</td>\r\n<td style="width: 105.25pt; border-top: none; border-left: none; border-bottom: solid windowtext 1.0pt; border-right: solid windowtext 1.0pt; mso-border-top-alt: solid windowtext .5pt; mso-border-left-alt: solid windowtext .5pt; mso-border-alt: solid windowtext .5pt; padding: 0cm 5.4pt 0cm 5.4pt;" colspan="8" width="140">\r\n<p class="MsoNormal" style="margin-bottom: 0cm; text-align: center; line-height: normal;" align="center"><strong style="mso-bidi-font-weight: normal;"><span lang="FR" style="font-size: 12.0pt; font-family: \'Times New Roman\',serif;">ANNEE 2</span></strong></p>\r\n</td>\r\n<td style="width: 125.9pt; border-top: none; border-left: none; border-bottom: solid windowtext 1.0pt; border-right: solid windowtext 1.0pt; mso-border-top-alt: solid windowtext .5pt; mso-border-left-alt: solid windowtext .5pt; mso-border-alt: solid windowtext .5pt; padding: 0cm 5.4pt 0cm 5.4pt;" colspan="8" width="168">\r\n<p class="MsoNormal" style="margin-bottom: 0cm; text-align: center; line-height: normal;" align="center"><strong style="mso-bidi-font-weight: normal;"><span lang="FR" style="font-size: 12.0pt; font-family: \'Times New Roman\',serif;">ANNEE 3</span></strong></p>\r\n</td>\r\n<td style="width: 105.25pt; border-top: none; border-left: none; border-bottom: solid windowtext 1.0pt; border-right: solid windowtext 1.0pt; mso-border-top-alt: solid windowtext .5pt; mso-border-left-alt: solid windowtext .5pt; mso-border-alt: solid windowtext .5pt; padding: 0cm 5.4pt 0cm 5.4pt;" colspan="8" width="140">\r\n<p class="MsoNormal" style="margin-bottom: 0cm; text-align: center; line-height: normal;" align="center"><strong style="mso-bidi-font-weight: normal;"><span lang="FR" style="font-size: 12.0pt; font-family: \'Times New Roman\',serif;">ANNEE 4</span></strong></p>\r\n</td>\r\n<td style="width: 99.55pt; border-top: none; border-left: none; border-bottom: solid windowtext 1.0pt; border-right: solid windowtext 1.0pt; mso-border-top-alt: solid windowtext .5pt; mso-border-left-alt: solid windowtext .5pt; mso-border-alt: solid windowtext .5pt; padding: 0cm 5.4pt 0cm 5.4pt;" colspan="7" width="133">\r\n<p class="MsoNormal" style="margin-bottom: 0cm; text-align: center; line-height: normal;" align="center"><strong style="mso-bidi-font-weight: normal;"><span lang="FR" style="font-size: 12.0pt; font-family: \'Times New Roman\',serif;">ANNEE 5</span></strong></p>\r\n</td>\r\n</tr>\r\n<tr style="mso-yfti-irow: 2;">\r\n<td style="width: 164.15pt; border: solid windowtext 1.0pt; border-top: none; mso-border-top-alt: solid windowtext .5pt; mso-border-alt: solid windowtext .5pt; padding: 0cm 5.4pt 0cm 5.4pt;" width="219">\r\n<p class="MsoNormal" style="margin-bottom: 0cm; text-align: center; line-height: 115%;" align="center"><strong style="mso-bidi-font-weight: normal;"><span lang="FR" style="font-size: 12.0pt; line-height: 115%; font-family: \'Times New Roman\',serif;">&nbsp;</span></strong></p>\r\n</td>\r\n<td style="width: 24.9pt; border-top: none; border-left: none; border-bottom: solid windowtext 1.0pt; border-right: solid windowtext 1.0pt; mso-border-top-alt: solid windowtext .5pt; mso-border-left-alt: solid windowtext .5pt; mso-border-alt: solid windowtext .5pt; padding: 0cm 5.4pt 0cm 5.4pt;" width="33">\r\n<p class="MsoNormal" style="margin-bottom: 0cm; text-align: center; line-height: 115%;" align="center"><strong style="mso-bidi-font-weight: normal;"><span lang="FR" style="font-size: 12.0pt; line-height: 115%; font-family: \'Times New Roman\',serif;">T1</span></strong></p>\r\n</td>\r\n<td style="width: 24.9pt; border-top: none; border-left: none; border-bottom: solid windowtext 1.0pt; border-right: solid windowtext 1.0pt; mso-border-top-alt: solid windowtext .5pt; mso-border-left-alt: solid windowtext .5pt; mso-border-alt: solid windowtext .5pt; padding: 0cm 5.4pt 0cm 5.4pt;" colspan="2" width="33">\r\n<p class="MsoNormal" style="margin-bottom: 0cm; text-align: center; line-height: 115%;" align="center"><strong style="mso-bidi-font-weight: normal;"><span lang="FR" style="font-size: 12.0pt; line-height: 115%; font-family: \'Times New Roman\',serif;">T2</span></strong></p>\r\n</td>\r\n<td style="width: 24.85pt; border-top: none; border-left: none; border-bottom: solid windowtext 1.0pt; border-right: solid windowtext 1.0pt; mso-border-top-alt: solid windowtext .5pt; mso-border-left-alt: solid windowtext .5pt; mso-border-alt: solid windowtext .5pt; padding: 0cm 5.4pt 0cm 5.4pt;" colspan="2" width="33">\r\n<p class="MsoNormal" style="margin-bottom: 0cm; text-align: center; line-height: 115%;" align="center"><strong style="mso-bidi-font-weight: normal;"><span lang="FR" style="font-size: 12.0pt; line-height: 115%; font-family: \'Times New Roman\',serif;">T3</span></strong></p>\r\n</td>\r\n<td style="width: 24.85pt; border-top: none; border-left: none; border-bottom: solid windowtext 1.0pt; border-right: solid windowtext 1.0pt; mso-border-top-alt: solid windowtext .5pt; mso-border-left-alt: solid windowtext .5pt; mso-border-alt: solid windowtext .5pt; padding: 0cm 5.4pt 0cm 5.4pt;" colspan="2" width="33">\r\n<p class="MsoNormal" style="margin-bottom: 0cm; text-align: center; line-height: 115%;" align="center"><strong style="mso-bidi-font-weight: normal;"><span lang="FR" style="font-size: 12.0pt; line-height: 115%; font-family: \'Times New Roman\',serif;">T4</span></strong></p>\r\n</td>\r\n<td style="width: 26.3pt; border-top: none; border-left: none; border-bottom: solid windowtext 1.0pt; border-right: solid windowtext 1.0pt; mso-border-top-alt: solid windowtext .5pt; mso-border-left-alt: solid windowtext .5pt; mso-border-alt: solid windowtext .5pt; padding: 0cm 5.4pt 0cm 5.4pt;" colspan="2" width="35">\r\n<p class="MsoNormal" style="margin-bottom: 0cm; text-align: center; line-height: 115%;" align="center"><strong style="mso-bidi-font-weight: normal;"><span lang="FR" style="font-size: 12.0pt; line-height: 115%; font-family: \'Times New Roman\',serif;">T1</span></strong></p>\r\n</td>\r\n<td style="width: 26.35pt; border-top: none; border-left: none; border-bottom: solid windowtext 1.0pt; border-right: solid windowtext 1.0pt; mso-border-top-alt: solid windowtext .5pt; mso-border-left-alt: solid windowtext .5pt; mso-border-alt: solid windowtext .5pt; padding: 0cm 5.4pt 0cm 5.4pt;" colspan="2" width="35">\r\n<p class="MsoNormal" style="margin-bottom: 0cm; text-align: center; line-height: 115%;" align="center"><strong style="mso-bidi-font-weight: normal;"><span lang="FR" style="font-size: 12.0pt; line-height: 115%; font-family: \'Times New Roman\',serif;">T2</span></strong></p>\r\n</td>\r\n<td style="width: 26.3pt; border-top: none; border-left: none; border-bottom: solid windowtext 1.0pt; border-right: solid windowtext 1.0pt; mso-border-top-alt: solid windowtext .5pt; mso-border-left-alt: solid windowtext .5pt; mso-border-alt: solid windowtext .5pt; padding: 0cm 5.4pt 0cm 5.4pt;" colspan="2" width="35">\r\n<p class="MsoNormal" style="margin-bottom: 0cm; text-align: center; line-height: 115%;" align="center"><strong style="mso-bidi-font-weight: normal;"><span lang="FR" style="font-size: 12.0pt; line-height: 115%; font-family: \'Times New Roman\',serif;">T3</span></strong></p>\r\n</td>\r\n<td style="width: 26.3pt; border-top: none; border-left: none; border-bottom: solid windowtext 1.0pt; border-right: solid windowtext 1.0pt; mso-border-top-alt: solid windowtext .5pt; mso-border-left-alt: solid windowtext .5pt; mso-border-alt: solid windowtext .5pt; padding: 0cm 5.4pt 0cm 5.4pt;" colspan="2" width="35">\r\n<p class="MsoNormal" style="margin-bottom: 0cm; text-align: center; line-height: 115%;" align="center"><strong style="mso-bidi-font-weight: normal;"><span lang="FR" style="font-size: 12.0pt; line-height: 115%; font-family: \'Times New Roman\',serif;">T4</span></strong></p>\r\n</td>\r\n<td style="width: 31.45pt; border-top: none; border-left: none; border-bottom: solid windowtext 1.0pt; border-right: solid windowtext 1.0pt; mso-border-top-alt: solid windowtext .5pt; mso-border-left-alt: solid windowtext .5pt; mso-border-alt: solid windowtext .5pt; padding: 0cm 5.4pt 0cm 5.4pt;" colspan="2" width="42">\r\n<p class="MsoNormal" style="margin-bottom: 0cm; text-align: center; line-height: 115%;" align="center"><strong style="mso-bidi-font-weight: normal;"><span lang="FR" style="font-size: 12.0pt; line-height: 115%; font-family: \'Times New Roman\',serif;">T1</span></strong></p>\r\n</td>\r\n<td style="width: 31.55pt; border-top: none; border-left: none; border-bottom: solid windowtext 1.0pt; border-right: solid windowtext 1.0pt; mso-border-top-alt: solid windowtext .5pt; mso-border-left-alt: solid windowtext .5pt; mso-border-alt: solid windowtext .5pt; padding: 0cm 5.4pt 0cm 5.4pt;" colspan="2" width="42">\r\n<p class="MsoNormal" style="margin-bottom: 0cm; text-align: center; line-height: 115%;" align="center"><strong style="mso-bidi-font-weight: normal;"><span lang="FR" style="font-size: 12.0pt; line-height: 115%; font-family: \'Times New Roman\',serif;">T2</span></strong></p>\r\n</td>\r\n<td style="width: 31.45pt; border-top: none; border-left: none; border-bottom: solid windowtext 1.0pt; border-right: solid windowtext 1.0pt; mso-border-top-alt: solid windowtext .5pt; mso-border-left-alt: solid windowtext .5pt; mso-border-alt: solid windowtext .5pt; padding: 0cm 5.4pt 0cm 5.4pt;" colspan="2" width="42">\r\n<p class="MsoNormal" style="margin-bottom: 0cm; text-align: center; line-height: 115%;" align="center"><strong style="mso-bidi-font-weight: normal;"><span lang="FR" style="font-size: 12.0pt; line-height: 115%; font-family: \'Times New Roman\',serif;">T3</span></strong></p>\r\n</td>\r\n<td style="width: 31.45pt; border-top: none; border-left: none; border-bottom: solid windowtext 1.0pt; border-right: solid windowtext 1.0pt; mso-border-top-alt: solid windowtext .5pt; mso-border-left-alt: solid windowtext .5pt; mso-border-alt: solid windowtext .5pt; padding: 0cm 5.4pt 0cm 5.4pt;" colspan="2" width="42">\r\n<p class="MsoNormal" style="margin-bottom: 0cm; text-align: center; line-height: 115%;" align="center"><strong style="mso-bidi-font-weight: normal;"><span lang="FR" style="font-size: 12.0pt; line-height: 115%; font-family: \'Times New Roman\',serif;">T4</span></strong></p>\r\n</td>\r\n<td style="width: 26.3pt; border-top: none; border-left: none; border-bottom: solid windowtext 1.0pt; border-right: solid windowtext 1.0pt; mso-border-top-alt: solid windowtext .5pt; mso-border-left-alt: solid windowtext .5pt; mso-border-alt: solid windowtext .5pt; padding: 0cm 5.4pt 0cm 5.4pt;" colspan="2" width="35">\r\n<p class="MsoNormal" style="margin-bottom: 0cm; text-align: center; line-height: 115%;" align="center"><strong style="mso-bidi-font-weight: normal;"><span lang="FR" style="font-size: 12.0pt; line-height: 115%; font-family: \'Times New Roman\',serif;">T1</span></strong></p>\r\n</td>\r\n<td style="width: 26.35pt; border-top: none; border-left: none; border-bottom: solid windowtext 1.0pt; border-right: solid windowtext 1.0pt; mso-border-top-alt: solid windowtext .5pt; mso-border-left-alt: solid windowtext .5pt; mso-border-alt: solid windowtext .5pt; padding: 0cm 5.4pt 0cm 5.4pt;" colspan="2" width="35">\r\n<p class="MsoNormal" style="margin-bottom: 0cm; text-align: center; line-height: 115%;" align="center"><strong style="mso-bidi-font-weight: normal;"><span lang="FR" style="font-size: 12.0pt; line-height: 115%; font-family: \'Times New Roman\',serif;">T2</span></strong></p>\r\n</td>\r\n<td style="width: 26.3pt; border-top: none; border-left: none; border-bottom: solid windowtext 1.0pt; border-right: solid windowtext 1.0pt; mso-border-top-alt: solid windowtext .5pt; mso-border-left-alt: solid windowtext .5pt; mso-border-alt: solid windowtext .5pt; padding: 0cm 5.4pt 0cm 5.4pt;" colspan="2" width="35">\r\n<p class="MsoNormal" style="margin-bottom: 0cm; text-align: center; line-height: 115%;" align="center"><strong style="mso-bidi-font-weight: normal;"><span lang="FR" style="font-size: 12.0pt; line-height: 115%; font-family: \'Times New Roman\',serif;">T3</span></strong></p>\r\n</td>\r\n<td style="width: 26.3pt; border-top: none; border-left: none; border-bottom: solid windowtext 1.0pt; border-right: solid windowtext 1.0pt; mso-border-top-alt: solid windowtext .5pt; mso-border-left-alt: solid windowtext .5pt; mso-border-alt: solid windowtext .5pt; padding: 0cm 5.4pt 0cm 5.4pt;" colspan="2" width="35">\r\n<p class="MsoNormal" style="margin-bottom: 0cm; text-align: center; line-height: 115%;" align="center"><strong style="mso-bidi-font-weight: normal;"><span lang="FR" style="font-size: 12.0pt; line-height: 115%; font-family: \'Times New Roman\',serif;">T4</span></strong></p>\r\n</td>\r\n<td style="width: 24.85pt; border-top: none; border-left: none; border-bottom: solid windowtext 1.0pt; border-right: solid windowtext 1.0pt; mso-border-top-alt: solid windowtext .5pt; mso-border-left-alt: solid windowtext .5pt; mso-border-alt: solid windowtext .5pt; padding: 0cm 5.4pt 0cm 5.4pt;" colspan="2" width="33">\r\n<p class="MsoNormal" style="margin-bottom: 0cm; text-align: center; line-height: 115%;" align="center"><strong style="mso-bidi-font-weight: normal;"><span lang="FR" style="font-size: 12.0pt; line-height: 115%; font-family: \'Times New Roman\',serif;">T1</span></strong></p>\r\n</td>\r\n<td style="width: 24.85pt; border-top: none; border-left: none; border-bottom: solid windowtext 1.0pt; border-right: solid windowtext 1.0pt; mso-border-top-alt: solid windowtext .5pt; mso-border-left-alt: solid windowtext .5pt; mso-border-alt: solid windowtext .5pt; padding: 0cm 5.4pt 0cm 5.4pt;" colspan="2" width="33">\r\n<p class="MsoNormal" style="margin-bottom: 0cm; text-align: center; line-height: 115%;" align="center"><strong style="mso-bidi-font-weight: normal;"><span lang="FR" style="font-size: 12.0pt; line-height: 115%; font-family: \'Times New Roman\',serif;">T2</span></strong></p>\r\n</td>\r\n<td style="width: 24.85pt; border-top: none; border-left: none; border-bottom: solid windowtext 1.0pt; border-right: solid windowtext 1.0pt; mso-border-top-alt: solid windowtext .5pt; mso-border-left-alt: solid windowtext .5pt; mso-border-alt: solid windowtext .5pt; padding: 0cm 5.4pt 0cm 5.4pt;" colspan="2" width="33">\r\n<p class="MsoNormal" style="margin-bottom: 0cm; text-align: center; line-height: 115%;" align="center"><strong style="mso-bidi-font-weight: normal;"><span lang="FR" style="font-size: 12.0pt; line-height: 115%; font-family: \'Times New Roman\',serif;">T3</span></strong></p>\r\n</td>\r\n<td style="width: 25.0pt; border-top: none; border-left: none; border-bottom: solid windowtext 1.0pt; border-right: solid windowtext 1.0pt; mso-border-top-alt: solid windowtext .5pt; mso-border-left-alt: solid windowtext .5pt; mso-border-alt: solid windowtext .5pt; padding: 0cm 5.4pt 0cm 5.4pt;" width="33">\r\n<p class="MsoNormal" style="margin-bottom: 0cm; text-align: center; line-height: 115%;" align="center"><strong style="mso-bidi-font-weight: normal;"><span lang="FR" style="font-size: 12.0pt; line-height: 115%; font-family: \'Times New Roman\',serif;">T4</span></strong></p>\r\n</td>\r\n</tr>\r\n<tr style="mso-yfti-irow: 3;">\r\n<td style="width: 699.6pt; border: solid windowtext 1.0pt; border-top: none; mso-border-top-alt: solid windowtext .5pt; mso-border-alt: solid windowtext .5pt; padding: 0cm 5.4pt 0cm 5.4pt;" colspan="39" width="933">\r\n<p class="MsoNormal" style="margin-bottom: 0cm; text-align: center; line-height: 115%;" align="center"><strong style="mso-bidi-font-weight: normal;"><span lang="FR" style="font-size: 12.0pt; line-height: 115%; font-family: \'Times New Roman\',serif;">R&eacute;sultat 1&nbsp;: </span></strong><strong style="mso-bidi-font-weight: normal;"><span lang="FR" style="font-size: 12.0pt; mso-bidi-font-size: 11.0pt; line-height: 115%; font-family: \'Times New Roman\',serif;">90% des jeunes ruraux d&eacute;tenteurs de projets obtiennent<span style="mso-spacerun: yes;">&nbsp; </span>d&rsquo;appui foncier</span></strong></p>\r\n</td>\r\n</tr>\r\n<tr style="mso-yfti-irow: 4;">\r\n<td style="width: 164.15pt; border: solid windowtext 1.0pt; border-top: none; mso-border-top-alt: solid windowtext .5pt; mso-border-alt: solid windowtext .5pt; padding: 0cm 5.4pt 0cm 5.4pt;" valign="top" width="219">\r\n<p class="MsoNormal" style="margin-bottom: 0cm; line-height: normal;"><strong style="mso-bidi-font-weight: normal;"><span lang="FR" style="font-size: 12.0pt; mso-bidi-font-size: 11.0pt; font-family: \'Times New Roman\',serif;">Activit&eacute; 1.1&nbsp;: </span></strong><span lang="FR" style="font-size: 12.0pt; mso-bidi-font-size: 11.0pt; font-family: \'Times New Roman\',serif;">Recrutement et mise en place de l&rsquo;&eacute;quipe du projet dans chaque pays</span></p>\r\n</td>\r\n<td style="width: 24.9pt; border-top: none; border-left: none; border-bottom: solid windowtext 1.0pt; border-right: solid windowtext 1.0pt; mso-border-top-alt: solid windowtext .5pt; mso-border-left-alt: solid windowtext .5pt; mso-border-alt: solid windowtext .5pt; padding: 0cm 5.4pt 0cm 5.4pt;" width="33">\r\n<p class="MsoNormal" style="margin-bottom: 0cm; text-align: center; line-height: 115%;" align="center"><strong style="mso-bidi-font-weight: normal;"><span lang="FR" style="font-size: 12.0pt; line-height: 115%; font-family: \'Times New Roman\',serif;">X</span></strong></p>\r\n</td>\r\n<td style="width: 24.9pt; border-top: none; border-left: none; border-bottom: solid windowtext 1.0pt; border-right: solid windowtext 1.0pt; mso-border-top-alt: solid windowtext .5pt; mso-border-left-alt: solid windowtext .5pt; mso-border-alt: solid windowtext .5pt; padding: 0cm 5.4pt 0cm 5.4pt;" colspan="2" width="33">\r\n<p class="MsoNormal" style="margin-bottom: 0cm; text-align: center; line-height: 115%;" align="center"><strong style="mso-bidi-font-weight: normal;"><span lang="FR" style="font-size: 12.0pt; line-height: 115%; font-family: \'Times New Roman\',serif;">&nbsp;</span></strong></p>\r\n</td>\r\n<td style="width: 24.85pt; border-top: none; border-left: none; border-bottom: solid windowtext 1.0pt; border-right: solid windowtext 1.0pt; mso-border-top-alt: solid windowtext .5pt; mso-border-left-alt: solid windowtext .5pt; mso-border-alt: solid windowtext .5pt; padding: 0cm 5.4pt 0cm 5.4pt;" colspan="2" width="33">\r\n<p class="MsoNormal" style="margin-bottom: 0cm; text-align: center; line-height: 115%;" align="center"><strong style="mso-bidi-font-weight: normal;"><span lang="FR" style="font-size: 12.0pt; line-height: 115%; font-family: \'Times New Roman\',serif;">&nbsp;</span></strong></p>\r\n</td>\r\n<td style="width: 24.85pt; border-top: none; border-left: none; border-bottom: solid windowtext 1.0pt; border-right: solid windowtext 1.0pt; mso-border-top-alt: solid windowtext .5pt; mso-border-left-alt: solid windowtext .5pt; mso-border-alt: solid windowtext .5pt; padding: 0cm 5.4pt 0cm 5.4pt;" colspan="2" width="33">\r\n<p class="MsoNormal" style="margin-bottom: 0cm; text-align: center; line-height: 115%;" align="center"><strong style="mso-bidi-font-weight: normal;"><span lang="FR" style="font-size: 12.0pt; line-height: 115%; font-family: \'Times New Roman\',serif;">&nbsp;</span></strong></p>\r\n</td>\r\n<td style="width: 26.3pt; border-top: none; border-left: none; border-bottom: solid windowtext 1.0pt; border-right: solid windowtext 1.0pt; mso-border-top-alt: solid windowtext .5pt; mso-border-left-alt: solid windowtext .5pt; mso-border-alt: solid windowtext .5pt; padding: 0cm 5.4pt 0cm 5.4pt;" colspan="2" width="35">\r\n<p class="MsoNormal" style="margin-bottom: 0cm; text-align: center; line-height: 115%;" align="center"><strong style="mso-bidi-font-weight: normal;"><span lang="FR" style="font-size: 12.0pt; line-height: 115%; font-family: \'Times New Roman\',serif;">&nbsp;</span></strong></p>\r\n</td>\r\n<td style="width: 26.35pt; border-top: none; border-left: none; border-bottom: solid windowtext 1.0pt; border-right: solid windowtext 1.0pt; mso-border-top-alt: solid windowtext .5pt; mso-border-left-alt: solid windowtext .5pt; mso-border-alt: solid windowtext .5pt; padding: 0cm 5.4pt 0cm 5.4pt;" colspan="2" width="35">\r\n<p class="MsoNormal" style="margin-bottom: 0cm; text-align: center; line-height: 115%;" align="center"><strong style="mso-bidi-font-weight: normal;"><span lang="FR" style="font-size: 12.0pt; line-height: 115%; font-family: \'Times New Roman\',serif;">&nbsp;</span></strong></p>\r\n</td>\r\n<td style="width: 26.3pt; border-top: none; border-left: none; border-bottom: solid windowtext 1.0pt; border-right: solid windowtext 1.0pt; mso-border-top-alt: solid windowtext .5pt; mso-border-left-alt: solid windowtext .5pt; mso-border-alt: solid windowtext .5pt; padding: 0cm 5.4pt 0cm 5.4pt;" colspan="2" width="35">\r\n<p class="MsoNormal" style="margin-bottom: 0cm; text-align: center; line-height: 115%;" align="center"><strong style="mso-bidi-font-weight: normal;"><span lang="FR" style="font-size: 12.0pt; line-height: 115%; font-family: \'Times New Roman\',serif;">&nbsp;</span></strong></p>\r\n</td>\r\n<td style="width: 26.3pt; border-top: none; border-left: none; border-bottom: solid windowtext 1.0pt; border-right: solid windowtext 1.0pt; mso-border-top-alt: solid windowtext .5pt; mso-border-left-alt: solid windowtext .5pt; mso-border-alt: solid windowtext .5pt; padding: 0cm 5.4pt 0cm 5.4pt;" colspan="2" width="35">\r\n<p class="MsoNormal" style="margin-bottom: 0cm; text-align: center; line-height: 115%;" align="center"><strong style="mso-bidi-font-weight: normal;"><span lang="FR" style="font-size: 12.0pt; line-height: 115%; font-family: \'Times New Roman\',serif;">&nbsp;</span></strong></p>\r\n</td>\r\n<td style="width: 31.45pt; border-top: none; border-left: none; border-bottom: solid windowtext 1.0pt; border-right: solid windowtext 1.0pt; mso-border-top-alt: solid windowtext .5pt; mso-border-left-alt: solid windowtext .5pt; mso-border-alt: solid windowtext .5pt; padding: 0cm 5.4pt 0cm 5.4pt;" colspan="2" width="42">\r\n<p class="MsoNormal" style="margin-bottom: 0cm; text-align: center; line-height: 115%;" align="center"><strong style="mso-bidi-font-weight: normal;"><span lang="FR" style="font-size: 12.0pt; line-height: 115%; font-family: \'Times New Roman\',serif;">&nbsp;</span></strong></p>\r\n</td>\r\n<td style="width: 31.55pt; border-top: none; border-left: none; border-bottom: solid windowtext 1.0pt; border-right: solid windowtext 1.0pt; mso-border-top-alt: solid windowtext .5pt; mso-border-left-alt: solid windowtext .5pt; mso-border-alt: solid windowtext .5pt; padding: 0cm 5.4pt 0cm 5.4pt;" colspan="2" width="42">\r\n<p class="MsoNormal" style="margin-bottom: 0cm; text-align: center; line-height: 115%;" align="center"><strong style="mso-bidi-font-weight: normal;"><span lang="FR" style="font-size: 12.0pt; line-height: 115%; font-family: \'Times New Roman\',serif;">&nbsp;</span></strong></p>\r\n</td>\r\n<td style="width: 31.45pt; border-top: none; border-left: none; border-bottom: solid windowtext 1.0pt; border-right: solid windowtext 1.0pt; mso-border-top-alt: solid windowtext .5pt; mso-border-left-alt: solid windowtext .5pt; mso-border-alt: solid windowtext .5pt; padding: 0cm 5.4pt 0cm 5.4pt;" colspan="2" width="42">\r\n<p class="MsoNormal" style="margin-bottom: 0cm; text-align: center; line-height: 115%;" align="center"><strong style="mso-bidi-font-weight: normal;"><span lang="FR" style="font-size: 12.0pt; line-height: 115%; font-family: \'Times New Roman\',serif;">&nbsp;</span></strong></p>\r\n</td>\r\n<td style="width: 31.45pt; border-top: none; border-left: none; border-bottom: solid windowtext 1.0pt; border-right: solid windowtext 1.0pt; mso-border-top-alt: solid windowtext .5pt; mso-border-left-alt: solid windowtext .5pt; mso-border-alt: solid windowtext .5pt; padding: 0cm 5.4pt 0cm 5.4pt;" colspan="2" width="42">\r\n<p class="MsoNormal" style="margin-bottom: 0cm; text-align: center; line-height: 115%;" align="center"><strong style="mso-bidi-font-weight: normal;"><span lang="FR" style="font-size: 12.0pt; line-height: 115%; font-family: \'Times New Roman\',serif;">&nbsp;</span></strong></p>\r\n</td>\r\n<td style="width: 26.3pt; border-top: none; border-left: none; border-bottom: solid windowtext 1.0pt; border-right: solid windowtext 1.0pt; mso-border-top-alt: solid windowtext .5pt; mso-border-left-alt: solid windowtext .5pt; mso-border-alt: solid windowtext .5pt; padding: 0cm 5.4pt 0cm 5.4pt;" colspan="2" width="35">\r\n<p class="MsoNormal" style="margin-bottom: 0cm; text-align: center; line-height: 115%;" align="center"><strong style="mso-bidi-font-weight: normal;"><span lang="FR" style="font-size: 12.0pt; line-height: 115%; font-family: \'Times New Roman\',serif;">&nbsp;</span></strong></p>\r\n</td>\r\n<td style="width: 26.35pt; border-top: none; border-left: none; border-bottom: solid windowtext 1.0pt; border-right: solid windowtext 1.0pt; mso-border-top-alt: solid windowtext .5pt; mso-border-left-alt: solid windowtext .5pt; mso-border-alt: solid windowtext .5pt; padding: 0cm 5.4pt 0cm 5.4pt;" colspan="2" width="35">\r\n<p class="MsoNormal" style="margin-bottom: 0cm; text-align: center; line-height: 115%;" align="center"><strong style="mso-bidi-font-weight: normal;"><span lang="FR" style="font-size: 12.0pt; line-height: 115%; font-family: \'Times New Roman\',serif;">&nbsp;</span></strong></p>\r\n</td>\r\n<td style="width: 26.3pt; border-top: none; border-left: none; border-bottom: solid windowtext 1.0pt; border-right: solid windowtext 1.0pt; mso-border-top-alt: solid windowtext .5pt; mso-border-left-alt: solid windowtext .5pt; mso-border-alt: solid windowtext .5pt; padding: 0cm 5.4pt 0cm 5.4pt;" colspan="2" width="35">\r\n<p class="MsoNormal" style="margin-bottom: 0cm; text-align: center; line-height: 115%;" align="center"><strong style="mso-bidi-font-weight: normal;"><span lang="FR" style="font-size: 12.0pt; line-height: 115%; font-family: \'Times New Roman\',serif;">&nbsp;</span></strong></p>\r\n</td>\r\n<td style="width: 26.3pt; border-top: none; border-left: none; border-bottom: solid windowtext 1.0pt; border-right: solid windowtext 1.0pt; mso-border-top-alt: solid windowtext .5pt; mso-border-left-alt: solid windowtext .5pt; mso-border-alt: solid windowtext .5pt; padding: 0cm 5.4pt 0cm 5.4pt;" colspan="2" width="35">\r\n<p class="MsoNormal" style="margin-bottom: 0cm; text-align: center; line-height: 115%;" align="center"><strong style="mso-bidi-font-weight: normal;"><span lang="FR" style="font-size: 12.0pt; line-height: 115%; font-family: \'Times New Roman\',serif;">&nbsp;</span></strong></p>\r\n</td>\r\n<td style="width: 24.85pt; border-top: none; border-left: none; border-bottom: solid windowtext 1.0pt; border-right: solid windowtext 1.0pt; mso-border-top-alt: solid windowtext .5pt; mso-border-left-alt: solid windowtext .5pt; mso-border-alt: solid windowtext .5pt; padding: 0cm 5.4pt 0cm 5.4pt;" colspan="2" width="33">\r\n<p class="MsoNormal" style="margin-bottom: 0cm; text-align: center; line-height: 115%;" align="center"><strong style="mso-bidi-font-weight: normal;"><span lang="FR" style="font-size: 12.0pt; line-height: 115%; font-family: \'Times New Roman\',serif;">&nbsp;</span></strong></p>\r\n</td>\r\n<td style="width: 24.85pt; border-top: none; border-left: none; border-bottom: solid windowtext 1.0pt; border-right: solid windowtext 1.0pt; mso-border-top-alt: solid windowtext .5pt; mso-border-left-alt: solid windowtext .5pt; mso-border-alt: solid windowtext .5pt; padding: 0cm 5.4pt 0cm 5.4pt;" colspan="2" width="33">\r\n<p class="MsoNormal" style="margin-bottom: 0cm; text-align: center; line-height: 115%;" align="center"><strong style="mso-bidi-font-weight: normal;"><span lang="FR" style="font-size: 12.0pt; line-height: 115%; font-family: \'Times New Roman\',serif;">&nbsp;</span></strong></p>\r\n</td>\r\n<td style="width: 24.85pt; border-top: none; border-left: none; border-bottom: solid windowtext 1.0pt; border-right: solid windowtext 1.0pt; mso-border-top-alt: solid windowtext .5pt; mso-border-left-alt: solid windowtext .5pt; mso-border-alt: solid windowtext .5pt; padding: 0cm 5.4pt 0cm 5.4pt;" colspan="2" width="33">\r\n<p class="MsoNormal" style="margin-bottom: 0cm; text-align: center; line-height: 115%;" align="center"><strong style="mso-bidi-font-weight: normal;"><span lang="FR" style="font-size: 12.0pt; line-height: 115%; font-family: \'Times New Roman\',serif;">&nbsp;</span></strong></p>\r\n</td>\r\n<td style="width: 25.0pt; border-top: none; border-left: none; border-bottom: solid windowtext 1.0pt; border-right: solid windowtext 1.0pt; mso-border-top-alt: solid windowtext .5pt; mso-border-left-alt: solid windowtext .5pt; mso-border-alt: solid windowtext .5pt; padding: 0cm 5.4pt 0cm 5.4pt;" width="33">\r\n<p class="MsoNormal" style="margin-bottom: 0cm; text-align: center; line-height: 115%;" align="center"><strong style="mso-bidi-font-weight: normal;"><span lang="FR" style="font-size: 12.0pt; line-height: 115%; font-family: \'Times New Roman\',serif;">&nbsp;</span></strong></p>\r\n</td>\r\n</tr>\r\n<tr style="mso-yfti-irow: 5;">\r\n<td style="width: 164.15pt; border: solid windowtext 1.0pt; border-top: none; mso-border-top-alt: solid windowtext .5pt; mso-border-alt: solid windowtext .5pt; padding: 0cm 5.4pt 0cm 5.4pt;" valign="top" width="219">\r\n<p class="MsoNormal" style="margin-bottom: 0cm; line-height: normal;"><strong style="mso-bidi-font-weight: normal;"><span lang="FR" style="font-size: 12.0pt; mso-bidi-font-size: 11.0pt; font-family: \'Times New Roman\',serif;">Activit&eacute; 1.2&nbsp;: </span></strong><span lang="FR" style="font-size: 12.0pt; mso-bidi-font-size: 11.0pt; font-family: \'Times New Roman\',serif;">Lancement officiel du projet dans chaque pays</span></p>\r\n</td>\r\n<td style="width: 24.9pt; border-top: none; border-left: none; border-bottom: solid windowtext 1.0pt; border-right: solid windowtext 1.0pt; mso-border-top-alt: solid windowtext .5pt; mso-border-left-alt: solid windowtext .5pt; mso-border-alt: solid windowtext .5pt; padding: 0cm 5.4pt 0cm 5.4pt;" width="33">\r\n<p class="MsoNormal" style="margin-bottom: 0cm; text-align: center; line-height: 115%;" align="center"><strong style="mso-bidi-font-weight: normal;"><span lang="FR" style="font-size: 12.0pt; line-height: 115%; font-family: \'Times New Roman\',serif;">X</span></strong></p>\r\n</td>\r\n<td style="width: 24.9pt; border-top: none; border-left: none; border-bottom: solid windowtext 1.0pt; border-right: solid windowtext 1.0pt; mso-border-top-alt: solid windowtext .5pt; mso-border-left-alt: solid windowtext .5pt; mso-border-alt: solid windowtext .5pt; padding: 0cm 5.4pt 0cm 5.4pt;" colspan="2" width="33">\r\n<p class="MsoNormal" style="margin-bottom: 0cm; text-align: center; line-height: 115%;" align="center"><strong style="mso-bidi-font-weight: normal;"><span lang="FR" style="font-size: 12.0pt; line-height: 115%; font-family: \'Times New Roman\',serif;">&nbsp;</span></strong></p>\r\n</td>\r\n<td style="width: 24.85pt; border-top: none; border-left: none; border-bottom: solid windowtext 1.0pt; border-right: solid windowtext 1.0pt; mso-border-top-alt: solid windowtext .5pt; mso-border-left-alt: solid windowtext .5pt; mso-border-alt: solid windowtext .5pt; padding: 0cm 5.4pt 0cm 5.4pt;" colspan="2" width="33">\r\n<p class="MsoNormal" style="margin-bottom: 0cm; text-align: center; line-height: 115%;" align="center"><strong style="mso-bidi-font-weight: normal;"><span lang="FR" style="font-size: 12.0pt; line-height: 115%; font-family: \'Times New Roman\',serif;">&nbsp;</span></strong></p>\r\n</td>\r\n<td style="width: 24.85pt; border-top: none; border-left: none; border-bottom: solid windowtext 1.0pt; border-right: solid windowtext 1.0pt; mso-border-top-alt: solid windowtext .5pt; mso-border-left-alt: solid windowtext .5pt; mso-border-alt: solid windowtext .5pt; padding: 0cm 5.4pt 0cm 5.4pt;" colspan="2" width="33">\r\n<p class="MsoNormal" style="margin-bottom: 0cm; text-align: center; line-height: 115%;" align="center"><strong style="mso-bidi-font-weight: normal;"><span lang="FR" style="font-size: 12.0pt; line-height: 115%; font-family: \'Times New Roman\',serif;">&nbsp;</span></strong></p>\r\n</td>\r\n<td style="width: 26.3pt; border-top: none; border-left: none; border-bottom: solid windowtext 1.0pt; border-right: solid windowtext 1.0pt; mso-border-top-alt: solid windowtext .5pt; mso-border-left-alt: solid windowtext .5pt; mso-border-alt: solid windowtext .5pt; padding: 0cm 5.4pt 0cm 5.4pt;" colspan="2" width="35">\r\n<p class="MsoNormal" style="margin-bottom: 0cm; text-align: center; line-height: 115%;" align="center"><strong style="mso-bidi-font-weight: normal;"><span lang="FR" style="font-size: 12.0pt; line-height: 115%; font-family: \'Times New Roman\',serif;">&nbsp;</span></strong></p>\r\n</td>\r\n<td style="width: 26.35pt; border-top: none; border-left: none; border-bottom: solid windowtext 1.0pt; border-right: solid windowtext 1.0pt; mso-border-top-alt: solid windowtext .5pt; mso-border-left-alt: solid windowtext .5pt; mso-border-alt: solid windowtext .5pt; padding: 0cm 5.4pt 0cm 5.4pt;" colspan="2" width="35">\r\n<p class="MsoNormal" style="margin-bottom: 0cm; text-align: center; line-height: 115%;" align="center"><strong style="mso-bidi-font-weight: normal;"><span lang="FR" style="font-size: 12.0pt; line-height: 115%; font-family: \'Times New Roman\',serif;">&nbsp;</span></strong></p>\r\n</td>\r\n<td style="width: 26.3pt; border-top: none; border-left: none; border-bottom: solid windowtext 1.0pt; border-right: solid windowtext 1.0pt; mso-border-top-alt: solid windowtext .5pt; mso-border-left-alt: solid windowtext .5pt; mso-border-alt: solid windowtext .5pt; padding: 0cm 5.4pt 0cm 5.4pt;" colspan="2" width="35">\r\n<p class="MsoNormal" style="margin-bottom: 0cm; text-align: center; line-height: 115%;" align="center"><strong style="mso-bidi-font-weight: normal;"><span lang="FR" style="font-size: 12.0pt; line-height: 115%; font-family: \'Times New Roman\',serif;">&nbsp;</span></strong></p>\r\n</td>\r\n<td style="width: 26.3pt; border-top: none; border-left: none; border-bottom: solid windowtext 1.0pt; border-right: solid windowtext 1.0pt; mso-border-top-alt: solid windowtext .5pt; mso-border-left-alt: solid windowtext .5pt; mso-border-alt: solid windowtext .5pt; padding: 0cm 5.4pt 0cm 5.4pt;" colspan="2" width="35">\r\n<p class="MsoNormal" style="margin-bottom: 0cm; text-align: center; line-height: 115%;" align="center"><strong style="mso-bidi-font-weight: normal;"><span lang="FR" style="font-size: 12.0pt; line-height: 115%; font-family: \'Times New Roman\',serif;">&nbsp;</span></strong></p>\r\n</td>\r\n<td style="width: 31.45pt; border-top: none; border-left: none; border-bottom: solid windowtext 1.0pt; border-right: solid windowtext 1.0pt; mso-border-top-alt: solid windowtext .5pt; mso-border-left-alt: solid windowtext .5pt; mso-border-alt: solid windowtext .5pt; padding: 0cm 5.4pt 0cm 5.4pt;" colspan="2" width="42">\r\n<p class="MsoNormal" style="margin-bottom: 0cm; text-align: center; line-height: 115%;" align="center"><strong style="mso-bidi-font-weight: normal;"><span lang="FR" style="font-size: 12.0pt; line-height: 115%; font-family: \'Times New Roman\',serif;">&nbsp;</span></strong></p>\r\n</td>\r\n<td style="width: 31.55pt; border-top: none; border-left: none; border-bottom: solid windowtext 1.0pt; border-right: solid windowtext 1.0pt; mso-border-top-alt: solid windowtext .5pt; mso-border-left-alt: solid windowtext .5pt; mso-border-alt: solid windowtext .5pt; padding: 0cm 5.4pt 0cm 5.4pt;" colspan="2" width="42">\r\n<p class="MsoNormal" style="margin-bottom: 0cm; text-align: center; line-height: 115%;" align="center"><strong style="mso-bidi-font-weight: normal;"><span lang="FR" style="font-size: 12.0pt; line-height: 115%; font-family: \'Times New Roman\',serif;">&nbsp;</span></strong></p>\r\n</td>\r\n<td style="width: 31.45pt; border-top: none; border-left: none; border-bottom: solid windowtext 1.0pt; border-right: solid windowtext 1.0pt; mso-border-top-alt: solid windowtext .5pt; mso-border-left-alt: solid windowtext .5pt; mso-border-alt: solid windowtext .5pt; padding: 0cm 5.4pt 0cm 5.4pt;" colspan="2" width="42">\r\n<p class="MsoNormal" style="margin-bottom: 0cm; text-align: center; line-height: 115%;" align="center"><strong style="mso-bidi-font-weight: normal;"><span lang="FR" style="font-size: 12.0pt; line-height: 115%; font-family: \'Times New Roman\',serif;">&nbsp;</span></strong></p>\r\n</td>\r\n<td style="width: 31.45pt; border-top: none; border-left: none; border-bottom: solid windowtext 1.0pt; border-right: solid windowtext 1.0pt; mso-border-top-alt: solid windowtext .5pt; mso-border-left-alt: solid windowtext .5pt; mso-border-alt: solid windowtext .5pt; padding: 0cm 5.4pt 0cm 5.4pt;" colspan="2" width="42">\r\n<p class="MsoNormal" style="margin-bottom: 0cm; text-align: center; line-height: 115%;" align="center"><strong style="mso-bidi-font-weight: normal;"><span lang="FR" style="font-size: 12.0pt; line-height: 115%; font-family: \'Times New Roman\',serif;">&nbsp;</span></strong></p>\r\n</td>\r\n<td style="width: 26.3pt; border-top: none; border-left: none; border-bottom: solid windowtext 1.0pt; border-right: solid windowtext 1.0pt; mso-border-top-alt: solid windowtext .5pt; mso-border-left-alt: solid windowtext .5pt; mso-border-alt: solid windowtext .5pt; padding: 0cm 5.4pt 0cm 5.4pt;" colspan="2" width="35">\r\n<p class="MsoNormal" style="margin-bottom: 0cm; text-align: center; line-height: 115%;" align="center"><strong style="mso-bidi-font-weight: normal;"><span lang="FR" style="font-size: 12.0pt; line-height: 115%; font-family: \'Times New Roman\',serif;">&nbsp;</span></strong></p>\r\n</td>\r\n<td style="width: 26.35pt; border-top: none; border-left: none; border-bottom: solid windowtext 1.0pt; border-right: solid windowtext 1.0pt; mso-border-top-alt: solid windowtext .5pt; mso-border-left-alt: solid windowtext .5pt; mso-border-alt: solid windowtext .5pt; padding: 0cm 5.4pt 0cm 5.4pt;" colspan="2" width="35">\r\n<p class="MsoNormal" style="margin-bottom: 0cm; text-align: center; line-height: 115%;" align="center"><strong style="mso-bidi-font-weight: normal;"><span lang="FR" style="font-size: 12.0pt; line-height: 115%; font-family: \'Times New Roman\',serif;">&nbsp;</span></strong></p>\r\n</td>\r\n<td style="width: 26.3pt; border-top: none; border-left: none; border-bottom: solid windowtext 1.0pt; border-right: solid windowtext 1.0pt; mso-border-top-alt: solid windowtext .5pt; mso-border-left-alt: solid windowtext .5pt; mso-border-alt: solid windowtext .5pt; padding: 0cm 5.4pt 0cm 5.4pt;" colspan="2" width="35">\r\n<p class="MsoNormal" style="margin-bottom: 0cm; text-align: center; line-height: 115%;" align="center"><strong style="mso-bidi-font-weight: normal;"><span lang="FR" style="font-size: 12.0pt; line-height: 115%; font-family: \'Times New Roman\',serif;">&nbsp;</span></strong></p>\r\n</td>\r\n<td style="width: 26.3pt; border-top: none; border-left: none; border-bottom: solid windowtext 1.0pt; border-right: solid windowtext 1.0pt; mso-border-top-alt: solid windowtext .5pt; mso-border-left-alt: solid windowtext .5pt; mso-border-alt: solid windowtext .5pt; padding: 0cm 5.4pt 0cm 5.4pt;" colspan="2" width="35">\r\n<p class="MsoNormal" style="margin-bottom: 0cm; text-align: center; line-height: 115%;" align="center"><strong style="mso-bidi-font-weight: normal;"><span lang="FR" style="font-size: 12.0pt; line-height: 115%; font-family: \'Times New Roman\',serif;">&nbsp;</span></strong></p>\r\n</td>\r\n<td style="width: 24.85pt; border-top: none; border-left: none; border-bottom: solid windowtext 1.0pt; border-right: solid windowtext 1.0pt; mso-border-top-alt: solid windowtext .5pt; mso-border-left-alt: solid windowtext .5pt; mso-border-alt: solid windowtext .5pt; padding: 0cm 5.4pt 0cm 5.4pt;" colspan="2" width="33">\r\n<p class="MsoNormal" style="margin-bottom: 0cm; text-align: center; line-height: 115%;" align="center"><strong style="mso-bidi-font-weight: normal;"><span lang="FR" style="font-size: 12.0pt; line-height: 115%; font-family: \'Times New Roman\',serif;">&nbsp;</span></strong></p>\r\n</td>\r\n<td style="width: 24.85pt; border-top: none; border-left: none; border-bottom: solid windowtext 1.0pt; border-right: solid windowtext 1.0pt; mso-border-top-alt: solid windowtext .5pt; mso-border-left-alt: solid windowtext .5pt; mso-border-alt: solid windowtext .5pt; padding: 0cm 5.4pt 0cm 5.4pt;" colspan="2" width="33">\r\n<p class="MsoNormal" style="margin-bottom: 0cm; text-align: center; line-height: 115%;" align="center"><strong style="mso-bidi-font-weight: normal;"><span lang="FR" style="font-size: 12.0pt; line-height: 115%; font-family: \'Times New Roman\',serif;">&nbsp;</span></strong></p>\r\n</td>\r\n<td style="width: 24.85pt; border-top: none; border-left: none; border-bottom: solid windowtext 1.0pt; border-right: solid windowtext 1.0pt; mso-border-top-alt: solid windowtext .5pt; mso-border-left-alt: solid windowtext .5pt; mso-border-alt: solid windowtext .5pt; padding: 0cm 5.4pt 0cm 5.4pt;" colspan="2" width="33">\r\n<p class="MsoNormal" style="margin-bottom: 0cm; text-align: center; line-height: 115%;" align="center"><strong style="mso-bidi-font-weight: normal;"><span lang="FR" style="font-size: 12.0pt; line-height: 115%; font-family: \'Times New Roman\',serif;">&nbsp;</span></strong></p>\r\n</td>\r\n<td style="width: 25.0pt; border-top: none; border-left: none; border-bottom: solid windowtext 1.0pt; border-right: solid windowtext 1.0pt; mso-border-top-alt: solid windowtext .5pt; mso-border-left-alt: solid windowtext .5pt; mso-border-alt: solid windowtext .5pt; padding: 0cm 5.4pt 0cm 5.4pt;" width="33">\r\n<p class="MsoNormal" style="margin-bottom: 0cm; text-align: center; line-height: 115%;" align="center"><strong style="mso-bidi-font-weight: normal;"><span lang="FR" style="font-size: 12.0pt; line-height: 115%; font-family: \'Times New Roman\',serif;">&nbsp;</span></strong></p>\r\n</td>\r\n</tr>\r\n<tr style="mso-yfti-irow: 6;">\r\n<td style="width: 164.15pt; border: solid windowtext 1.0pt; border-top: none; mso-border-top-alt: solid windowtext .5pt; mso-border-alt: solid windowtext .5pt; padding: 0cm 5.4pt 0cm 5.4pt;" valign="top" width="219">\r\n<p class="MsoNormal" style="margin-bottom: 0cm; line-height: normal;"><strong style="mso-bidi-font-weight: normal;"><span lang="FR" style="font-size: 12.0pt; mso-bidi-font-size: 11.0pt; font-family: \'Times New Roman\',serif;">Activit&eacute; 1.3&nbsp;: </span></strong><span lang="FR" style="font-size: 12.0pt; mso-bidi-font-size: 11.0pt; font-family: \'Times New Roman\',serif;">Renforcement de capacit&eacute; des jeunes de chaque pays sur les questions fonci&egrave;res et sur la gouvernance fonci&egrave;re dans leur milieu<strong style="mso-bidi-font-weight: normal;">&nbsp;</strong></span></p>\r\n</td>\r\n<td style="width: 24.9pt; border-top: none; border-left: none; border-bottom: solid windowtext 1.0pt; border-right: solid windowtext 1.0pt; mso-border-top-alt: solid windowtext .5pt; mso-border-left-alt: solid windowtext .5pt; mso-border-alt: solid windowtext .5pt; padding: 0cm 5.4pt 0cm 5.4pt;" width="33">\r\n<p class="MsoNormal" style="margin-bottom: 0cm; text-align: center; line-height: 115%;" align="center"><strong style="mso-bidi-font-weight: normal;"><span lang="FR" style="font-size: 12.0pt; line-height: 115%; font-family: \'Times New Roman\',serif;">&nbsp;</span></strong></p>\r\n</td>\r\n<td style="width: 24.9pt; border-top: none; border-left: none; border-bottom: solid windowtext 1.0pt; border-right: solid windowtext 1.0pt; mso-border-top-alt: solid windowtext .5pt; mso-border-left-alt: solid windowtext .5pt; mso-border-alt: solid windowtext .5pt; padding: 0cm 5.4pt 0cm 5.4pt;" colspan="2" width="33">\r\n<p class="MsoNormal" style="margin-bottom: 0cm; text-align: center; line-height: 115%;" align="center"><strong style="mso-bidi-font-weight: normal;"><span lang="FR" style="font-size: 12.0pt; line-height: 115%; font-family: \'Times New Roman\',serif;">X</span></strong></p>\r\n</td>\r\n<td style="width: 24.85pt; border-top: none; border-left: none; border-bottom: solid windowtext 1.0pt; border-right: solid windowtext 1.0pt; mso-border-top-alt: solid windowtext .5pt; mso-border-left-alt: solid windowtext .5pt; mso-border-alt: solid windowtext .5pt; padding: 0cm 5.4pt 0cm 5.4pt;" colspan="2" width="33">\r\n<p class="MsoNormal" style="margin-bottom: 0cm; text-align: center; line-height: 115%;" align="center"><strong style="mso-bidi-font-weight: normal;"><span lang="FR" style="font-size: 12.0pt; line-height: 115%; font-family: \'Times New Roman\',serif;">&nbsp;</span></strong></p>\r\n</td>\r\n<td style="width: 24.85pt; border-top: none; border-left: none; border-bottom: solid windowtext 1.0pt; border-right: solid windowtext 1.0pt; mso-border-top-alt: solid windowtext .5pt; mso-border-left-alt: solid windowtext .5pt; mso-border-alt: solid windowtext .5pt; padding: 0cm 5.4pt 0cm 5.4pt;" colspan="2" width="33">\r\n<p class="MsoNormal" style="margin-bottom: 0cm; text-align: center; line-height: 115%;" align="center"><strong style="mso-bidi-font-weight: normal;"><span lang="FR" style="font-size: 12.0pt; line-height: 115%; font-family: \'Times New Roman\',serif;">&nbsp;</span></strong></p>\r\n</td>\r\n<td style="width: 26.3pt; border-top: none; border-left: none; border-bottom: solid windowtext 1.0pt; border-right: solid windowtext 1.0pt; mso-border-top-alt: solid windowtext .5pt; mso-border-left-alt: solid windowtext .5pt; mso-border-alt: solid windowtext .5pt; padding: 0cm 5.4pt 0cm 5.4pt;" colspan="2" width="35">\r\n<p class="MsoNormal" style="margin-bottom: 0cm; text-align: center; line-height: 115%;" align="center"><strong style="mso-bidi-font-weight: normal;"><span lang="FR" style="font-size: 12.0pt; line-height: 115%; font-family: \'Times New Roman\',serif;">&nbsp;</span></strong></p>\r\n</td>\r\n<td style="width: 26.35pt; border-top: none; border-left: none; border-bottom: solid windowtext 1.0pt; border-right: solid windowtext 1.0pt; mso-border-top-alt: solid windowtext .5pt; mso-border-left-alt: solid windowtext .5pt; mso-border-alt: solid windowtext .5pt; padding: 0cm 5.4pt 0cm 5.4pt;" colspan="2" width="35">\r\n<p class="MsoNormal" style="margin-bottom: 0cm; text-align: center; line-height: 115%;" align="center"><strong style="mso-bidi-font-weight: normal;"><span lang="FR" style="font-size: 12.0pt; line-height: 115%; font-family: \'Times New Roman\',serif;">&nbsp;</span></strong></p>\r\n</td>\r\n<td style="width: 26.3pt; border-top: none; border-left: none; border-bottom: solid windowtext 1.0pt; border-right: solid windowtext 1.0pt; mso-border-top-alt: solid windowtext .5pt; mso-border-left-alt: solid windowtext .5pt; mso-border-alt: solid windowtext .5pt; padding: 0cm 5.4pt 0cm 5.4pt;" colspan="2" width="35">\r\n<p class="MsoNormal" style="margin-bottom: 0cm; text-align: center; line-height: 115%;" align="center"><strong style="mso-bidi-font-weight: normal;"><span lang="FR" style="font-size: 12.0pt; line-height: 115%; font-family: \'Times New Roman\',serif;">&nbsp;</span></strong></p>\r\n</td>\r\n<td style="width: 26.3pt; border-top: none; border-left: none; border-bottom: solid windowtext 1.0pt; border-right: solid windowtext 1.0pt; mso-border-top-alt: solid windowtext .5pt; mso-border-left-alt: solid windowtext .5pt; mso-border-alt: solid windowtext .5pt; padding: 0cm 5.4pt 0cm 5.4pt;" colspan="2" width="35">\r\n<p class="MsoNormal" style="margin-bottom: 0cm; text-align: center; line-height: 115%;" align="center"><strong style="mso-bidi-font-weight: normal;"><span lang="FR" style="font-size: 12.0pt; line-height: 115%; font-family: \'Times New Roman\',serif;">&nbsp;</span></strong></p>\r\n</td>\r\n<td style="width: 31.45pt; border-top: none; border-left: none; border-bottom: solid windowtext 1.0pt; border-right: solid windowtext 1.0pt; mso-border-top-alt: solid windowtext .5pt; mso-border-left-alt: solid windowtext .5pt; mso-border-alt: solid windowtext .5pt; padding: 0cm 5.4pt 0cm 5.4pt;" colspan="2" width="42">\r\n<p class="MsoNormal" style="margin-bottom: 0cm; text-align: center; line-height: 115%;" align="center"><strong style="mso-bidi-font-weight: normal;"><span lang="FR" style="font-size: 12.0pt; line-height: 115%; font-family: \'Times New Roman\',serif;">&nbsp;</span></strong></p>\r\n</td>\r\n<td style="width: 31.55pt; border-top: none; border-left: none; border-bottom: solid windowtext 1.0pt; border-right: solid windowtext 1.0pt; mso-border-top-alt: solid windowtext .5pt; mso-border-left-alt: solid windowtext .5pt; mso-border-alt: solid windowtext .5pt; padding: 0cm 5.4pt 0cm 5.4pt;" colspan="2" width="42">\r\n<p class="MsoNormal" style="margin-bottom: 0cm; text-align: center; line-height: 115%;" align="center"><strong style="mso-bidi-font-weight: normal;"><span lang="FR" style="font-size: 12.0pt; line-height: 115%; font-family: \'Times New Roman\',serif;">&nbsp;</span></strong></p>\r\n</td>\r\n<td style="width: 31.45pt; border-top: none; border-left: none; border-bottom: solid windowtext 1.0pt; border-right: solid windowtext 1.0pt; mso-border-top-alt: solid windowtext .5pt; mso-border-left-alt: solid windowtext .5pt; mso-border-alt: solid windowtext .5pt; padding: 0cm 5.4pt 0cm 5.4pt;" colspan="2" width="42">\r\n<p class="MsoNormal" style="margin-bottom: 0cm; text-align: center; line-height: 115%;" align="center"><strong style="mso-bidi-font-weight: normal;"><span lang="FR" style="font-size: 12.0pt; line-height: 115%; font-family: \'Times New Roman\',serif;">&nbsp;</span></strong></p>\r\n</td>\r\n<td style="width: 31.45pt; border-top: none; border-left: none; border-bottom: solid windowtext 1.0pt; border-right: solid windowtext 1.0pt; mso-border-top-alt: solid windowtext .5pt; mso-border-left-alt: solid windowtext .5pt; mso-border-alt: solid windowtext .5pt; padding: 0cm 5.4pt 0cm 5.4pt;" colspan="2" width="42">\r\n<p class="MsoNormal" style="margin-bottom: 0cm; text-align: center; line-height: 115%;" align="center"><strong style="mso-bidi-font-weight: normal;"><span lang="FR" style="font-size: 12.0pt; line-height: 115%; font-family: \'Times New Roman\',serif;">&nbsp;</span></strong></p>\r\n</td>\r\n<td style="width: 26.3pt; border-top: none; border-left: none; border-bottom: solid windowtext 1.0pt; border-right: solid windowtext 1.0pt; mso-border-top-alt: solid windowtext .5pt; mso-border-left-alt: solid windowtext .5pt; mso-border-alt: solid windowtext .5pt; padding: 0cm 5.4pt 0cm 5.4pt;" colspan="2" width="35">\r\n<p class="MsoNormal" style="margin-bottom: 0cm; text-align: center; line-height: 115%;" align="center"><strong style="mso-bidi-font-weight: normal;"><span lang="FR" style="font-size: 12.0pt; line-height: 115%; font-family: \'Times New Roman\',serif;">&nbsp;</span></strong></p>\r\n</td>\r\n<td style="width: 26.35pt; border-top: none; border-left: none; border-bottom: solid windowtext 1.0pt; border-right: solid windowtext 1.0pt; mso-border-top-alt: solid windowtext .5pt; mso-border-left-alt: solid windowtext .5pt; mso-border-alt: solid windowtext .5pt; padding: 0cm 5.4pt 0cm 5.4pt;" colspan="2" width="35">\r\n<p class="MsoNormal" style="margin-bottom: 0cm; text-align: center; line-height: 115%;" align="center"><strong style="mso-bidi-font-weight: normal;"><span lang="FR" style="font-size: 12.0pt; line-height: 115%; font-family: \'Times New Roman\',serif;">&nbsp;</span></strong></p>\r\n</td>\r\n<td style="width: 26.3pt; border-top: none; border-left: none; border-bottom: solid windowtext 1.0pt; border-right: solid windowtext 1.0pt; mso-border-top-alt: solid windowtext .5pt; mso-border-left-alt: solid windowtext .5pt; mso-border-alt: solid windowtext .5pt; padding: 0cm 5.4pt 0cm 5.4pt;" colspan="2" width="35">\r\n<p class="MsoNormal" style="margin-bottom: 0cm; text-align: center; line-height: 115%;" align="center"><strong style="mso-bidi-font-weight: normal;"><span lang="FR" style="font-size: 12.0pt; line-height: 115%; font-family: \'Times New Roman\',serif;">&nbsp;</span></strong></p>\r\n</td>\r\n<td style="width: 26.3pt; border-top: none; border-left: none; border-bottom: solid windowtext 1.0pt; border-right: solid windowtext 1.0pt; mso-border-top-alt: solid windowtext .5pt; mso-border-left-alt: solid windowtext .5pt; mso-border-alt: solid windowtext .5pt; padding: 0cm 5.4pt 0cm 5.4pt;" colspan="2" width="35">\r\n<p class="MsoNormal" style="margin-bottom: 0cm; text-align: center; line-height: 115%;" align="center"><strong style="mso-bidi-font-weight: normal;"><span lang="FR" style="font-size: 12.0pt; line-height: 115%; font-family: \'Times New Roman\',serif;">&nbsp;</span></strong></p>\r\n</td>\r\n<td style="width: 24.85pt; border-top: none; border-left: none; border-bottom: solid windowtext 1.0pt; border-right: solid windowtext 1.0pt; mso-border-top-alt: solid windowtext .5pt; mso-border-left-alt: solid windowtext .5pt; mso-border-alt: solid windowtext .5pt; padding: 0cm 5.4pt 0cm 5.4pt;" colspan="2" width="33">\r\n<p class="MsoNormal" style="margin-bottom: 0cm; text-align: center; line-height: 115%;" align="center"><strong style="mso-bidi-font-weight: normal;"><span lang="FR" style="font-size: 12.0pt; line-height: 115%; font-family: \'Times New Roman\',serif;">&nbsp;</span></strong></p>\r\n</td>\r\n<td style="width: 24.85pt; border-top: none; border-left: none; border-bottom: solid windowtext 1.0pt; border-right: solid windowtext 1.0pt; mso-border-top-alt: solid windowtext .5pt; mso-border-left-alt: solid windowtext .5pt; mso-border-alt: solid windowtext .5pt; padding: 0cm 5.4pt 0cm 5.4pt;" colspan="2" width="33">\r\n<p class="MsoNormal" style="margin-bottom: 0cm; text-align: center; line-height: 115%;" align="center"><strong style="mso-bidi-font-weight: normal;"><span lang="FR" style="font-size: 12.0pt; line-height: 115%; font-family: \'Times New Roman\',serif;">&nbsp;</span></strong></p>\r\n</td>\r\n<td style="width: 24.85pt; border-top: none; border-left: none; border-bottom: solid windowtext 1.0pt; border-right: solid windowtext 1.0pt; mso-border-top-alt: solid windowtext .5pt; mso-border-left-alt: solid windowtext .5pt; mso-border-alt: solid windowtext .5pt; padding: 0cm 5.4pt 0cm 5.4pt;" colspan="2" width="33">\r\n<p class="MsoNormal" style="margin-bottom: 0cm; text-align: center; line-height: 115%;" align="center"><strong style="mso-bidi-font-weight: normal;"><span lang="FR" style="font-size: 12.0pt; line-height: 115%; font-family: \'Times New Roman\',serif;">&nbsp;</span></strong></p>\r\n</td>\r\n<td style="width: 25.0pt; border-top: none; border-left: none; border-bottom: solid windowtext 1.0pt; border-right: solid windowtext 1.0pt; mso-border-top-alt: solid windowtext .5pt; mso-border-left-alt: solid windowtext .5pt; mso-border-alt: solid windowtext .5pt; padding: 0cm 5.4pt 0cm 5.4pt;" width="33">\r\n<p class="MsoNormal" style="margin-bottom: 0cm; text-align: center; line-height: 115%;" align="center"><strong style="mso-bidi-font-weight: normal;"><span lang="FR" style="font-size: 12.0pt; line-height: 115%; font-family: \'Times New Roman\',serif;">&nbsp;</span></strong></p>\r\n</td>\r\n</tr>\r\n<tr style="mso-yfti-irow: 7;">\r\n<td style="width: 699.6pt; border: solid windowtext 1.0pt; border-top: none; mso-border-top-alt: solid windowtext .5pt; mso-border-alt: solid windowtext .5pt; padding: 0cm 5.4pt 0cm 5.4pt;" colspan="39" width="933">\r\n<p class="MsoNormal" style="margin-bottom: 0cm; text-align: center; line-height: 115%;" align="center"><strong style="mso-bidi-font-weight: normal;"><span lang="FR" style="font-size: 12.0pt; line-height: 115%; font-family: \'Times New Roman\',serif;">R&eacute;sultat 2&nbsp;: </span></strong><strong style="mso-bidi-font-weight: normal;"><span lang="FR" style="font-size: 12.0pt; mso-bidi-font-size: 11.0pt; line-height: 115%; font-family: \'Times New Roman\',serif;">Une association d&rsquo;int&eacute;r&ecirc;t foncier est mise en place dans chacun des 20 pays cibl&eacute;s par le programme</span></strong></p>\r\n</td>\r\n</tr>\r\n<tr style="mso-yfti-irow: 8;">\r\n<td style="width: 164.15pt; border: solid windowtext 1.0pt; border-top: none; mso-border-top-alt: solid windowtext .5pt; mso-border-alt: solid windowtext .5pt; padding: 0cm 5.4pt 0cm 5.4pt;" valign="top" width="219">\r\n<p class="MsoNormal" style="margin-bottom: 0cm; line-height: normal;"><strong style="mso-bidi-font-weight: normal;"><span lang="FR" style="font-size: 12.0pt; mso-bidi-font-size: 11.0pt; font-family: \'Times New Roman\',serif;">Activit&eacute; 2.1&nbsp;: </span></strong><span lang="FR" style="font-size: 12.0pt; mso-bidi-font-size: 11.0pt; font-family: \'Times New Roman\',serif;">Plaidoyer <span style="mso-spacerun: yes;">&nbsp;</span>et collecte de terre pour la mise en &oelig;uvre des projets&nbsp;</span></p>\r\n</td>\r\n<td style="width: 26.75pt; border-top: none; border-left: none; border-bottom: solid windowtext 1.0pt; border-right: solid windowtext 1.0pt; mso-border-top-alt: solid windowtext .5pt; mso-border-left-alt: solid windowtext .5pt; mso-border-alt: solid windowtext .5pt; padding: 0cm 5.4pt 0cm 5.4pt;" colspan="2" width="36">\r\n<p class="MsoNormal" style="margin-bottom: 0cm; text-align: center; line-height: 115%;" align="center"><strong style="mso-bidi-font-weight: normal;"><span lang="FR" style="font-size: 12.0pt; line-height: 115%; font-family: \'Times New Roman\',serif;">&nbsp;</span></strong></p>\r\n</td>\r\n<td style="width: 26.75pt; border-top: none; border-left: none; border-bottom: solid windowtext 1.0pt; border-right: solid windowtext 1.0pt; mso-border-top-alt: solid windowtext .5pt; mso-border-left-alt: solid windowtext .5pt; mso-border-alt: solid windowtext .5pt; padding: 0cm 5.4pt 0cm 5.4pt;" colspan="2" width="36">\r\n<p class="MsoNormal" style="margin-bottom: 0cm; text-align: center; line-height: 115%;" align="center"><strong style="mso-bidi-font-weight: normal;"><span lang="FR" style="font-size: 12.0pt; line-height: 115%; font-family: \'Times New Roman\',serif;">X</span></strong></p>\r\n</td>\r\n<td style="width: 26.75pt; border-top: none; border-left: none; border-bottom: solid windowtext 1.0pt; border-right: solid windowtext 1.0pt; mso-border-top-alt: solid windowtext .5pt; mso-border-left-alt: solid windowtext .5pt; mso-border-alt: solid windowtext .5pt; padding: 0cm 5.4pt 0cm 5.4pt;" colspan="2" width="36">\r\n<p class="MsoNormal" style="margin-bottom: 0cm; text-align: center; line-height: 115%;" align="center"><strong style="mso-bidi-font-weight: normal;"><span lang="FR" style="font-size: 12.0pt; line-height: 115%; font-family: \'Times New Roman\',serif;">&nbsp;</span></strong></p>\r\n</td>\r\n<td style="width: 26.8pt; border-top: none; border-left: none; border-bottom: solid windowtext 1.0pt; border-right: solid windowtext 1.0pt; mso-border-top-alt: solid windowtext .5pt; mso-border-left-alt: solid windowtext .5pt; mso-border-alt: solid windowtext .5pt; padding: 0cm 5.4pt 0cm 5.4pt;" colspan="2" width="36">\r\n<p class="MsoNormal" style="margin-bottom: 0cm; text-align: center; line-height: 115%;" align="center"><strong style="mso-bidi-font-weight: normal;"><span lang="FR" style="font-size: 12.0pt; line-height: 115%; font-family: \'Times New Roman\',serif;">&nbsp;</span></strong></p>\r\n</td>\r\n<td style="width: 26.8pt; border-top: none; border-left: none; border-bottom: solid windowtext 1.0pt; border-right: solid windowtext 1.0pt; mso-border-top-alt: solid windowtext .5pt; mso-border-left-alt: solid windowtext .5pt; mso-border-alt: solid windowtext .5pt; padding: 0cm 5.4pt 0cm 5.4pt;" colspan="2" width="36">\r\n<p class="MsoNormal" style="margin-bottom: 0cm; text-align: center; line-height: 115%;" align="center"><strong style="mso-bidi-font-weight: normal;"><span lang="FR" style="font-size: 12.0pt; line-height: 115%; font-family: \'Times New Roman\',serif;">&nbsp;</span></strong></p>\r\n</td>\r\n<td style="width: 26.75pt; border-top: none; border-left: none; border-bottom: solid windowtext 1.0pt; border-right: solid windowtext 1.0pt; mso-border-top-alt: solid windowtext .5pt; mso-border-left-alt: solid windowtext .5pt; mso-border-alt: solid windowtext .5pt; padding: 0cm 5.4pt 0cm 5.4pt;" colspan="2" width="36">\r\n<p class="MsoNormal" style="margin-bottom: 0cm; text-align: center; line-height: 115%;" align="center"><strong style="mso-bidi-font-weight: normal;"><span lang="FR" style="font-size: 12.0pt; line-height: 115%; font-family: \'Times New Roman\',serif;">&nbsp;</span></strong></p>\r\n</td>\r\n<td style="width: 26.75pt; border-top: none; border-left: none; border-bottom: solid windowtext 1.0pt; border-right: solid windowtext 1.0pt; mso-border-top-alt: solid windowtext .5pt; mso-border-left-alt: solid windowtext .5pt; mso-border-alt: solid windowtext .5pt; padding: 0cm 5.4pt 0cm 5.4pt;" colspan="2" width="36">\r\n<p class="MsoNormal" style="margin-bottom: 0cm; text-align: center; line-height: 115%;" align="center"><strong style="mso-bidi-font-weight: normal;"><span lang="FR" style="font-size: 12.0pt; line-height: 115%; font-family: \'Times New Roman\',serif;">&nbsp;</span></strong></p>\r\n</td>\r\n<td style="width: 26.8pt; border-top: none; border-left: none; border-bottom: solid windowtext 1.0pt; border-right: solid windowtext 1.0pt; mso-border-top-alt: solid windowtext .5pt; mso-border-left-alt: solid windowtext .5pt; mso-border-alt: solid windowtext .5pt; padding: 0cm 5.4pt 0cm 5.4pt;" colspan="2" width="36">\r\n<p class="MsoNormal" style="margin-bottom: 0cm; text-align: center; line-height: 115%;" align="center"><strong style="mso-bidi-font-weight: normal;"><span lang="FR" style="font-size: 12.0pt; line-height: 115%; font-family: \'Times New Roman\',serif;">&nbsp;</span></strong></p>\r\n</td>\r\n<td style="width: 26.75pt; border-top: none; border-left: none; border-bottom: solid windowtext 1.0pt; border-right: solid windowtext 1.0pt; mso-border-top-alt: solid windowtext .5pt; mso-border-left-alt: solid windowtext .5pt; mso-border-alt: solid windowtext .5pt; padding: 0cm 5.4pt 0cm 5.4pt;" colspan="2" width="36">\r\n<p class="MsoNormal" style="margin-bottom: 0cm; text-align: center; line-height: 115%;" align="center"><strong style="mso-bidi-font-weight: normal;"><span lang="FR" style="font-size: 12.0pt; line-height: 115%; font-family: \'Times New Roman\',serif;">&nbsp;</span></strong></p>\r\n</td>\r\n<td style="width: 26.85pt; border-top: none; border-left: none; border-bottom: solid windowtext 1.0pt; border-right: solid windowtext 1.0pt; mso-border-top-alt: solid windowtext .5pt; mso-border-left-alt: solid windowtext .5pt; mso-border-alt: solid windowtext .5pt; padding: 0cm 5.4pt 0cm 5.4pt;" width="36">\r\n<p class="MsoNormal" style="margin-bottom: 0cm; text-align: center; line-height: 115%;" align="center"><strong style="mso-bidi-font-weight: normal;"><span lang="FR" style="font-size: 12.0pt; line-height: 115%; font-family: \'Times New Roman\',serif;">&nbsp;</span></strong></p>\r\n</td>\r\n<td style="width: 26.75pt; border-top: none; border-left: none; border-bottom: solid windowtext 1.0pt; border-right: solid windowtext 1.0pt; mso-border-top-alt: solid windowtext .5pt; mso-border-left-alt: solid windowtext .5pt; mso-border-alt: solid windowtext .5pt; padding: 0cm 5.4pt 0cm 5.4pt;" width="36">\r\n<p class="MsoNormal" style="margin-bottom: 0cm; text-align: center; line-height: 115%;" align="center"><strong style="mso-bidi-font-weight: normal;"><span lang="FR" style="font-size: 12.0pt; line-height: 115%; font-family: \'Times New Roman\',serif;">&nbsp;</span></strong></p>\r\n</td>\r\n<td style="width: 26.8pt; border-top: none; border-left: none; border-bottom: solid windowtext 1.0pt; border-right: solid windowtext 1.0pt; mso-border-top-alt: solid windowtext .5pt; mso-border-left-alt: solid windowtext .5pt; mso-border-alt: solid windowtext .5pt; padding: 0cm 5.4pt 0cm 5.4pt;" colspan="2" width="36">\r\n<p class="MsoNormal" style="margin-bottom: 0cm; text-align: center; line-height: 115%;" align="center"><strong style="mso-bidi-font-weight: normal;"><span lang="FR" style="font-size: 12.0pt; line-height: 115%; font-family: \'Times New Roman\',serif;">&nbsp;</span></strong></p>\r\n</td>\r\n<td style="width: 26.75pt; border-top: none; border-left: none; border-bottom: solid windowtext 1.0pt; border-right: solid windowtext 1.0pt; mso-border-top-alt: solid windowtext .5pt; mso-border-left-alt: solid windowtext .5pt; mso-border-alt: solid windowtext .5pt; padding: 0cm 5.4pt 0cm 5.4pt;" colspan="2" width="36">\r\n<p class="MsoNormal" style="margin-bottom: 0cm; text-align: center; line-height: 115%;" align="center"><strong style="mso-bidi-font-weight: normal;"><span lang="FR" style="font-size: 12.0pt; line-height: 115%; font-family: \'Times New Roman\',serif;">&nbsp;</span></strong></p>\r\n</td>\r\n<td style="width: 26.75pt; border-top: none; border-left: none; border-bottom: solid windowtext 1.0pt; border-right: solid windowtext 1.0pt; mso-border-top-alt: solid windowtext .5pt; mso-border-left-alt: solid windowtext .5pt; mso-border-alt: solid windowtext .5pt; padding: 0cm 5.4pt 0cm 5.4pt;" colspan="2" width="36">\r\n<p class="MsoNormal" style="margin-bottom: 0cm; text-align: center; line-height: 115%;" align="center"><strong style="mso-bidi-font-weight: normal;"><span lang="FR" style="font-size: 12.0pt; line-height: 115%; font-family: \'Times New Roman\',serif;">&nbsp;</span></strong></p>\r\n</td>\r\n<td style="width: 26.8pt; border-top: none; border-left: none; border-bottom: solid windowtext 1.0pt; border-right: solid windowtext 1.0pt; mso-border-top-alt: solid windowtext .5pt; mso-border-left-alt: solid windowtext .5pt; mso-border-alt: solid windowtext .5pt; padding: 0cm 5.4pt 0cm 5.4pt;" colspan="2" width="36">\r\n<p class="MsoNormal" style="margin-bottom: 0cm; text-align: center; line-height: 115%;" align="center"><strong style="mso-bidi-font-weight: normal;"><span lang="FR" style="font-size: 12.0pt; line-height: 115%; font-family: \'Times New Roman\',serif;">&nbsp;</span></strong></p>\r\n</td>\r\n<td style="width: 26.8pt; border-top: none; border-left: none; border-bottom: solid windowtext 1.0pt; border-right: solid windowtext 1.0pt; mso-border-top-alt: solid windowtext .5pt; mso-border-left-alt: solid windowtext .5pt; mso-border-alt: solid windowtext .5pt; padding: 0cm 5.4pt 0cm 5.4pt;" colspan="2" width="36">\r\n<p class="MsoNormal" style="margin-bottom: 0cm; text-align: center; line-height: 115%;" align="center"><strong style="mso-bidi-font-weight: normal;"><span lang="FR" style="font-size: 12.0pt; line-height: 115%; font-family: \'Times New Roman\',serif;">&nbsp;</span></strong></p>\r\n</td>\r\n<td style="width: 26.75pt; border-top: none; border-left: none; border-bottom: solid windowtext 1.0pt; border-right: solid windowtext 1.0pt; mso-border-top-alt: solid windowtext .5pt; mso-border-left-alt: solid windowtext .5pt; mso-border-alt: solid windowtext .5pt; padding: 0cm 5.4pt 0cm 5.4pt;" colspan="2" width="36">\r\n<p class="MsoNormal" style="margin-bottom: 0cm; text-align: center; line-height: 115%;" align="center"><strong style="mso-bidi-font-weight: normal;"><span lang="FR" style="font-size: 12.0pt; line-height: 115%; font-family: \'Times New Roman\',serif;">&nbsp;</span></strong></p>\r\n</td>\r\n<td style="width: 26.75pt; border-top: none; border-left: none; border-bottom: solid windowtext 1.0pt; border-right: solid windowtext 1.0pt; mso-border-top-alt: solid windowtext .5pt; mso-border-left-alt: solid windowtext .5pt; mso-border-alt: solid windowtext .5pt; padding: 0cm 5.4pt 0cm 5.4pt;" colspan="2" width="36">\r\n<p class="MsoNormal" style="margin-bottom: 0cm; text-align: center; line-height: 115%;" align="center"><strong style="mso-bidi-font-weight: normal;"><span lang="FR" style="font-size: 12.0pt; line-height: 115%; font-family: \'Times New Roman\',serif;">&nbsp;</span></strong></p>\r\n</td>\r\n<td style="width: 26.75pt; border-top: none; border-left: none; border-bottom: solid windowtext 1.0pt; border-right: solid windowtext 1.0pt; mso-border-top-alt: solid windowtext .5pt; mso-border-left-alt: solid windowtext .5pt; mso-border-alt: solid windowtext .5pt; padding: 0cm 5.4pt 0cm 5.4pt;" colspan="2" width="36">\r\n<p class="MsoNormal" style="margin-bottom: 0cm; text-align: center; line-height: 115%;" align="center"><strong style="mso-bidi-font-weight: normal;"><span lang="FR" style="font-size: 12.0pt; line-height: 115%; font-family: \'Times New Roman\',serif;">&nbsp;</span></strong></p>\r\n</td>\r\n<td style="width: 26.8pt; border-top: none; border-left: none; border-bottom: solid windowtext 1.0pt; border-right: solid windowtext 1.0pt; mso-border-top-alt: solid windowtext .5pt; mso-border-left-alt: solid windowtext .5pt; mso-border-alt: solid windowtext .5pt; padding: 0cm 5.4pt 0cm 5.4pt;" colspan="2" width="36">\r\n<p class="MsoNormal" style="margin-bottom: 0cm; text-align: center; line-height: 115%;" align="center"><strong style="mso-bidi-font-weight: normal;"><span lang="FR" style="font-size: 12.0pt; line-height: 115%; font-family: \'Times New Roman\',serif;">&nbsp;</span></strong></p>\r\n</td>\r\n</tr>\r\n<tr style="mso-yfti-irow: 9;">\r\n<td style="width: 164.15pt; border: solid windowtext 1.0pt; border-top: none; mso-border-top-alt: solid windowtext .5pt; mso-border-alt: solid windowtext .5pt; padding: 0cm 5.4pt 0cm 5.4pt;" valign="top" width="219">\r\n<p class="MsoNormal" style="margin-bottom: 0cm; line-height: normal;"><strong style="mso-bidi-font-weight: normal;"><span lang="FR" style="font-size: 12.0pt; mso-bidi-font-size: 11.0pt; font-family: \'Times New Roman\',serif;">Activit&eacute; 2.2&nbsp;: </span></strong><span lang="FR" style="font-size: 12.0pt; mso-bidi-font-size: 11.0pt; font-family: \'Times New Roman\',serif;">Identification des groupes ou associations influents de chaque pays</span></p>\r\n</td>\r\n<td style="width: 26.75pt; border-top: none; border-left: none; border-bottom: solid windowtext 1.0pt; border-right: solid windowtext 1.0pt; mso-border-top-alt: solid windowtext .5pt; mso-border-left-alt: solid windowtext .5pt; mso-border-alt: solid windowtext .5pt; padding: 0cm 5.4pt 0cm 5.4pt;" colspan="2" width="36">\r\n<p class="MsoNormal" style="margin-bottom: 0cm; text-align: center; line-height: 115%;" align="center"><strong style="mso-bidi-font-weight: normal;"><span lang="FR" style="font-size: 12.0pt; line-height: 115%; font-family: \'Times New Roman\',serif;">&nbsp;</span></strong></p>\r\n</td>\r\n<td style="width: 26.75pt; border-top: none; border-left: none; border-bottom: solid windowtext 1.0pt; border-right: solid windowtext 1.0pt; mso-border-top-alt: solid windowtext .5pt; mso-border-left-alt: solid windowtext .5pt; mso-border-alt: solid windowtext .5pt; padding: 0cm 5.4pt 0cm 5.4pt;" colspan="2" width="36">\r\n<p class="MsoNormal" style="margin-bottom: 0cm; text-align: center; line-height: 115%;" align="center"><strong style="mso-bidi-font-weight: normal;"><span lang="FR" style="font-size: 12.0pt; line-height: 115%; font-family: \'Times New Roman\',serif;">&nbsp;</span></strong></p>\r\n</td>\r\n<td style="width: 26.75pt; border-top: none; border-left: none; border-bottom: solid windowtext 1.0pt; border-right: solid windowtext 1.0pt; mso-border-top-alt: solid windowtext .5pt; mso-border-left-alt: solid windowtext .5pt; mso-border-alt: solid windowtext .5pt; padding: 0cm 5.4pt 0cm 5.4pt;" colspan="2" width="36">\r\n<p class="MsoNormal" style="margin-bottom: 0cm; text-align: center; line-height: 115%;" align="center"><strong style="mso-bidi-font-weight: normal;"><span lang="FR" style="font-size: 12.0pt; line-height: 115%; font-family: \'Times New Roman\',serif;">X</span></strong></p>\r\n</td>\r\n<td style="width: 26.8pt; border-top: none; border-left: none; border-bottom: solid windowtext 1.0pt; border-right: solid windowtext 1.0pt; mso-border-top-alt: solid windowtext .5pt; mso-border-left-alt: solid windowtext .5pt; mso-border-alt: solid windowtext .5pt; padding: 0cm 5.4pt 0cm 5.4pt;" colspan="2" width="36">\r\n<p class="MsoNormal" style="margin-bottom: 0cm; text-align: center; line-height: 115%;" align="center"><strong style="mso-bidi-font-weight: normal;"><span lang="FR" style="font-size: 12.0pt; line-height: 115%; font-family: \'Times New Roman\',serif;">&nbsp;</span></strong></p>\r\n</td>\r\n<td style="width: 26.8pt; border-top: none; border-left: none; border-bottom: solid windowtext 1.0pt; border-right: solid windowtext 1.0pt; mso-border-top-alt: solid windowtext .5pt; mso-border-left-alt: solid windowtext .5pt; mso-border-alt: solid windowtext .5pt; padding: 0cm 5.4pt 0cm 5.4pt;" colspan="2" width="36">\r\n<p class="MsoNormal" style="margin-bottom: 0cm; text-align: center; line-height: 115%;" align="center"><strong style="mso-bidi-font-weight: normal;"><span lang="FR" style="font-size: 12.0pt; line-height: 115%; font-family: \'Times New Roman\',serif;">&nbsp;</span></strong></p>\r\n</td>\r\n<td style="width: 26.75pt; border-top: none; border-left: none; border-bottom: solid windowtext 1.0pt; border-right: solid windowtext 1.0pt; mso-border-top-alt: solid windowtext .5pt; mso-border-left-alt: solid windowtext .5pt; mso-border-alt: solid windowtext .5pt; padding: 0cm 5.4pt 0cm 5.4pt;" colspan="2" width="36">\r\n<p class="MsoNormal" style="margin-bottom: 0cm; text-align: center; line-height: 115%;" align="center"><strong style="mso-bidi-font-weight: normal;"><span lang="FR" style="font-size: 12.0pt; line-height: 115%; font-family: \'Times New Roman\',serif;">&nbsp;</span></strong></p>\r\n</td>\r\n<td style="width: 26.75pt; border-top: none; border-left: none; border-bottom: solid windowtext 1.0pt; border-right: solid windowtext 1.0pt; mso-border-top-alt: solid windowtext .5pt; mso-border-left-alt: solid windowtext .5pt; mso-border-alt: solid windowtext .5pt; padding: 0cm 5.4pt 0cm 5.4pt;" colspan="2" width="36">\r\n<p class="MsoNormal" style="margin-bottom: 0cm; text-align: center; line-height: 115%;" align="center"><strong style="mso-bidi-font-weight: normal;"><span lang="FR" style="font-size: 12.0pt; line-height: 115%; font-family: \'Times New Roman\',serif;">&nbsp;</span></strong></p>\r\n</td>\r\n<td style="width: 26.8pt; border-top: none; border-left: none; border-bottom: solid windowtext 1.0pt; border-right: solid windowtext 1.0pt; mso-border-top-alt: solid windowtext .5pt; mso-border-left-alt: solid windowtext .5pt; mso-border-alt: solid windowtext .5pt; padding: 0cm 5.4pt 0cm 5.4pt;" colspan="2" width="36">\r\n<p class="MsoNormal" style="margin-bottom: 0cm; text-align: center; line-height: 115%;" align="center"><strong style="mso-bidi-font-weight: normal;"><span lang="FR" style="font-size: 12.0pt; line-height: 115%; font-family: \'Times New Roman\',serif;">&nbsp;</span></strong></p>\r\n</td>\r\n<td style="width: 26.75pt; border-top: none; border-left: none; border-bottom: solid windowtext 1.0pt; border-right: solid windowtext 1.0pt; mso-border-top-alt: solid windowtext .5pt; mso-border-left-alt: solid windowtext .5pt; mso-border-alt: solid windowtext .5pt; padding: 0cm 5.4pt 0cm 5.4pt;" colspan="2" width="36">\r\n<p class="MsoNormal" style="margin-bottom: 0cm; text-align: center; line-height: 115%;" align="center"><strong style="mso-bidi-font-weight: normal;"><span lang="FR" style="font-size: 12.0pt; line-height: 115%; font-family: \'Times New Roman\',serif;">&nbsp;</span></strong></p>\r\n</td>\r\n<td style="width: 26.85pt; border-top: none; border-left: none; border-bottom: solid windowtext 1.0pt; border-right: solid windowtext 1.0pt; mso-border-top-alt: solid windowtext .5pt; mso-border-left-alt: solid windowtext .5pt; mso-border-alt: solid windowtext .5pt; padding: 0cm 5.4pt 0cm 5.4pt;" width="36">\r\n<p class="MsoNormal" style="margin-bottom: 0cm; text-align: center; line-height: 115%;" align="center"><strong style="mso-bidi-font-weight: normal;"><span lang="FR" style="font-size: 12.0pt; line-height: 115%; font-family: \'Times New Roman\',serif;">&nbsp;</span></strong></p>\r\n</td>\r\n<td style="width: 26.75pt; border-top: none; border-left: none; border-bottom: solid windowtext 1.0pt; border-right: solid windowtext 1.0pt; mso-border-top-alt: solid windowtext .5pt; mso-border-left-alt: solid windowtext .5pt; mso-border-alt: solid windowtext .5pt; padding: 0cm 5.4pt 0cm 5.4pt;" width="36">\r\n<p class="MsoNormal" style="margin-bottom: 0cm; text-align: center; line-height: 115%;" align="center"><strong style="mso-bidi-font-weight: normal;"><span lang="FR" style="font-size: 12.0pt; line-height: 115%; font-family: \'Times New Roman\',serif;">&nbsp;</span></strong></p>\r\n</td>\r\n<td style="width: 26.8pt; border-top: none; border-left: none; border-bottom: solid windowtext 1.0pt; border-right: solid windowtext 1.0pt; mso-border-top-alt: solid windowtext .5pt; mso-border-left-alt: solid windowtext .5pt; mso-border-alt: solid windowtext .5pt; padding: 0cm 5.4pt 0cm 5.4pt;" colspan="2" width="36">\r\n<p class="MsoNormal" style="margin-bottom: 0cm; text-align: center; line-height: 115%;" align="center"><strong style="mso-bidi-font-weight: normal;"><span lang="FR" style="font-size: 12.0pt; line-height: 115%; font-family: \'Times New Roman\',serif;">&nbsp;</span></strong></p>\r\n</td>\r\n<td style="width: 26.75pt; border-top: none; border-left: none; border-bottom: solid windowtext 1.0pt; border-right: solid windowtext 1.0pt; mso-border-top-alt: solid windowtext .5pt; mso-border-left-alt: solid windowtext .5pt; mso-border-alt: solid windowtext .5pt; padding: 0cm 5.4pt 0cm 5.4pt;" colspan="2" width="36">\r\n<p class="MsoNormal" style="margin-bottom: 0cm; text-align: center; line-height: 115%;" align="center"><strong style="mso-bidi-font-weight: normal;"><span lang="FR" style="font-size: 12.0pt; line-height: 115%; font-family: \'Times New Roman\',serif;">&nbsp;</span></strong></p>\r\n</td>\r\n<td style="width: 26.75pt; border-top: none; border-left: none; border-bottom: solid windowtext 1.0pt; border-right: solid windowtext 1.0pt; mso-border-top-alt: solid windowtext .5pt; mso-border-left-alt: solid windowtext .5pt; mso-border-alt: solid windowtext .5pt; padding: 0cm 5.4pt 0cm 5.4pt;" colspan="2" width="36">\r\n<p class="MsoNormal" style="margin-bottom: 0cm; text-align: center; line-height: 115%;" align="center"><strong style="mso-bidi-font-weight: normal;"><span lang="FR" style="font-size: 12.0pt; line-height: 115%; font-family: \'Times New Roman\',serif;">&nbsp;</span></strong></p>\r\n</td>\r\n<td style="width: 26.8pt; border-top: none; border-left: none; border-bottom: solid windowtext 1.0pt; border-right: solid windowtext 1.0pt; mso-border-top-alt: solid windowtext .5pt; mso-border-left-alt: solid windowtext .5pt; mso-border-alt: solid windowtext .5pt; padding: 0cm 5.4pt 0cm 5.4pt;" colspan="2" width="36">\r\n<p class="MsoNormal" style="margin-bottom: 0cm; text-align: center; line-height: 115%;" align="center"><strong style="mso-bidi-font-weight: normal;"><span lang="FR" style="font-size: 12.0pt; line-height: 115%; font-family: \'Times New Roman\',serif;">&nbsp;</span></strong></p>\r\n</td>\r\n<td style="width: 26.8pt; border-top: none; border-left: none; border-bottom: solid windowtext 1.0pt; border-right: solid windowtext 1.0pt; mso-border-top-alt: solid windowtext .5pt; mso-border-left-alt: solid windowtext .5pt; mso-border-alt: solid windowtext .5pt; padding: 0cm 5.4pt 0cm 5.4pt;" colspan="2" width="36">\r\n<p class="MsoNormal" style="margin-bottom: 0cm; text-align: center; line-height: 115%;" align="center"><strong style="mso-bidi-font-weight: normal;"><span lang="FR" style="font-size: 12.0pt; line-height: 115%; font-family: \'Times New Roman\',serif;">&nbsp;</span></strong></p>\r\n</td>\r\n<td style="width: 26.75pt; border-top: none; border-left: none; border-bottom: solid windowtext 1.0pt; border-right: solid windowtext 1.0pt; mso-border-top-alt: solid windowtext .5pt; mso-border-left-alt: solid windowtext .5pt; mso-border-alt: solid windowtext .5pt; padding: 0cm 5.4pt 0cm 5.4pt;" colspan="2" width="36">\r\n<p class="MsoNormal" style="margin-bottom: 0cm; text-align: center; line-height: 115%;" align="center"><strong style="mso-bidi-font-weight: normal;"><span lang="FR" style="font-size: 12.0pt; line-height: 115%; font-family: \'Times New Roman\',serif;">&nbsp;</span></strong></p>\r\n</td>\r\n<td style="width: 26.75pt; border-top: none; border-left: none; border-bottom: solid windowtext 1.0pt; border-right: solid windowtext 1.0pt; mso-border-top-alt: solid windowtext .5pt; mso-border-left-alt: solid windowtext .5pt; mso-border-alt: solid windowtext .5pt; padding: 0cm 5.4pt 0cm 5.4pt;" colspan="2" width="36">\r\n<p class="MsoNormal" style="margin-bottom: 0cm; text-align: center; line-height: 115%;" align="center"><strong style="mso-bidi-font-weight: normal;"><span lang="FR" style="font-size: 12.0pt; line-height: 115%; font-family: \'Times New Roman\',serif;">&nbsp;</span></strong></p>\r\n</td>\r\n<td style="width: 26.75pt; border-top: none; border-left: none; border-bottom: solid windowtext 1.0pt; border-right: solid windowtext 1.0pt; mso-border-top-alt: solid windowtext .5pt; mso-border-left-alt: solid windowtext .5pt; mso-border-alt: solid windowtext .5pt; padding: 0cm 5.4pt 0cm 5.4pt;" colspan="2" width="36">\r\n<p class="MsoNormal" style="margin-bottom: 0cm; text-align: center; line-height: 115%;" align="center"><strong style="mso-bidi-font-weight: normal;"><span lang="FR" style="font-size: 12.0pt; line-height: 115%; font-family: \'Times New Roman\',serif;">&nbsp;</span></strong></p>\r\n</td>\r\n<td style="width: 26.8pt; border-top: none; border-left: none; border-bottom: solid windowtext 1.0pt; border-right: solid windowtext 1.0pt; mso-border-top-alt: solid windowtext .5pt; mso-border-left-alt: solid windowtext .5pt; mso-border-alt: solid windowtext .5pt; padding: 0cm 5.4pt 0cm 5.4pt;" colspan="2" width="36">\r\n<p class="MsoNormal" style="margin-bottom: 0cm; text-align: center; line-height: 115%;" align="center"><strong style="mso-bidi-font-weight: normal;"><span lang="FR" style="font-size: 12.0pt; line-height: 115%; font-family: \'Times New Roman\',serif;">&nbsp;</span></strong></p>\r\n</td>\r\n</tr>\r\n<tr style="mso-yfti-irow: 10;">\r\n<td style="width: 164.15pt; border: solid windowtext 1.0pt; border-top: none; mso-border-top-alt: solid windowtext .5pt; mso-border-alt: solid windowtext .5pt; padding: 0cm 5.4pt 0cm 5.4pt;" valign="top" width="219">\r\n<p class="MsoNormal" style="margin-bottom: 0cm; line-height: normal;"><strong style="mso-bidi-font-weight: normal;"><span lang="FR" style="font-size: 12.0pt; mso-bidi-font-size: 11.0pt; font-family: \'Times New Roman\',serif;">Activit&eacute; 2.3&nbsp;: </span></strong><span lang="FR" style="font-size: 12.0pt; mso-bidi-font-size: 11.0pt; font-family: \'Times New Roman\',serif;">Cr&eacute;ation des associations d&rsquo;int&eacute;r&ecirc;ts fonciers dans chaque pays</span></p>\r\n</td>\r\n<td style="width: 26.75pt; border-top: none; border-left: none; border-bottom: solid windowtext 1.0pt; border-right: solid windowtext 1.0pt; mso-border-top-alt: solid windowtext .5pt; mso-border-left-alt: solid windowtext .5pt; mso-border-alt: solid windowtext .5pt; padding: 0cm 5.4pt 0cm 5.4pt;" colspan="2" width="36">\r\n<p class="MsoNormal" style="margin-bottom: 0cm; text-align: center; line-height: 115%;" align="center"><strong style="mso-bidi-font-weight: normal;"><span lang="FR" style="font-size: 12.0pt; line-height: 115%; font-family: \'Times New Roman\',serif;">&nbsp;</span></strong></p>\r\n</td>\r\n<td style="width: 26.75pt; border-top: none; border-left: none; border-bottom: solid windowtext 1.0pt; border-right: solid windowtext 1.0pt; mso-border-top-alt: solid windowtext .5pt; mso-border-left-alt: solid windowtext .5pt; mso-border-alt: solid windowtext .5pt; padding: 0cm 5.4pt 0cm 5.4pt;" colspan="2" width="36">\r\n<p class="MsoNormal" style="margin-bottom: 0cm; text-align: center; line-height: 115%;" align="center"><strong style="mso-bidi-font-weight: normal;"><span lang="FR" style="font-size: 12.0pt; line-height: 115%; font-family: \'Times New Roman\',serif;">&nbsp;</span></strong></p>\r\n</td>\r\n<td style="width: 26.75pt; border-top: none; border-left: none; border-bottom: solid windowtext 1.0pt; border-right: solid windowtext 1.0pt; mso-border-top-alt: solid windowtext .5pt; mso-border-left-alt: solid windowtext .5pt; mso-border-alt: solid windowtext .5pt; padding: 0cm 5.4pt 0cm 5.4pt;" colspan="2" width="36">\r\n<p class="MsoNormal" style="margin-bottom: 0cm; text-align: center; line-height: 115%;" align="center"><strong style="mso-bidi-font-weight: normal;"><span lang="FR" style="font-size: 12.0pt; line-height: 115%; font-family: \'Times New Roman\',serif;">X</span></strong></p>\r\n</td>\r\n<td style="width: 26.8pt; border-top: none; border-left: none; border-bottom: solid windowtext 1.0pt; border-right: solid windowtext 1.0pt; mso-border-top-alt: solid windowtext .5pt; mso-border-left-alt: solid windowtext .5pt; mso-border-alt: solid windowtext .5pt; padding: 0cm 5.4pt 0cm 5.4pt;" colspan="2" width="36">\r\n<p class="MsoNormal" style="margin-bottom: 0cm; text-align: center; line-height: 115%;" align="center"><strong style="mso-bidi-font-weight: normal;"><span lang="FR" style="font-size: 12.0pt; line-height: 115%; font-family: \'Times New Roman\',serif;">X</span></strong></p>\r\n</td>\r\n<td style="width: 26.8pt; border-top: none; border-left: none; border-bottom: solid windowtext 1.0pt; border-right: solid windowtext 1.0pt; mso-border-top-alt: solid windowtext .5pt; mso-border-left-alt: solid windowtext .5pt; mso-border-alt: solid windowtext .5pt; padding: 0cm 5.4pt 0cm 5.4pt;" colspan="2" width="36">\r\n<p class="MsoNormal" style="margin-bottom: 0cm; text-align: center; line-height: 115%;" align="center"><strong style="mso-bidi-font-weight: normal;"><span lang="FR" style="font-size: 12.0pt; line-height: 115%; font-family: \'Times New Roman\',serif;">&nbsp;</span></strong></p>\r\n</td>\r\n<td style="width: 26.75pt; border-top: none; border-left: none; border-bottom: solid windowtext 1.0pt; border-right: solid windowtext 1.0pt; mso-border-top-alt: solid windowtext .5pt; mso-border-left-alt: solid windowtext .5pt; mso-border-alt: solid windowtext .5pt; padding: 0cm 5.4pt 0cm 5.4pt;" colspan="2" width="36">\r\n<p class="MsoNormal" style="margin-bottom: 0cm; text-align: center; line-height: 115%;" align="center"><strong style="mso-bidi-font-weight: normal;"><span lang="FR" style="font-size: 12.0pt; line-height: 115%; font-family: \'Times New Roman\',serif;">&nbsp;</span></strong></p>\r\n</td>\r\n<td style="width: 26.75pt; border-top: none; border-left: none; border-bottom: solid windowtext 1.0pt; border-right: solid windowtext 1.0pt; mso-border-top-alt: solid windowtext .5pt; mso-border-left-alt: solid windowtext .5pt; mso-border-alt: solid windowtext .5pt; padding: 0cm 5.4pt 0cm 5.4pt;" colspan="2" width="36">\r\n<p class="MsoNormal" style="margin-bottom: 0cm; text-align: center; line-height: 115%;" align="center"><strong style="mso-bidi-font-weight: normal;"><span lang="FR" style="font-size: 12.0pt; line-height: 115%; font-family: \'Times New Roman\',serif;">&nbsp;</span></strong></p>\r\n</td>\r\n<td style="width: 26.8pt; border-top: none; border-left: none; border-bottom: solid windowtext 1.0pt; border-right: solid windowtext 1.0pt; mso-border-top-alt: solid windowtext .5pt; mso-border-left-alt: solid windowtext .5pt; mso-border-alt: solid windowtext .5pt; padding: 0cm 5.4pt 0cm 5.4pt;" colspan="2" width="36">\r\n<p class="MsoNormal" style="margin-bottom: 0cm; text-align: center; line-height: 115%;" align="center"><strong style="mso-bidi-font-weight: normal;"><span lang="FR" style="font-size: 12.0pt; line-height: 115%; font-family: \'Times New Roman\',serif;">&nbsp;</span></strong></p>\r\n</td>\r\n<td style="width: 26.75pt; border-top: none; border-left: none; border-bottom: solid windowtext 1.0pt; border-right: solid windowtext 1.0pt; mso-border-top-alt: solid windowtext .5pt; mso-border-left-alt: solid windowtext .5pt; mso-border-alt: solid windowtext .5pt; padding: 0cm 5.4pt 0cm 5.4pt;" colspan="2" width="36">\r\n<p class="MsoNormal" style="margin-bottom: 0cm; text-align: center; line-height: 115%;" align="center"><strong style="mso-bidi-font-weight: normal;"><span lang="FR" style="font-size: 12.0pt; line-height: 115%; font-family: \'Times New Roman\',serif;">&nbsp;</span></strong></p>\r\n</td>\r\n<td style="width: 26.85pt; border-top: none; border-left: none; border-bottom: solid windowtext 1.0pt; border-right: solid windowtext 1.0pt; mso-border-top-alt: solid windowtext .5pt; mso-border-left-alt: solid windowtext .5pt; mso-border-alt: solid windowtext .5pt; padding: 0cm 5.4pt 0cm 5.4pt;" width="36">\r\n<p class="MsoNormal" style="margin-bottom: 0cm; text-align: center; line-height: 115%;" align="center"><strong style="mso-bidi-font-weight: normal;"><span lang="FR" style="font-size: 12.0pt; line-height: 115%; font-family: \'Times New Roman\',serif;">&nbsp;</span></strong></p>\r\n</td>\r\n<td style="width: 26.75pt; border-top: none; border-left: none; border-bottom: solid windowtext 1.0pt; border-right: solid windowtext 1.0pt; mso-border-top-alt: solid windowtext .5pt; mso-border-left-alt: solid windowtext .5pt; mso-border-alt: solid windowtext .5pt; padding: 0cm 5.4pt 0cm 5.4pt;" width="36">\r\n<p class="MsoNormal" style="margin-bottom: 0cm; text-align: center; line-height: 115%;" align="center"><strong style="mso-bidi-font-weight: normal;"><span lang="FR" style="font-size: 12.0pt; line-height: 115%; font-family: \'Times New Roman\',serif;">&nbsp;</span></strong></p>\r\n</td>\r\n<td style="width: 26.8pt; border-top: none; border-left: none; border-bottom: solid windowtext 1.0pt; border-right: solid windowtext 1.0pt; mso-border-top-alt: solid windowtext .5pt; mso-border-left-alt: solid windowtext .5pt; mso-border-alt: solid windowtext .5pt; padding: 0cm 5.4pt 0cm 5.4pt;" colspan="2" width="36">\r\n<p class="MsoNormal" style="margin-bottom: 0cm; text-align: center; line-height: 115%;" align="center"><strong style="mso-bidi-font-weight: normal;"><span lang="FR" style="font-size: 12.0pt; line-height: 115%; font-family: \'Times New Roman\',serif;">&nbsp;</span></strong></p>\r\n</td>\r\n<td style="width: 26.75pt; border-top: none; border-left: none; border-bottom: solid windowtext 1.0pt; border-right: solid windowtext 1.0pt; mso-border-top-alt: solid windowtext .5pt; mso-border-left-alt: solid windowtext .5pt; mso-border-alt: solid windowtext .5pt; padding: 0cm 5.4pt 0cm 5.4pt;" colspan="2" width="36">\r\n<p class="MsoNormal" style="margin-bottom: 0cm; text-align: center; line-height: 115%;" align="center"><strong style="mso-bidi-font-weight: normal;"><span lang="FR" style="font-size: 12.0pt; line-height: 115%; font-family: \'Times New Roman\',serif;">&nbsp;</span></strong></p>\r\n</td>\r\n<td style="width: 26.75pt; border-top: none; border-left: none; border-bottom: solid windowtext 1.0pt; border-right: solid windowtext 1.0pt; mso-border-top-alt: solid windowtext .5pt; mso-border-left-alt: solid windowtext .5pt; mso-border-alt: solid windowtext .5pt; padding: 0cm 5.4pt 0cm 5.4pt;" colspan="2" width="36">\r\n<p class="MsoNormal" style="margin-bottom: 0cm; text-align: center; line-height: 115%;" align="center"><strong style="mso-bidi-font-weight: normal;"><span lang="FR" style="font-size: 12.0pt; line-height: 115%; font-family: \'Times New Roman\',serif;">&nbsp;</span></strong></p>\r\n</td>\r\n<td style="width: 26.8pt; border-top: none; border-left: none; border-bottom: solid windowtext 1.0pt; border-right: solid windowtext 1.0pt; mso-border-top-alt: solid windowtext .5pt; mso-border-left-alt: solid windowtext .5pt; mso-border-alt: solid windowtext .5pt; padding: 0cm 5.4pt 0cm 5.4pt;" colspan="2" width="36">\r\n<p class="MsoNormal" style="margin-bottom: 0cm; text-align: center; line-height: 115%;" align="center"><strong style="mso-bidi-font-weight: normal;"><span lang="FR" style="font-size: 12.0pt; line-height: 115%; font-family: \'Times New Roman\',serif;">&nbsp;</span></strong></p>\r\n</td>\r\n<td style="width: 26.8pt; border-top: none; border-left: none; border-bottom: solid windowtext 1.0pt; border-right: solid windowtext 1.0pt; mso-border-top-alt: solid windowtext .5pt; mso-border-left-alt: solid windowtext .5pt; mso-border-alt: solid windowtext .5pt; padding: 0cm 5.4pt 0cm 5.4pt;" colspan="2" width="36">\r\n<p class="MsoNormal" style="margin-bottom: 0cm; text-align: center; line-height: 115%;" align="center"><strong style="mso-bidi-font-weight: normal;"><span lang="FR" style="font-size: 12.0pt; line-height: 115%; font-family: \'Times New Roman\',serif;">&nbsp;</span></strong></p>\r\n</td>\r\n<td style="width: 26.75pt; border-top: none; border-left: none; border-bottom: solid windowtext 1.0pt; border-right: solid windowtext 1.0pt; mso-border-top-alt: solid windowtext .5pt; mso-border-left-alt: solid windowtext .5pt; mso-border-alt: solid windowtext .5pt; padding: 0cm 5.4pt 0cm 5.4pt;" colspan="2" width="36">\r\n<p class="MsoNormal" style="margin-bottom: 0cm; text-align: center; line-height: 115%;" align="center"><strong style="mso-bidi-font-weight: normal;"><span lang="FR" style="font-size: 12.0pt; line-height: 115%; font-family: \'Times New Roman\',serif;">&nbsp;</span></strong></p>\r\n</td>\r\n<td style="width: 26.75pt; border-top: none; border-left: none; border-bottom: solid windowtext 1.0pt; border-right: solid windowtext 1.0pt; mso-border-top-alt: solid windowtext .5pt; mso-border-left-alt: solid windowtext .5pt; mso-border-alt: solid windowtext .5pt; padding: 0cm 5.4pt 0cm 5.4pt;" colspan="2" width="36">\r\n<p class="MsoNormal" style="margin-bottom: 0cm; text-align: center; line-height: 115%;" align="center"><strong style="mso-bidi-font-weight: normal;"><span lang="FR" style="font-size: 12.0pt; line-height: 115%; font-family: \'Times New Roman\',serif;">&nbsp;</span></strong></p>\r\n</td>\r\n<td style="width: 26.75pt; border-top: none; border-left: none; border-bottom: solid windowtext 1.0pt; border-right: solid windowtext 1.0pt; mso-border-top-alt: solid windowtext .5pt; mso-border-left-alt: solid windowtext .5pt; mso-border-alt: solid windowtext .5pt; padding: 0cm 5.4pt 0cm 5.4pt;" colspan="2" width="36">\r\n<p class="MsoNormal" style="margin-bottom: 0cm; text-align: center; line-height: 115%;" align="center"><strong style="mso-bidi-font-weight: normal;"><span lang="FR" style="font-size: 12.0pt; line-height: 115%; font-family: \'Times New Roman\',serif;">&nbsp;</span></strong></p>\r\n</td>\r\n<td style="width: 26.8pt; border-top: none; border-left: none; border-bottom: solid windowtext 1.0pt; border-right: solid windowtext 1.0pt; mso-border-top-alt: solid windowtext .5pt; mso-border-left-alt: solid windowtext .5pt; mso-border-alt: solid windowtext .5pt; padding: 0cm 5.4pt 0cm 5.4pt;" colspan="2" width="36">\r\n<p class="MsoNormal" style="margin-bottom: 0cm; text-align: center; line-height: 115%;" align="center"><strong style="mso-bidi-font-weight: normal;"><span lang="FR" style="font-size: 12.0pt; line-height: 115%; font-family: \'Times New Roman\',serif;">&nbsp;</span></strong></p>\r\n</td>\r\n</tr>\r\n<tr style="mso-yfti-irow: 11;">\r\n<td style="width: 699.6pt; border: solid windowtext 1.0pt; border-top: none; mso-border-top-alt: solid windowtext .5pt; mso-border-alt: solid windowtext .5pt; padding: 0cm 5.4pt 0cm 5.4pt;" colspan="39" width="933">\r\n<p class="MsoNormal" style="margin-bottom: 0cm; text-align: center; line-height: 115%;" align="center"><strong style="mso-bidi-font-weight: normal;"><span lang="FR" style="font-size: 12.0pt; line-height: 115%; font-family: \'Times New Roman\',serif;">R&eacute;sultat 3&nbsp;: </span></strong><strong style="mso-bidi-font-weight: normal;"><span lang="FR" style="font-size: 12.0pt; mso-bidi-font-size: 11.0pt; line-height: 115%; font-family: \'Times New Roman\',serif;">Des coop&eacute;ratives agricoles sont cr&eacute;&eacute;es dans chacun des 20 d&rsquo;ex&eacute;cution du programme</span></strong></p>\r\n</td>\r\n</tr>\r\n<tr style="mso-yfti-irow: 12;">\r\n<td style="width: 164.15pt; border: solid windowtext 1.0pt; border-top: none; mso-border-top-alt: solid windowtext .5pt; mso-border-alt: solid windowtext .5pt; padding: 0cm 5.4pt 0cm 5.4pt;" valign="top" width="219">\r\n<p class="MsoNormal" style="margin-bottom: 0cm; line-height: normal;"><strong style="mso-bidi-font-weight: normal;"><span lang="FR" style="font-size: 12.0pt; mso-bidi-font-size: 11.0pt; font-family: \'Times New Roman\',serif;">Activit&eacute; 3.1&nbsp;: </span></strong><span lang="FR" style="font-size: 12.0pt; mso-bidi-font-size: 11.0pt; font-family: \'Times New Roman\',serif;">Identification des jeunes entrepreneurs d&eacute;tenteurs de projets agricoles</span></p>\r\n</td>\r\n<td style="width: 26.75pt; border-top: none; border-left: none; border-bottom: solid windowtext 1.0pt; border-right: solid windowtext 1.0pt; mso-border-top-alt: solid windowtext .5pt; mso-border-left-alt: solid windowtext .5pt; mso-border-alt: solid windowtext .5pt; padding: 0cm 5.4pt 0cm 5.4pt;" colspan="2" width="36">\r\n<p class="MsoNormal" style="margin-bottom: 0cm; text-align: center; line-height: 115%;" align="center"><strong style="mso-bidi-font-weight: normal;"><span lang="FR" style="font-size: 12.0pt; line-height: 115%; font-family: \'Times New Roman\',serif;">&nbsp;</span></strong></p>\r\n</td>\r\n<td style="width: 26.75pt; border-top: none; border-left: none; border-bottom: solid windowtext 1.0pt; border-right: solid windowtext 1.0pt; mso-border-top-alt: solid windowtext .5pt; mso-border-left-alt: solid windowtext .5pt; mso-border-alt: solid windowtext .5pt; padding: 0cm 5.4pt 0cm 5.4pt;" colspan="2" width="36">\r\n<p class="MsoNormal" style="margin-bottom: 0cm; text-align: center; line-height: 115%;" align="center"><strong style="mso-bidi-font-weight: normal;"><span lang="FR" style="font-size: 12.0pt; line-height: 115%; font-family: \'Times New Roman\',serif;">&nbsp;</span></strong></p>\r\n</td>\r\n<td style="width: 26.75pt; border-top: none; border-left: none; border-bottom: solid windowtext 1.0pt; border-right: solid windowtext 1.0pt; mso-border-top-alt: solid windowtext .5pt; mso-border-left-alt: solid windowtext .5pt; mso-border-alt: solid windowtext .5pt; padding: 0cm 5.4pt 0cm 5.4pt;" colspan="2" width="36">\r\n<p class="MsoNormal" style="margin-bottom: 0cm; text-align: center; line-height: 115%;" align="center"><strong style="mso-bidi-font-weight: normal;"><span lang="FR" style="font-size: 12.0pt; line-height: 115%; font-family: \'Times New Roman\',serif;">&nbsp;</span></strong></p>\r\n</td>\r\n<td style="width: 26.8pt; border-top: none; border-left: none; border-bottom: solid windowtext 1.0pt; border-right: solid windowtext 1.0pt; mso-border-top-alt: solid windowtext .5pt; mso-border-left-alt: solid windowtext .5pt; mso-border-alt: solid windowtext .5pt; padding: 0cm 5.4pt 0cm 5.4pt;" colspan="2" width="36">\r\n<p class="MsoNormal" style="margin-bottom: 0cm; text-align: center; line-height: 115%;" align="center"><strong style="mso-bidi-font-weight: normal;"><span lang="FR" style="font-size: 12.0pt; line-height: 115%; font-family: \'Times New Roman\',serif;">X</span></strong></p>\r\n</td>\r\n<td style="width: 26.8pt; border-top: none; border-left: none; border-bottom: solid windowtext 1.0pt; border-right: solid windowtext 1.0pt; mso-border-top-alt: solid windowtext .5pt; mso-border-left-alt: solid windowtext .5pt; mso-border-alt: solid windowtext .5pt; padding: 0cm 5.4pt 0cm 5.4pt;" colspan="2" width="36">\r\n<p class="MsoNormal" style="margin-bottom: 0cm; text-align: center; line-height: 115%;" align="center"><strong style="mso-bidi-font-weight: normal;"><span lang="FR" style="font-size: 12.0pt; line-height: 115%; font-family: \'Times New Roman\',serif;">&nbsp;</span></strong></p>\r\n</td>\r\n<td style="width: 26.75pt; border-top: none; border-left: none; border-bottom: solid windowtext 1.0pt; border-right: solid windowtext 1.0pt; mso-border-top-alt: solid windowtext .5pt; mso-border-left-alt: solid windowtext .5pt; mso-border-alt: solid windowtext .5pt; padding: 0cm 5.4pt 0cm 5.4pt;" colspan="2" width="36">\r\n<p class="MsoNormal" style="margin-bottom: 0cm; text-align: center; line-height: 115%;" align="center"><strong style="mso-bidi-font-weight: normal;"><span lang="FR" style="font-size: 12.0pt; line-height: 115%; font-family: \'Times New Roman\',serif;">&nbsp;</span></strong></p>\r\n</td>\r\n<td style="width: 26.75pt; border-top: none; border-left: none; border-bottom: solid windowtext 1.0pt; border-right: solid windowtext 1.0pt; mso-border-top-alt: solid windowtext .5pt; mso-border-left-alt: solid windowtext .5pt; mso-border-alt: solid windowtext .5pt; padding: 0cm 5.4pt 0cm 5.4pt;" colspan="2" width="36">\r\n<p class="MsoNormal" style="margin-bottom: 0cm; text-align: center; line-height: 115%;" align="center"><strong style="mso-bidi-font-weight: normal;"><span lang="FR" style="font-size: 12.0pt; line-height: 115%; font-family: \'Times New Roman\',serif;">&nbsp;</span></strong></p>\r\n</td>\r\n<td style="width: 26.8pt; border-top: none; border-left: none; border-bottom: solid windowtext 1.0pt; border-right: solid windowtext 1.0pt; mso-border-top-alt: solid windowtext .5pt; mso-border-left-alt: solid windowtext .5pt; mso-border-alt: solid windowtext .5pt; padding: 0cm 5.4pt 0cm 5.4pt;" colspan="2" width="36">\r\n<p class="MsoNormal" style="margin-bottom: 0cm; text-align: center; line-height: 115%;" align="center"><strong style="mso-bidi-font-weight: normal;"><span lang="FR" style="font-size: 12.0pt; line-height: 115%; font-family: \'Times New Roman\',serif;">&nbsp;</span></strong></p>\r\n</td>\r\n<td style="width: 26.75pt; border-top: none; border-left: none; border-bottom: solid windowtext 1.0pt; border-right: solid windowtext 1.0pt; mso-border-top-alt: solid windowtext .5pt; mso-border-left-alt: solid windowtext .5pt; mso-border-alt: solid windowtext .5pt; padding: 0cm 5.4pt 0cm 5.4pt;" colspan="2" width="36">\r\n<p class="MsoNormal" style="margin-bottom: 0cm; text-align: center; line-height: 115%;" align="center"><strong style="mso-bidi-font-weight: normal;"><span lang="FR" style="font-size: 12.0pt; line-height: 115%; font-family: \'Times New Roman\',serif;">&nbsp;</span></strong></p>\r\n</td>\r\n<td style="width: 26.85pt; border-top: none; border-left: none; border-bottom: solid windowtext 1.0pt; border-right: solid windowtext 1.0pt; mso-border-top-alt: solid windowtext .5pt; mso-border-left-alt: solid windowtext .5pt; mso-border-alt: solid windowtext .5pt; padding: 0cm 5.4pt 0cm 5.4pt;" width="36">\r\n<p class="MsoNormal" style="margin-bottom: 0cm; text-align: center; line-height: 115%;" align="center"><strong style="mso-bidi-font-weight: normal;"><span lang="FR" style="font-size: 12.0pt; line-height: 115%; font-family: \'Times New Roman\',serif;">&nbsp;</span></strong></p>\r\n</td>\r\n<td style="width: 26.75pt; border-top: none; border-left: none; border-bottom: solid windowtext 1.0pt; border-right: solid windowtext 1.0pt; mso-border-top-alt: solid windowtext .5pt; mso-border-left-alt: solid windowtext .5pt; mso-border-alt: solid windowtext .5pt; padding: 0cm 5.4pt 0cm 5.4pt;" width="36">\r\n<p class="MsoNormal" style="margin-bottom: 0cm; text-align: center; line-height: 115%;" align="center"><strong style="mso-bidi-font-weight: normal;"><span lang="FR" style="font-size: 12.0pt; line-height: 115%; font-family: \'Times New Roman\',serif;">&nbsp;</span></strong></p>\r\n</td>\r\n<td style="width: 26.8pt; border-top: none; border-left: none; border-bottom: solid windowtext 1.0pt; border-right: solid windowtext 1.0pt; mso-border-top-alt: solid windowtext .5pt; mso-border-left-alt: solid windowtext .5pt; mso-border-alt: solid windowtext .5pt; padding: 0cm 5.4pt 0cm 5.4pt;" colspan="2" width="36">\r\n<p class="MsoNormal" style="margin-bottom: 0cm; text-align: center; line-height: 115%;" align="center"><strong style="mso-bidi-font-weight: normal;"><span lang="FR" style="font-size: 12.0pt; line-height: 115%; font-family: \'Times New Roman\',serif;">&nbsp;</span></strong></p>\r\n</td>\r\n<td style="width: 26.75pt; border-top: none; border-left: none; border-bottom: solid windowtext 1.0pt; border-right: solid windowtext 1.0pt; mso-border-top-alt: solid windowtext .5pt; mso-border-left-alt: solid windowtext .5pt; mso-border-alt: solid windowtext .5pt; padding: 0cm 5.4pt 0cm 5.4pt;" colspan="2" width="36">\r\n<p class="MsoNormal" style="margin-bottom: 0cm; text-align: center; line-height: 115%;" align="center"><strong style="mso-bidi-font-weight: normal;"><span lang="FR" style="font-size: 12.0pt; line-height: 115%; font-family: \'Times New Roman\',serif;">&nbsp;</span></strong></p>\r\n</td>\r\n<td style="width: 26.75pt; border-top: none; border-left: none; border-bottom: solid windowtext 1.0pt; border-right: solid windowtext 1.0pt; mso-border-top-alt: solid windowtext .5pt; mso-border-left-alt: solid windowtext .5pt; mso-border-alt: solid windowtext .5pt; padding: 0cm 5.4pt 0cm 5.4pt;" colspan="2" width="36">\r\n<p class="MsoNormal" style="margin-bottom: 0cm; text-align: center; line-height: 115%;" align="center"><strong style="mso-bidi-font-weight: normal;"><span lang="FR" style="font-size: 12.0pt; line-height: 115%; font-family: \'Times New Roman\',serif;">&nbsp;</span></strong></p>\r\n</td>\r\n<td style="width: 26.8pt; border-top: none; border-left: none; border-bottom: solid windowtext 1.0pt; border-right: solid windowtext 1.0pt; mso-border-top-alt: solid windowtext .5pt; mso-border-left-alt: solid windowtext .5pt; mso-border-alt: solid windowtext .5pt; padding: 0cm 5.4pt 0cm 5.4pt;" colspan="2" width="36">\r\n<p class="MsoNormal" style="margin-bottom: 0cm; text-align: center; line-height: 115%;" align="center"><strong style="mso-bidi-font-weight: normal;"><span lang="FR" style="font-size: 12.0pt; line-height: 115%; font-family: \'Times New Roman\',serif;">&nbsp;</span></strong></p>\r\n</td>\r\n<td style="width: 26.8pt; border-top: none; border-left: none; border-bottom: solid windowtext 1.0pt; border-right: solid windowtext 1.0pt; mso-border-top-alt: solid windowtext .5pt; mso-border-left-alt: solid windowtext .5pt; mso-border-alt: solid windowtext .5pt; padding: 0cm 5.4pt 0cm 5.4pt;" colspan="2" width="36">\r\n<p class="MsoNormal" style="margin-bottom: 0cm; text-align: center; line-height: 115%;" align="center"><strong style="mso-bidi-font-weight: normal;"><span lang="FR" style="font-size: 12.0pt; line-height: 115%; font-family: \'Times New Roman\',serif;">&nbsp;</span></strong></p>\r\n</td>\r\n<td style="width: 26.75pt; border-top: none; border-left: none; border-bottom: solid windowtext 1.0pt; border-right: solid windowtext 1.0pt; mso-border-top-alt: solid windowtext .5pt; mso-border-left-alt: solid windowtext .5pt; mso-border-alt: solid windowtext .5pt; padding: 0cm 5.4pt 0cm 5.4pt;" colspan="2" width="36">\r\n<p class="MsoNormal" style="margin-bottom: 0cm; text-align: center; line-height: 115%;" align="center"><strong style="mso-bidi-font-weight: normal;"><span lang="FR" style="font-size: 12.0pt; line-height: 115%; font-family: \'Times New Roman\',serif;">&nbsp;</span></strong></p>\r\n</td>\r\n<td style="width: 26.75pt; border-top: none; border-left: none; border-bottom: solid windowtext 1.0pt; border-right: solid windowtext 1.0pt; mso-border-top-alt: solid windowtext .5pt; mso-border-left-alt: solid windowtext .5pt; mso-border-alt: solid windowtext .5pt; padding: 0cm 5.4pt 0cm 5.4pt;" colspan="2" width="36">\r\n<p class="MsoNormal" style="margin-bottom: 0cm; text-align: center; line-height: 115%;" align="center"><strong style="mso-bidi-font-weight: normal;"><span lang="FR" style="font-size: 12.0pt; line-height: 115%; font-family: \'Times New Roman\',serif;">&nbsp;</span></strong></p>\r\n</td>\r\n<td style="width: 26.75pt; border-top: none; border-left: none; border-bottom: solid windowtext 1.0pt; border-right: solid windowtext 1.0pt; mso-border-top-alt: solid windowtext .5pt; mso-border-left-alt: solid windowtext .5pt; mso-border-alt: solid windowtext .5pt; padding: 0cm 5.4pt 0cm 5.4pt;" colspan="2" width="36">\r\n<p class="MsoNormal" style="margin-bottom: 0cm; text-align: center; line-height: 115%;" align="center"><strong style="mso-bidi-font-weight: normal;"><span lang="FR" style="font-size: 12.0pt; line-height: 115%; font-family: \'Times New Roman\',serif;">&nbsp;</span></strong></p>\r\n</td>\r\n<td style="width: 26.8pt; border-top: none; border-left: none; border-bottom: solid windowtext 1.0pt; border-right: solid windowtext 1.0pt; mso-border-top-alt: solid windowtext .5pt; mso-border-left-alt: solid windowtext .5pt; mso-border-alt: solid windowtext .5pt; padding: 0cm 5.4pt 0cm 5.4pt;" colspan="2" width="36">\r\n<p class="MsoNormal" style="margin-bottom: 0cm; text-align: center; line-height: 115%;" align="center"><strong style="mso-bidi-font-weight: normal;"><span lang="FR" style="font-size: 12.0pt; line-height: 115%; font-family: \'Times New Roman\',serif;">&nbsp;</span></strong></p>\r\n</td>\r\n</tr>\r\n<tr style="mso-yfti-irow: 13;">\r\n<td style="width: 164.15pt; border: solid windowtext 1.0pt; border-top: none; mso-border-top-alt: solid windowtext .5pt; mso-border-alt: solid windowtext .5pt; padding: 0cm 5.4pt 0cm 5.4pt;" valign="top" width="219">\r\n<p class="MsoNormal" style="margin-bottom: 0cm; line-height: normal;"><strong style="mso-bidi-font-weight: normal;"><span lang="FR" style="font-size: 12.0pt; mso-bidi-font-size: 11.0pt; font-family: \'Times New Roman\',serif;">Activit&eacute; 3.2&nbsp;: </span></strong><span lang="FR" style="font-size: 12.0pt; mso-bidi-font-size: 11.0pt; font-family: \'Times New Roman\',serif;">Etats des lieux sur les besoins agricoles permanents et indispensables pour la population </span></p>\r\n</td>\r\n<td style="width: 26.75pt; border-top: none; border-left: none; border-bottom: solid windowtext 1.0pt; border-right: solid windowtext 1.0pt; mso-border-top-alt: solid windowtext .5pt; mso-border-left-alt: solid windowtext .5pt; mso-border-alt: solid windowtext .5pt; padding: 0cm 5.4pt 0cm 5.4pt;" colspan="2" width="36">\r\n<p class="MsoNormal" style="margin-bottom: 0cm; text-align: center; line-height: 115%;" align="center"><strong style="mso-bidi-font-weight: normal;"><span lang="FR" style="font-size: 12.0pt; line-height: 115%; font-family: \'Times New Roman\',serif;">&nbsp;</span></strong></p>\r\n</td>\r\n<td style="width: 26.75pt; border-top: none; border-left: none; border-bottom: solid windowtext 1.0pt; border-right: solid windowtext 1.0pt; mso-border-top-alt: solid windowtext .5pt; mso-border-left-alt: solid windowtext .5pt; mso-border-alt: solid windowtext .5pt; padding: 0cm 5.4pt 0cm 5.4pt;" colspan="2" width="36">\r\n<p class="MsoNormal" style="margin-bottom: 0cm; text-align: center; line-height: 115%;" align="center"><strong style="mso-bidi-font-weight: normal;"><span lang="FR" style="font-size: 12.0pt; line-height: 115%; font-family: \'Times New Roman\',serif;">&nbsp;</span></strong></p>\r\n</td>\r\n<td style="width: 26.75pt; border-top: none; border-left: none; border-bottom: solid windowtext 1.0pt; border-right: solid windowtext 1.0pt; mso-border-top-alt: solid windowtext .5pt; mso-border-left-alt: solid windowtext .5pt; mso-border-alt: solid windowtext .5pt; padding: 0cm 5.4pt 0cm 5.4pt;" colspan="2" width="36">\r\n<p class="MsoNormal" style="margin-bottom: 0cm; text-align: center; line-height: 115%;" align="center"><strong style="mso-bidi-font-weight: normal;"><span lang="FR" style="font-size: 12.0pt; line-height: 115%; font-family: \'Times New Roman\',serif;">&nbsp;</span></strong></p>\r\n</td>\r\n<td style="width: 26.8pt; border-top: none; border-left: none; border-bottom: solid windowtext 1.0pt; border-right: solid windowtext 1.0pt; mso-border-top-alt: solid windowtext .5pt; mso-border-left-alt: solid windowtext .5pt; mso-border-alt: solid windowtext .5pt; padding: 0cm 5.4pt 0cm 5.4pt;" colspan="2" width="36">\r\n<p class="MsoNormal" style="margin-bottom: 0cm; text-align: center; line-height: 115%;" align="center"><strong style="mso-bidi-font-weight: normal;"><span lang="FR" style="font-size: 12.0pt; line-height: 115%; font-family: \'Times New Roman\',serif;">&nbsp;</span></strong></p>\r\n</td>\r\n<td style="width: 26.8pt; border-top: none; border-left: none; border-bottom: solid windowtext 1.0pt; border-right: solid windowtext 1.0pt; mso-border-top-alt: solid windowtext .5pt; mso-border-left-alt: solid windowtext .5pt; mso-border-alt: solid windowtext .5pt; padding: 0cm 5.4pt 0cm 5.4pt;" colspan="2" width="36">\r\n<p class="MsoNormal" style="margin-bottom: 0cm; text-align: center; line-height: 115%;" align="center"><strong style="mso-bidi-font-weight: normal;"><span lang="FR" style="font-size: 12.0pt; line-height: 115%; font-family: \'Times New Roman\',serif;">X</span></strong></p>\r\n</td>\r\n<td style="width: 26.75pt; border-top: none; border-left: none; border-bottom: solid windowtext 1.0pt; border-right: solid windowtext 1.0pt; mso-border-top-alt: solid windowtext .5pt; mso-border-left-alt: solid windowtext .5pt; mso-border-alt: solid windowtext .5pt; padding: 0cm 5.4pt 0cm 5.4pt;" colspan="2" width="36">\r\n<p class="MsoNormal" style="margin-bottom: 0cm; text-align: center; line-height: 115%;" align="center"><strong style="mso-bidi-font-weight: normal;"><span lang="FR" style="font-size: 12.0pt; line-height: 115%; font-family: \'Times New Roman\',serif;">&nbsp;</span></strong></p>\r\n</td>\r\n<td style="width: 26.75pt; border-top: none; border-left: none; border-bottom: solid windowtext 1.0pt; border-right: solid windowtext 1.0pt; mso-border-top-alt: solid windowtext .5pt; mso-border-left-alt: solid windowtext .5pt; mso-border-alt: solid windowtext .5pt; padding: 0cm 5.4pt 0cm 5.4pt;" colspan="2" width="36">\r\n<p class="MsoNormal" style="margin-bottom: 0cm; text-align: center; line-height: 115%;" align="center"><strong style="mso-bidi-font-weight: normal;"><span lang="FR" style="font-size: 12.0pt; line-height: 115%; font-family: \'Times New Roman\',serif;">&nbsp;</span></strong></p>\r\n</td>\r\n<td style="width: 26.8pt; border-top: none; border-left: none; border-bottom: solid windowtext 1.0pt; border-right: solid windowtext 1.0pt; mso-border-top-alt: solid windowtext .5pt; mso-border-left-alt: solid windowtext .5pt; mso-border-alt: solid windowtext .5pt; padding: 0cm 5.4pt 0cm 5.4pt;" colspan="2" width="36">\r\n<p class="MsoNormal" style="margin-bottom: 0cm; text-align: center; line-height: 115%;" align="center"><strong style="mso-bidi-font-weight: normal;"><span lang="FR" style="font-size: 12.0pt; line-height: 115%; font-family: \'Times New Roman\',serif;">&nbsp;</span></strong></p>\r\n</td>\r\n<td style="width: 26.75pt; border-top: none; border-left: none; border-bottom: solid windowtext 1.0pt; border-right: solid windowtext 1.0pt; mso-border-top-alt: solid windowtext .5pt; mso-border-left-alt: solid windowtext .5pt; mso-border-alt: solid windowtext .5pt; padding: 0cm 5.4pt 0cm 5.4pt;" colspan="2" width="36">\r\n<p class="MsoNormal" style="margin-bottom: 0cm; text-align: center; line-height: 115%;" align="center"><strong style="mso-bidi-font-weight: normal;"><span lang="FR" style="font-size: 12.0pt; line-height: 115%; font-family: \'Times New Roman\',serif;">&nbsp;</span></strong></p>\r\n</td>\r\n<td style="width: 26.85pt; border-top: none; border-left: none; border-bottom: solid windowtext 1.0pt; border-right: solid windowtext 1.0pt; mso-border-top-alt: solid windowtext .5pt; mso-border-left-alt: solid windowtext .5pt; mso-border-alt: solid windowtext .5pt; padding: 0cm 5.4pt 0cm 5.4pt;" width="36">\r\n<p class="MsoNormal" style="margin-bottom: 0cm; text-align: center; line-height: 115%;" align="center"><strong style="mso-bidi-font-weight: normal;"><span lang="FR" style="font-size: 12.0pt; line-height: 115%; font-family: \'Times New Roman\',serif;">&nbsp;</span></strong></p>\r\n</td>\r\n<td style="width: 26.75pt; border-top: none; border-left: none; border-bottom: solid windowtext 1.0pt; border-right: solid windowtext 1.0pt; mso-border-top-alt: solid windowtext .5pt; mso-border-left-alt: solid windowtext .5pt; mso-border-alt: solid windowtext .5pt; padding: 0cm 5.4pt 0cm 5.4pt;" width="36">\r\n<p class="MsoNormal" style="margin-bottom: 0cm; text-align: center; line-height: 115%;" align="center"><strong style="mso-bidi-font-weight: normal;"><span lang="FR" style="font-size: 12.0pt; line-height: 115%; font-family: \'Times New Roman\',serif;">&nbsp;</span></strong></p>\r\n</td>\r\n<td style="width: 26.8pt; border-top: none; border-left: none; border-bottom: solid windowtext 1.0pt; border-right: solid windowtext 1.0pt; mso-border-top-alt: solid windowtext .5pt; mso-border-left-alt: solid windowtext .5pt; mso-border-alt: solid windowtext .5pt; padding: 0cm 5.4pt 0cm 5.4pt;" colspan="2" width="36">\r\n<p class="MsoNormal" style="margin-bottom: 0cm; text-align: center; line-height: 115%;" align="center"><strong style="mso-bidi-font-weight: normal;"><span lang="FR" style="font-size: 12.0pt; line-height: 115%; font-family: \'Times New Roman\',serif;">&nbsp;</span></strong></p>\r\n</td>\r\n<td style="width: 26.75pt; border-top: none; border-left: none; border-bottom: solid windowtext 1.0pt; border-right: solid windowtext 1.0pt; mso-border-top-alt: solid windowtext .5pt; mso-border-left-alt: solid windowtext .5pt; mso-border-alt: solid windowtext .5pt; padding: 0cm 5.4pt 0cm 5.4pt;" colspan="2" width="36">\r\n<p class="MsoNormal" style="margin-bottom: 0cm; text-align: center; line-height: 115%;" align="center"><strong style="mso-bidi-font-weight: normal;"><span lang="FR" style="font-size: 12.0pt; line-height: 115%; font-family: \'Times New Roman\',serif;">&nbsp;</span></strong></p>\r\n</td>\r\n<td style="width: 26.75pt; border-top: none; border-left: none; border-bottom: solid windowtext 1.0pt; border-right: solid windowtext 1.0pt; mso-border-top-alt: solid windowtext .5pt; mso-border-left-alt: solid windowtext .5pt; mso-border-alt: solid windowtext .5pt; padding: 0cm 5.4pt 0cm 5.4pt;" colspan="2" width="36">\r\n<p class="MsoNormal" style="margin-bottom: 0cm; text-align: center; line-height: 115%;" align="center"><strong style="mso-bidi-font-weight: normal;"><span lang="FR" style="font-size: 12.0pt; line-height: 115%; font-family: \'Times New Roman\',serif;">&nbsp;</span></strong></p>\r\n</td>\r\n<td style="width: 26.8pt; border-top: none; border-left: none; border-bottom: solid windowtext 1.0pt; border-right: solid windowtext 1.0pt; mso-border-top-alt: solid windowtext .5pt; mso-border-left-alt: solid windowtext .5pt; mso-border-alt: solid windowtext .5pt; padding: 0cm 5.4pt 0cm 5.4pt;" colspan="2" width="36">\r\n<p class="MsoNormal" style="margin-bottom: 0cm; text-align: center; line-height: 115%;" align="center"><strong style="mso-bidi-font-weight: normal;"><span lang="FR" style="font-size: 12.0pt; line-height: 115%; font-family: \'Times New Roman\',serif;">&nbsp;</span></strong></p>\r\n</td>\r\n<td style="width: 26.8pt; border-top: none; border-left: none; border-bottom: solid windowtext 1.0pt; border-right: solid windowtext 1.0pt; mso-border-top-alt: solid windowtext .5pt; mso-border-left-alt: solid windowtext .5pt; mso-border-alt: solid windowtext .5pt; padding: 0cm 5.4pt 0cm 5.4pt;" colspan="2" width="36">\r\n<p class="MsoNormal" style="margin-bottom: 0cm; text-align: center; line-height: 115%;" align="center"><strong style="mso-bidi-font-weight: normal;"><span lang="FR" style="font-size: 12.0pt; line-height: 115%; font-family: \'Times New Roman\',serif;">&nbsp;</span></strong></p>\r\n</td>\r\n<td style="width: 26.75pt; border-top: none; border-left: none; border-bottom: solid windowtext 1.0pt; border-right: solid windowtext 1.0pt; mso-border-top-alt: solid windowtext .5pt; mso-border-left-alt: solid windowtext .5pt; mso-border-alt: solid windowtext .5pt; padding: 0cm 5.4pt 0cm 5.4pt;" colspan="2" width="36">\r\n<p class="MsoNormal" style="margin-bottom: 0cm; text-align: center; line-height: 115%;" align="center"><strong style="mso-bidi-font-weight: normal;"><span lang="FR" style="font-size: 12.0pt; line-height: 115%; font-family: \'Times New Roman\',serif;">&nbsp;</span></strong></p>\r\n</td>\r\n<td style="width: 26.75pt; border-top: none; border-left: none; border-bottom: solid windowtext 1.0pt; border-right: solid windowtext 1.0pt; mso-border-top-alt: solid windowtext .5pt; mso-border-left-alt: solid windowtext .5pt; mso-border-alt: solid windowtext .5pt; padding: 0cm 5.4pt 0cm 5.4pt;" colspan="2" width="36">\r\n<p class="MsoNormal" style="margin-bottom: 0cm; text-align: center; line-height: 115%;" align="center"><strong style="mso-bidi-font-weight: normal;"><span lang="FR" style="font-size: 12.0pt; line-height: 115%; font-family: \'Times New Roman\',serif;">&nbsp;</span></strong></p>\r\n</td>\r\n<td style="width: 26.75pt; border-top: none; border-left: none; border-bottom: solid windowtext 1.0pt; border-right: solid windowtext 1.0pt; mso-border-top-alt: solid windowtext .5pt; mso-border-left-alt: solid windowtext .5pt; mso-border-alt: solid windowtext .5pt; padding: 0cm 5.4pt 0cm 5.4pt;" colspan="2" width="36">\r\n<p class="MsoNormal" style="margin-bottom: 0cm; text-align: center; line-height: 115%;" align="center"><strong style="mso-bidi-font-weight: normal;"><span lang="FR" style="font-size: 12.0pt; line-height: 115%; font-family: \'Times New Roman\',serif;">&nbsp;</span></strong></p>\r\n</td>\r\n<td style="width: 26.8pt; border-top: none; border-left: none; border-bottom: solid windowtext 1.0pt; border-right: solid windowtext 1.0pt; mso-border-top-alt: solid windowtext .5pt; mso-border-left-alt: solid windowtext .5pt; mso-border-alt: solid windowtext .5pt; padding: 0cm 5.4pt 0cm 5.4pt;" colspan="2" width="36">\r\n<p class="MsoNormal" style="margin-bottom: 0cm; text-align: center; line-height: 115%;" align="center"><strong style="mso-bidi-font-weight: normal;"><span lang="FR" style="font-size: 12.0pt; line-height: 115%; font-family: \'Times New Roman\',serif;">&nbsp;</span></strong></p>\r\n</td>\r\n</tr>\r\n<tr style="mso-yfti-irow: 14;">\r\n<td style="width: 164.15pt; border: solid windowtext 1.0pt; border-top: none; mso-border-top-alt: solid windowtext .5pt; mso-border-alt: solid windowtext .5pt; padding: 0cm 5.4pt 0cm 5.4pt;" valign="top" width="219">\r\n<p class="MsoNormal" style="margin-bottom: 0cm; line-height: normal;"><strong style="mso-bidi-font-weight: normal;"><span lang="FR" style="font-size: 12.0pt; mso-bidi-font-size: 11.0pt; font-family: \'Times New Roman\',serif;">Activit&eacute; 3.3&nbsp;: </span></strong><span lang="FR" style="font-size: 12.0pt; mso-bidi-font-size: 11.0pt; font-family: \'Times New Roman\',serif;">Cr&eacute;ation des coop&eacute;ratives agricoles au profit de la communaut&eacute;</span></p>\r\n</td>\r\n<td style="width: 26.75pt; border-top: none; border-left: none; border-bottom: solid windowtext 1.0pt; border-right: solid windowtext 1.0pt; mso-border-top-alt: solid windowtext .5pt; mso-border-left-alt: solid windowtext .5pt; mso-border-alt: solid windowtext .5pt; padding: 0cm 5.4pt 0cm 5.4pt;" colspan="2" width="36">\r\n<p class="MsoNormal" style="margin-bottom: 0cm; text-align: center; line-height: 115%;" align="center"><strong style="mso-bidi-font-weight: normal;"><span lang="FR" style="font-size: 12.0pt; line-height: 115%; font-family: \'Times New Roman\',serif;">&nbsp;</span></strong></p>\r\n</td>\r\n<td style="width: 26.75pt; border-top: none; border-left: none; border-bottom: solid windowtext 1.0pt; border-right: solid windowtext 1.0pt; mso-border-top-alt: solid windowtext .5pt; mso-border-left-alt: solid windowtext .5pt; mso-border-alt: solid windowtext .5pt; padding: 0cm 5.4pt 0cm 5.4pt;" colspan="2" width="36">\r\n<p class="MsoNormal" style="margin-bottom: 0cm; text-align: center; line-height: 115%;" align="center"><strong style="mso-bidi-font-weight: normal;"><span lang="FR" style="font-size: 12.0pt; line-height: 115%; font-family: \'Times New Roman\',serif;">&nbsp;</span></strong></p>\r\n</td>\r\n<td style="width: 26.75pt; border-top: none; border-left: none; border-bottom: solid windowtext 1.0pt; border-right: solid windowtext 1.0pt; mso-border-top-alt: solid windowtext .5pt; mso-border-left-alt: solid windowtext .5pt; mso-border-alt: solid windowtext .5pt; padding: 0cm 5.4pt 0cm 5.4pt;" colspan="2" width="36">\r\n<p class="MsoNormal" style="margin-bottom: 0cm; text-align: center; line-height: 115%;" align="center"><strong style="mso-bidi-font-weight: normal;"><span lang="FR" style="font-size: 12.0pt; line-height: 115%; font-family: \'Times New Roman\',serif;">&nbsp;</span></strong></p>\r\n</td>\r\n<td style="width: 26.8pt; border-top: none; border-left: none; border-bottom: solid windowtext 1.0pt; border-right: solid windowtext 1.0pt; mso-border-top-alt: solid windowtext .5pt; mso-border-left-alt: solid windowtext .5pt; mso-border-alt: solid windowtext .5pt; padding: 0cm 5.4pt 0cm 5.4pt;" colspan="2" width="36">\r\n<p class="MsoNormal" style="margin-bottom: 0cm; text-align: center; line-height: 115%;" align="center"><strong style="mso-bidi-font-weight: normal;"><span lang="FR" style="font-size: 12.0pt; line-height: 115%; font-family: \'Times New Roman\',serif;">&nbsp;</span></strong></p>\r\n</td>\r\n<td style="width: 26.8pt; border-top: none; border-left: none; border-bottom: solid windowtext 1.0pt; border-right: solid windowtext 1.0pt; mso-border-top-alt: solid windowtext .5pt; mso-border-left-alt: solid windowtext .5pt; mso-border-alt: solid windowtext .5pt; padding: 0cm 5.4pt 0cm 5.4pt;" colspan="2" width="36">\r\n<p class="MsoNormal" style="margin-bottom: 0cm; text-align: center; line-height: 115%;" align="center"><strong style="mso-bidi-font-weight: normal;"><span lang="FR" style="font-size: 12.0pt; line-height: 115%; font-family: \'Times New Roman\',serif;">X</span></strong></p>\r\n</td>\r\n<td style="width: 26.75pt; border-top: none; border-left: none; border-bottom: solid windowtext 1.0pt; border-right: solid windowtext 1.0pt; mso-border-top-alt: solid windowtext .5pt; mso-border-left-alt: solid windowtext .5pt; mso-border-alt: solid windowtext .5pt; padding: 0cm 5.4pt 0cm 5.4pt;" colspan="2" width="36">\r\n<p class="MsoNormal" style="margin-bottom: 0cm; text-align: center; line-height: 115%;" align="center"><strong style="mso-bidi-font-weight: normal;"><span lang="FR" style="font-size: 12.0pt; line-height: 115%; font-family: \'Times New Roman\',serif;">&nbsp;</span></strong></p>\r\n</td>\r\n<td style="width: 26.75pt; border-top: none; border-left: none; border-bottom: solid windowtext 1.0pt; border-right: solid windowtext 1.0pt; mso-border-top-alt: solid windowtext .5pt; mso-border-left-alt: solid windowtext .5pt; mso-border-alt: solid windowtext .5pt; padding: 0cm 5.4pt 0cm 5.4pt;" colspan="2" width="36">\r\n<p class="MsoNormal" style="margin-bottom: 0cm; text-align: center; line-height: 115%;" align="center"><strong style="mso-bidi-font-weight: normal;"><span lang="FR" style="font-size: 12.0pt; line-height: 115%; font-family: \'Times New Roman\',serif;">&nbsp;</span></strong></p>\r\n</td>\r\n<td style="width: 26.8pt; border-top: none; border-left: none; border-bottom: solid windowtext 1.0pt; border-right: solid windowtext 1.0pt; mso-border-top-alt: solid windowtext .5pt; mso-border-left-alt: solid windowtext .5pt; mso-border-alt: solid windowtext .5pt; padding: 0cm 5.4pt 0cm 5.4pt;" colspan="2" width="36">\r\n<p class="MsoNormal" style="margin-bottom: 0cm; text-align: center; line-height: 115%;" align="center"><strong style="mso-bidi-font-weight: normal;"><span lang="FR" style="font-size: 12.0pt; line-height: 115%; font-family: \'Times New Roman\',serif;">&nbsp;</span></strong></p>\r\n</td>\r\n<td style="width: 26.75pt; border-top: none; border-left: none; border-bottom: solid windowtext 1.0pt; border-right: solid windowtext 1.0pt; mso-border-top-alt: solid windowtext .5pt; mso-border-left-alt: solid windowtext .5pt; mso-border-alt: solid windowtext .5pt; padding: 0cm 5.4pt 0cm 5.4pt;" colspan="2" width="36">\r\n<p class="MsoNormal" style="margin-bottom: 0cm; text-align: center; line-height: 115%;" align="center"><strong style="mso-bidi-font-weight: normal;"><span lang="FR" style="font-size: 12.0pt; line-height: 115%; font-family: \'Times New Roman\',serif;">&nbsp;</span></strong></p>\r\n</td>\r\n<td style="width: 26.85pt; border-top: none; border-left: none; border-bottom: solid windowtext 1.0pt; border-right: solid windowtext 1.0pt; mso-border-top-alt: solid windowtext .5pt; mso-border-left-alt: solid windowtext .5pt; mso-border-alt: solid windowtext .5pt; padding: 0cm 5.4pt 0cm 5.4pt;" width="36">\r\n<p class="MsoNormal" style="margin-bottom: 0cm; text-align: center; line-height: 115%;" align="center"><strong style="mso-bidi-font-weight: normal;"><span lang="FR" style="font-size: 12.0pt; line-height: 115%; font-family: \'Times New Roman\',serif;">&nbsp;</span></strong></p>\r\n</td>\r\n<td style="width: 26.75pt; border-top: none; border-left: none; border-bottom: solid windowtext 1.0pt; border-right: solid windowtext 1.0pt; mso-border-top-alt: solid windowtext .5pt; mso-border-left-alt: solid windowtext .5pt; mso-border-alt: solid windowtext .5pt; padding: 0cm 5.4pt 0cm 5.4pt;" width="36">\r\n<p class="MsoNormal" style="margin-bottom: 0cm; text-align: center; line-height: 115%;" align="center"><strong style="mso-bidi-font-weight: normal;"><span lang="FR" style="font-size: 12.0pt; line-height: 115%; font-family: \'Times New Roman\',serif;">&nbsp;</span></strong></p>\r\n</td>\r\n<td style="width: 26.8pt; border-top: none; border-left: none; border-bottom: solid windowtext 1.0pt; border-right: solid windowtext 1.0pt; mso-border-top-alt: solid windowtext .5pt; mso-border-left-alt: solid windowtext .5pt; mso-border-alt: solid windowtext .5pt; padding: 0cm 5.4pt 0cm 5.4pt;" colspan="2" width="36">\r\n<p class="MsoNormal" style="margin-bottom: 0cm; text-align: center; line-height: 115%;" align="center"><strong style="mso-bidi-font-weight: normal;"><span lang="FR" style="font-size: 12.0pt; line-height: 115%; font-family: \'Times New Roman\',serif;">&nbsp;</span></strong></p>\r\n</td>\r\n<td style="width: 26.75pt; border-top: none; border-left: none; border-bottom: solid windowtext 1.0pt; border-right: solid windowtext 1.0pt; mso-border-top-alt: solid windowtext .5pt; mso-border-left-alt: solid windowtext .5pt; mso-border-alt: solid windowtext .5pt; padding: 0cm 5.4pt 0cm 5.4pt;" colspan="2" width="36">\r\n<p class="MsoNormal" style="margin-bottom: 0cm; text-align: center; line-height: 115%;" align="center"><strong style="mso-bidi-font-weight: normal;"><span lang="FR" style="font-size: 12.0pt; line-height: 115%; font-family: \'Times New Roman\',serif;">&nbsp;</span></strong></p>\r\n</td>\r\n<td style="width: 26.75pt; border-top: none; border-left: none; border-bottom: solid windowtext 1.0pt; border-right: solid windowtext 1.0pt; mso-border-top-alt: solid windowtext .5pt; mso-border-left-alt: solid windowtext .5pt; mso-border-alt: solid windowtext .5pt; padding: 0cm 5.4pt 0cm 5.4pt;" colspan="2" width="36">\r\n<p class="MsoNormal" style="margin-bottom: 0cm; text-align: center; line-height: 115%;" align="center"><strong style="mso-bidi-font-weight: normal;"><span lang="FR" style="font-size: 12.0pt; line-height: 115%; font-family: \'Times New Roman\',serif;">&nbsp;</span></strong></p>\r\n</td>\r\n<td style="width: 26.8pt; border-top: none; border-left: none; border-bottom: solid windowtext 1.0pt; border-right: solid windowtext 1.0pt; mso-border-top-alt: solid windowtext .5pt; mso-border-left-alt: solid windowtext .5pt; mso-border-alt: solid windowtext .5pt; padding: 0cm 5.4pt 0cm 5.4pt;" colspan="2" width="36">\r\n<p class="MsoNormal" style="margin-bottom: 0cm; text-align: center; line-height: 115%;" align="center"><strong style="mso-bidi-font-weight: normal;"><span lang="FR" style="font-size: 12.0pt; line-height: 115%; font-family: \'Times New Roman\',serif;">&nbsp;</span></strong></p>\r\n</td>\r\n<td style="width: 26.8pt; border-top: none; border-left: none; border-bottom: solid windowtext 1.0pt; border-right: solid windowtext 1.0pt; mso-border-top-alt: solid windowtext .5pt; mso-border-left-alt: solid windowtext .5pt; mso-border-alt: solid windowtext .5pt; padding: 0cm 5.4pt 0cm 5.4pt;" colspan="2" width="36">\r\n<p class="MsoNormal" style="margin-bottom: 0cm; text-align: center; line-height: 115%;" align="center"><strong style="mso-bidi-font-weight: normal;"><span lang="FR" style="font-size: 12.0pt; line-height: 115%; font-family: \'Times New Roman\',serif;">&nbsp;</span></strong></p>\r\n</td>\r\n<td style="width: 26.75pt; border-top: none; border-left: none; border-bottom: solid windowtext 1.0pt; border-right: solid windowtext 1.0pt; mso-border-top-alt: solid windowtext .5pt; mso-border-left-alt: solid windowtext .5pt; mso-border-alt: solid windowtext .5pt; padding: 0cm 5.4pt 0cm 5.4pt;" colspan="2" width="36">\r\n<p class="MsoNormal" style="margin-bottom: 0cm; text-align: center; line-height: 115%;" align="center"><strong style="mso-bidi-font-weight: normal;"><span lang="FR" style="font-size: 12.0pt; line-height: 115%; font-family: \'Times New Roman\',serif;">&nbsp;</span></strong></p>\r\n</td>\r\n<td style="width: 26.75pt; border-top: none; border-left: none; border-bottom: solid windowtext 1.0pt; border-right: solid windowtext 1.0pt; mso-border-top-alt: solid windowtext .5pt; mso-border-left-alt: solid windowtext .5pt; mso-border-alt: solid windowtext .5pt; padding: 0cm 5.4pt 0cm 5.4pt;" colspan="2" width="36">\r\n<p class="MsoNormal" style="margin-bottom: 0cm; text-align: center; line-height: 115%;" align="center"><strong style="mso-bidi-font-weight: normal;"><span lang="FR" style="font-size: 12.0pt; line-height: 115%; font-family: \'Times New Roman\',serif;">&nbsp;</span></strong></p>\r\n</td>\r\n<td style="width: 26.75pt; border-top: none; border-left: none; border-bottom: solid windowtext 1.0pt; border-right: solid windowtext 1.0pt; mso-border-top-alt: solid windowtext .5pt; mso-border-left-alt: solid windowtext .5pt; mso-border-alt: solid windowtext .5pt; padding: 0cm 5.4pt 0cm 5.4pt;" colspan="2" width="36">\r\n<p class="MsoNormal" style="margin-bottom: 0cm; text-align: center; line-height: 115%;" align="center"><strong style="mso-bidi-font-weight: normal;"><span lang="FR" style="font-size: 12.0pt; line-height: 115%; font-family: \'Times New Roman\',serif;">&nbsp;</span></strong></p>\r\n</td>\r\n<td style="width: 26.8pt; border-top: none; border-left: none; border-bottom: solid windowtext 1.0pt; border-right: solid windowtext 1.0pt; mso-border-top-alt: solid windowtext .5pt; mso-border-left-alt: solid windowtext .5pt; mso-border-alt: solid windowtext .5pt; padding: 0cm 5.4pt 0cm 5.4pt;" colspan="2" width="36">\r\n<p class="MsoNormal" style="margin-bottom: 0cm; text-align: center; line-height: 115%;" align="center"><strong style="mso-bidi-font-weight: normal;"><span lang="FR" style="font-size: 12.0pt; line-height: 115%; font-family: \'Times New Roman\',serif;">&nbsp;</span></strong></p>\r\n</td>\r\n</tr>\r\n<tr style="mso-yfti-irow: 15;">\r\n<td style="width: 164.15pt; border: solid windowtext 1.0pt; border-top: none; mso-border-top-alt: solid windowtext .5pt; mso-border-alt: solid windowtext .5pt; padding: 0cm 5.4pt 0cm 5.4pt;" valign="top" width="219">\r\n<p class="MsoNormal" style="margin-bottom: 0cm; line-height: normal;"><strong style="mso-bidi-font-weight: normal;"><span lang="FR" style="font-size: 12.0pt; mso-bidi-font-size: 11.0pt; font-family: \'Times New Roman\',serif;">Activit&eacute; 3.4&nbsp;: </span></strong><span lang="FR" style="font-size: 12.0pt; mso-bidi-font-size: 11.0pt; font-family: \'Times New Roman\',serif;">Accompagnement technique et financier aux jeunes de chaque pays</span></p>\r\n</td>\r\n<td style="width: 26.75pt; border-top: none; border-left: none; border-bottom: solid windowtext 1.0pt; border-right: solid windowtext 1.0pt; mso-border-top-alt: solid windowtext .5pt; mso-border-left-alt: solid windowtext .5pt; mso-border-alt: solid windowtext .5pt; padding: 0cm 5.4pt 0cm 5.4pt;" colspan="2" width="36">\r\n<p class="MsoNormal" style="margin-bottom: 0cm; text-align: center; line-height: 115%;" align="center"><strong style="mso-bidi-font-weight: normal;"><span lang="FR" style="font-size: 12.0pt; line-height: 115%; font-family: \'Times New Roman\',serif;">&nbsp;</span></strong></p>\r\n</td>\r\n<td style="width: 26.75pt; border-top: none; border-left: none; border-bottom: solid windowtext 1.0pt; border-right: solid windowtext 1.0pt; mso-border-top-alt: solid windowtext .5pt; mso-border-left-alt: solid windowtext .5pt; mso-border-alt: solid windowtext .5pt; padding: 0cm 5.4pt 0cm 5.4pt;" colspan="2" width="36">\r\n<p class="MsoNormal" style="margin-bottom: 0cm; text-align: center; line-height: 115%;" align="center"><strong style="mso-bidi-font-weight: normal;"><span lang="FR" style="font-size: 12.0pt; line-height: 115%; font-family: \'Times New Roman\',serif;">&nbsp;</span></strong></p>\r\n</td>\r\n<td style="width: 26.75pt; border-top: none; border-left: none; border-bottom: solid windowtext 1.0pt; border-right: solid windowtext 1.0pt; mso-border-top-alt: solid windowtext .5pt; mso-border-left-alt: solid windowtext .5pt; mso-border-alt: solid windowtext .5pt; padding: 0cm 5.4pt 0cm 5.4pt;" colspan="2" width="36">\r\n<p class="MsoNormal" style="margin-bottom: 0cm; text-align: center; line-height: 115%;" align="center"><strong style="mso-bidi-font-weight: normal;"><span lang="FR" style="font-size: 12.0pt; line-height: 115%; font-family: \'Times New Roman\',serif;">&nbsp;</span></strong></p>\r\n</td>\r\n<td style="width: 26.8pt; border-top: none; border-left: none; border-bottom: solid windowtext 1.0pt; border-right: solid windowtext 1.0pt; mso-border-top-alt: solid windowtext .5pt; mso-border-left-alt: solid windowtext .5pt; mso-border-alt: solid windowtext .5pt; padding: 0cm 5.4pt 0cm 5.4pt;" colspan="2" width="36">\r\n<p class="MsoNormal" style="margin-bottom: 0cm; text-align: center; line-height: 115%;" align="center"><strong style="mso-bidi-font-weight: normal;"><span lang="FR" style="font-size: 12.0pt; line-height: 115%; font-family: \'Times New Roman\',serif;">&nbsp;</span></strong></p>\r\n</td>\r\n<td style="width: 26.8pt; border-top: none; border-left: none; border-bottom: solid windowtext 1.0pt; border-right: solid windowtext 1.0pt; mso-border-top-alt: solid windowtext .5pt; mso-border-left-alt: solid windowtext .5pt; mso-border-alt: solid windowtext .5pt; padding: 0cm 5.4pt 0cm 5.4pt;" colspan="2" width="36">\r\n<p class="MsoNormal" style="margin-bottom: 0cm; text-align: center; line-height: 115%;" align="center"><strong style="mso-bidi-font-weight: normal;"><span lang="FR" style="font-size: 12.0pt; line-height: 115%; font-family: \'Times New Roman\',serif;">&nbsp;</span></strong></p>\r\n</td>\r\n<td style="width: 26.75pt; border-top: none; border-left: none; border-bottom: solid windowtext 1.0pt; border-right: solid windowtext 1.0pt; mso-border-top-alt: solid windowtext .5pt; mso-border-left-alt: solid windowtext .5pt; mso-border-alt: solid windowtext .5pt; padding: 0cm 5.4pt 0cm 5.4pt;" colspan="2" width="36">\r\n<p class="MsoNormal" style="margin-bottom: 0cm; text-align: center; line-height: 115%;" align="center"><strong style="mso-bidi-font-weight: normal;"><span lang="FR" style="font-size: 12.0pt; line-height: 115%; font-family: \'Times New Roman\',serif;">X</span></strong></p>\r\n</td>\r\n<td style="width: 26.75pt; border-top: none; border-left: none; border-bottom: solid windowtext 1.0pt; border-right: solid windowtext 1.0pt; mso-border-top-alt: solid windowtext .5pt; mso-border-left-alt: solid windowtext .5pt; mso-border-alt: solid windowtext .5pt; padding: 0cm 5.4pt 0cm 5.4pt;" colspan="2" width="36">\r\n<p class="MsoNormal" style="margin-bottom: 0cm; text-align: center; line-height: 115%;" align="center"><strong style="mso-bidi-font-weight: normal;"><span lang="FR" style="font-size: 12.0pt; line-height: 115%; font-family: \'Times New Roman\',serif;">X</span></strong></p>\r\n</td>\r\n<td style="width: 26.8pt; border-top: none; border-left: none; border-bottom: solid windowtext 1.0pt; border-right: solid windowtext 1.0pt; mso-border-top-alt: solid windowtext .5pt; mso-border-left-alt: solid windowtext .5pt; mso-border-alt: solid windowtext .5pt; padding: 0cm 5.4pt 0cm 5.4pt;" colspan="2" width="36">\r\n<p class="MsoNormal" style="margin-bottom: 0cm; text-align: center; line-height: 115%;" align="center"><strong style="mso-bidi-font-weight: normal;"><span lang="FR" style="font-size: 12.0pt; line-height: 115%; font-family: \'Times New Roman\',serif;">&nbsp;</span></strong></p>\r\n</td>\r\n<td style="width: 26.75pt; border-top: none; border-left: none; border-bottom: solid windowtext 1.0pt; border-right: solid windowtext 1.0pt; mso-border-top-alt: solid windowtext .5pt; mso-border-left-alt: solid windowtext .5pt; mso-border-alt: solid windowtext .5pt; padding: 0cm 5.4pt 0cm 5.4pt;" colspan="2" width="36">\r\n<p class="MsoNormal" style="margin-bottom: 0cm; text-align: center; line-height: 115%;" align="center"><strong style="mso-bidi-font-weight: normal;"><span lang="FR" style="font-size: 12.0pt; line-height: 115%; font-family: \'Times New Roman\',serif;">&nbsp;</span></strong></p>\r\n</td>\r\n<td style="width: 26.85pt; border-top: none; border-left: none; border-bottom: solid windowtext 1.0pt; border-right: solid windowtext 1.0pt; mso-border-top-alt: solid windowtext .5pt; mso-border-left-alt: solid windowtext .5pt; mso-border-alt: solid windowtext .5pt; padding: 0cm 5.4pt 0cm 5.4pt;" width="36">\r\n<p class="MsoNormal" style="margin-bottom: 0cm; text-align: center; line-height: 115%;" align="center"><strong style="mso-bidi-font-weight: normal;"><span lang="FR" style="font-size: 12.0pt; line-height: 115%; font-family: \'Times New Roman\',serif;">&nbsp;</span></strong></p>\r\n</td>\r\n<td style="width: 26.75pt; border-top: none; border-left: none; border-bottom: solid windowtext 1.0pt; border-right: solid windowtext 1.0pt; mso-border-top-alt: solid windowtext .5pt; mso-border-left-alt: solid windowtext .5pt; mso-border-alt: solid windowtext .5pt; padding: 0cm 5.4pt 0cm 5.4pt;" width="36">\r\n<p class="MsoNormal" style="margin-bottom: 0cm; text-align: center; line-height: 115%;" align="center"><strong style="mso-bidi-font-weight: normal;"><span lang="FR" style="font-size: 12.0pt; line-height: 115%; font-family: \'Times New Roman\',serif;">&nbsp;</span></strong></p>\r\n</td>\r\n<td style="width: 26.8pt; border-top: none; border-left: none; border-bottom: solid windowtext 1.0pt; border-right: solid windowtext 1.0pt; mso-border-top-alt: solid windowtext .5pt; mso-border-left-alt: solid windowtext .5pt; mso-border-alt: solid windowtext .5pt; padding: 0cm 5.4pt 0cm 5.4pt;" colspan="2" width="36">\r\n<p class="MsoNormal" style="margin-bottom: 0cm; text-align: center; line-height: 115%;" align="center"><strong style="mso-bidi-font-weight: normal;"><span lang="FR" style="font-size: 12.0pt; line-height: 115%; font-family: \'Times New Roman\',serif;">&nbsp;</span></strong></p>\r\n</td>\r\n<td style="width: 26.75pt; border-top: none; border-left: none; border-bottom: solid windowtext 1.0pt; border-right: solid windowtext 1.0pt; mso-border-top-alt: solid windowtext .5pt; mso-border-left-alt: solid windowtext .5pt; mso-border-alt: solid windowtext .5pt; padding: 0cm 5.4pt 0cm 5.4pt;" colspan="2" width="36">\r\n<p class="MsoNormal" style="margin-bottom: 0cm; text-align: center; line-height: 115%;" align="center"><strong style="mso-bidi-font-weight: normal;"><span lang="FR" style="font-size: 12.0pt; line-height: 115%; font-family: \'Times New Roman\',serif;">&nbsp;</span></strong></p>\r\n</td>\r\n<td style="width: 26.75pt; border-top: none; border-left: none; border-bottom: solid windowtext 1.0pt; border-right: solid windowtext 1.0pt; mso-border-top-alt: solid windowtext .5pt; mso-border-left-alt: solid windowtext .5pt; mso-border-alt: solid windowtext .5pt; padding: 0cm 5.4pt 0cm 5.4pt;" colspan="2" width="36">\r\n<p class="MsoNormal" style="margin-bottom: 0cm; text-align: center; line-height: 115%;" align="center"><strong style="mso-bidi-font-weight: normal;"><span lang="FR" style="font-size: 12.0pt; line-height: 115%; font-family: \'Times New Roman\',serif;">&nbsp;</span></strong></p>\r\n</td>\r\n<td style="width: 26.8pt; border-top: none; border-left: none; border-bottom: solid windowtext 1.0pt; border-right: solid windowtext 1.0pt; mso-border-top-alt: solid windowtext .5pt; mso-border-left-alt: solid windowtext .5pt; mso-border-alt: solid windowtext .5pt; padding: 0cm 5.4pt 0cm 5.4pt;" colspan="2" width="36">\r\n<p class="MsoNormal" style="margin-bottom: 0cm; text-align: center; line-height: 115%;" align="center"><strong style="mso-bidi-font-weight: normal;"><span lang="FR" style="font-size: 12.0pt; line-height: 115%; font-family: \'Times New Roman\',serif;">&nbsp;</span></strong></p>\r\n</td>\r\n<td style="width: 26.8pt; border-top: none; border-left: none; border-bottom: solid windowtext 1.0pt; border-right: solid windowtext 1.0pt; mso-border-top-alt: solid windowtext .5pt; mso-border-left-alt: solid windowtext .5pt; mso-border-alt: solid windowtext .5pt; padding: 0cm 5.4pt 0cm 5.4pt;" colspan="2" width="36">\r\n<p class="MsoNormal" style="margin-bottom: 0cm; text-align: center; line-height: 115%;" align="center"><strong style="mso-bidi-font-weight: normal;"><span lang="FR" style="font-size: 12.0pt; line-height: 115%; font-family: \'Times New Roman\',serif;">&nbsp;</span></strong></p>\r\n</td>\r\n<td style="width: 26.75pt; border-top: none; border-left: none; border-bottom: solid windowtext 1.0pt; border-right: solid windowtext 1.0pt; mso-border-top-alt: solid windowtext .5pt; mso-border-left-alt: solid windowtext .5pt; mso-border-alt: solid windowtext .5pt; padding: 0cm 5.4pt 0cm 5.4pt;" colspan="2" width="36">\r\n<p class="MsoNormal" style="margin-bottom: 0cm; text-align: center; line-height: 115%;" align="center"><strong style="mso-bidi-font-weight: normal;"><span lang="FR" style="font-size: 12.0pt; line-height: 115%; font-family: \'Times New Roman\',serif;">&nbsp;</span></strong></p>\r\n</td>\r\n<td style="width: 26.75pt; border-top: none; border-left: none; border-bottom: solid windowtext 1.0pt; border-right: solid windowtext 1.0pt; mso-border-top-alt: solid windowtext .5pt; mso-border-left-alt: solid windowtext .5pt; mso-border-alt: solid windowtext .5pt; padding: 0cm 5.4pt 0cm 5.4pt;" colspan="2" width="36">\r\n<p class="MsoNormal" style="margin-bottom: 0cm; text-align: center; line-height: 115%;" align="center"><strong style="mso-bidi-font-weight: normal;"><span lang="FR" style="font-size: 12.0pt; line-height: 115%; font-family: \'Times New Roman\',serif;">&nbsp;</span></strong></p>\r\n</td>\r\n<td style="width: 26.75pt; border-top: none; border-left: none; border-bottom: solid windowtext 1.0pt; border-right: solid windowtext 1.0pt; mso-border-top-alt: solid windowtext .5pt; mso-border-left-alt: solid windowtext .5pt; mso-border-alt: solid windowtext .5pt; padding: 0cm 5.4pt 0cm 5.4pt;" colspan="2" width="36">\r\n<p class="MsoNormal" style="margin-bottom: 0cm; text-align: center; line-height: 115%;" align="center"><strong style="mso-bidi-font-weight: normal;"><span lang="FR" style="font-size: 12.0pt; line-height: 115%; font-family: \'Times New Roman\',serif;">&nbsp;</span></strong></p>\r\n</td>\r\n<td style="width: 26.8pt; border-top: none; border-left: none; border-bottom: solid windowtext 1.0pt; border-right: solid windowtext 1.0pt; mso-border-top-alt: solid windowtext .5pt; mso-border-left-alt: solid windowtext .5pt; mso-border-alt: solid windowtext .5pt; padding: 0cm 5.4pt 0cm 5.4pt;" colspan="2" width="36">\r\n<p class="MsoNormal" style="margin-bottom: 0cm; text-align: center; line-height: 115%;" align="center"><strong style="mso-bidi-font-weight: normal;"><span lang="FR" style="font-size: 12.0pt; line-height: 115%; font-family: \'Times New Roman\',serif;">&nbsp;</span></strong></p>\r\n</td>\r\n</tr>\r\n<tr style="mso-yfti-irow: 16; mso-yfti-lastrow: yes;">\r\n<td style="width: 164.15pt; border: solid windowtext 1.0pt; border-top: none; mso-border-top-alt: solid windowtext .5pt; mso-border-alt: solid windowtext .5pt; padding: 0cm 5.4pt 0cm 5.4pt;" valign="top" width="219">\r\n<p class="MsoNormal" style="margin-bottom: 0cm; line-height: normal;"><strong style="mso-bidi-font-weight: normal;"><span lang="FR" style="font-size: 12.0pt; mso-bidi-font-size: 11.0pt; font-family: \'Times New Roman\',serif;">Activit&eacute; 3.5&nbsp;: </span></strong><span lang="FR" style="font-size: 12.0pt; mso-bidi-font-size: 11.0pt; font-family: \'Times New Roman\',serif;">Suivi des jeunes entrepreneurs accompagn&eacute;s</span></p>\r\n</td>\r\n<td style="width: 26.75pt; border-top: none; border-left: none; border-bottom: solid windowtext 1.0pt; border-right: solid windowtext 1.0pt; mso-border-top-alt: solid windowtext .5pt; mso-border-left-alt: solid windowtext .5pt; mso-border-alt: solid windowtext .5pt; padding: 0cm 5.4pt 0cm 5.4pt;" colspan="2" width="36">\r\n<p class="MsoNormal" style="margin-bottom: 0cm; text-align: center; line-height: 115%;" align="center"><strong style="mso-bidi-font-weight: normal;"><span lang="FR" style="font-size: 12.0pt; line-height: 115%; font-family: \'Times New Roman\',serif;">&nbsp;</span></strong></p>\r\n</td>\r\n<td style="width: 26.75pt; border-top: none; border-left: none; border-bottom: solid windowtext 1.0pt; border-right: solid windowtext 1.0pt; mso-border-top-alt: solid windowtext .5pt; mso-border-left-alt: solid windowtext .5pt; mso-border-alt: solid windowtext .5pt; padding: 0cm 5.4pt 0cm 5.4pt;" colspan="2" width="36">\r\n<p class="MsoNormal" style="margin-bottom: 0cm; text-align: center; line-height: 115%;" align="center"><strong style="mso-bidi-font-weight: normal;"><span lang="FR" style="font-size: 12.0pt; line-height: 115%; font-family: \'Times New Roman\',serif;">&nbsp;</span></strong></p>\r\n</td>\r\n<td style="width: 26.75pt; border-top: none; border-left: none; border-bottom: solid windowtext 1.0pt; border-right: solid windowtext 1.0pt; mso-border-top-alt: solid windowtext .5pt; mso-border-left-alt: solid windowtext .5pt; mso-border-alt: solid windowtext .5pt; padding: 0cm 5.4pt 0cm 5.4pt;" colspan="2" width="36">\r\n<p class="MsoNormal" style="margin-bottom: 0cm; text-align: center; line-height: 115%;" align="center"><strong style="mso-bidi-font-weight: normal;"><span lang="FR" style="font-size: 12.0pt; line-height: 115%; font-family: \'Times New Roman\',serif;">&nbsp;</span></strong></p>\r\n</td>\r\n<td style="width: 26.8pt; border-top: none; border-left: none; border-bottom: solid windowtext 1.0pt; border-right: solid windowtext 1.0pt; mso-border-top-alt: solid windowtext .5pt; mso-border-left-alt: solid windowtext .5pt; mso-border-alt: solid windowtext .5pt; padding: 0cm 5.4pt 0cm 5.4pt;" colspan="2" width="36">\r\n<p class="MsoNormal" style="margin-bottom: 0cm; text-align: center; line-height: 115%;" align="center"><strong style="mso-bidi-font-weight: normal;"><span lang="FR" style="font-size: 12.0pt; line-height: 115%; font-family: \'Times New Roman\',serif;">&nbsp;</span></strong></p>\r\n</td>\r\n<td style="width: 26.8pt; border-top: none; border-left: none; border-bottom: solid windowtext 1.0pt; border-right: solid windowtext 1.0pt; mso-border-top-alt: solid windowtext .5pt; mso-border-left-alt: solid windowtext .5pt; mso-border-alt: solid windowtext .5pt; padding: 0cm 5.4pt 0cm 5.4pt;" colspan="2" width="36">\r\n<p class="MsoNormal" style="margin-bottom: 0cm; text-align: center; line-height: 115%;" align="center"><strong style="mso-bidi-font-weight: normal;"><span lang="FR" style="font-size: 12.0pt; line-height: 115%; font-family: \'Times New Roman\',serif;">&nbsp;</span></strong></p>\r\n</td>\r\n<td style="width: 26.75pt; border-top: none; border-left: none; border-bottom: solid windowtext 1.0pt; border-right: solid windowtext 1.0pt; mso-border-top-alt: solid windowtext .5pt; mso-border-left-alt: solid windowtext .5pt; mso-border-alt: solid windowtext .5pt; padding: 0cm 5.4pt 0cm 5.4pt;" colspan="2" width="36">\r\n<p class="MsoNormal" style="margin-bottom: 0cm; text-align: center; line-height: 115%;" align="center"><strong style="mso-bidi-font-weight: normal;"><span lang="FR" style="font-size: 12.0pt; line-height: 115%; font-family: \'Times New Roman\',serif;">&nbsp;</span></strong></p>\r\n</td>\r\n<td style="width: 26.75pt; border-top: none; border-left: none; border-bottom: solid windowtext 1.0pt; border-right: solid windowtext 1.0pt; mso-border-top-alt: solid windowtext .5pt; mso-border-left-alt: solid windowtext .5pt; mso-border-alt: solid windowtext .5pt; padding: 0cm 5.4pt 0cm 5.4pt;" colspan="2" width="36">\r\n<p class="MsoNormal" style="margin-bottom: 0cm; text-align: center; line-height: 115%;" align="center"><strong style="mso-bidi-font-weight: normal;"><span lang="FR" style="font-size: 12.0pt; line-height: 115%; font-family: \'Times New Roman\',serif;">&nbsp;</span></strong></p>\r\n</td>\r\n<td style="width: 26.8pt; border-top: none; border-left: none; border-bottom: solid windowtext 1.0pt; border-right: solid windowtext 1.0pt; mso-border-top-alt: solid windowtext .5pt; mso-border-left-alt: solid windowtext .5pt; mso-border-alt: solid windowtext .5pt; padding: 0cm 5.4pt 0cm 5.4pt;" colspan="2" width="36">\r\n<p class="MsoNormal" style="margin-bottom: 0cm; text-align: center; line-height: 115%;" align="center"><strong style="mso-bidi-font-weight: normal;"><span lang="FR" style="font-size: 12.0pt; line-height: 115%; font-family: \'Times New Roman\',serif;">X</span></strong></p>\r\n</td>\r\n<td style="width: 26.75pt; border-top: none; border-left: none; border-bottom: solid windowtext 1.0pt; border-right: solid windowtext 1.0pt; mso-border-top-alt: solid windowtext .5pt; mso-border-left-alt: solid windowtext .5pt; mso-border-alt: solid windowtext .5pt; padding: 0cm 5.4pt 0cm 5.4pt;" colspan="2" width="36">\r\n<p class="MsoNormal" style="margin-bottom: 0cm; text-align: center; line-height: normal;" align="center"><strong style="mso-bidi-font-weight: normal;"><span lang="FR" style="font-size: 12.0pt; font-family: \'Times New Roman\',serif;">X</span></strong></p>\r\n</td>\r\n<td style="width: 26.85pt; border-top: none; border-left: none; border-bottom: solid windowtext 1.0pt; border-right: solid windowtext 1.0pt; mso-border-top-alt: solid windowtext .5pt; mso-border-left-alt: solid windowtext .5pt; mso-border-alt: solid windowtext .5pt; padding: 0cm 5.4pt 0cm 5.4pt;" width="36">\r\n<p class="MsoNormal" style="margin-bottom: 0cm; text-align: center; line-height: normal;" align="center"><strong style="mso-bidi-font-weight: normal;"><span lang="FR" style="font-size: 12.0pt; font-family: \'Times New Roman\',serif;">X</span></strong></p>\r\n</td>\r\n<td style="width: 26.75pt; border-top: none; border-left: none; border-bottom: solid windowtext 1.0pt; border-right: solid windowtext 1.0pt; mso-border-top-alt: solid windowtext .5pt; mso-border-left-alt: solid windowtext .5pt; mso-border-alt: solid windowtext .5pt; padding: 0cm 5.4pt 0cm 5.4pt;" width="36">\r\n<p class="MsoNormal" style="margin-bottom: 0cm; text-align: center; line-height: normal;" align="center"><strong style="mso-bidi-font-weight: normal;"><span lang="FR" style="font-size: 12.0pt; font-family: \'Times New Roman\',serif;">X</span></strong></p>\r\n</td>\r\n<td style="width: 26.8pt; border-top: none; border-left: none; border-bottom: solid windowtext 1.0pt; border-right: solid windowtext 1.0pt; mso-border-top-alt: solid windowtext .5pt; mso-border-left-alt: solid windowtext .5pt; mso-border-alt: solid windowtext .5pt; padding: 0cm 5.4pt 0cm 5.4pt;" colspan="2" width="36">\r\n<p class="MsoNormal" style="margin-bottom: 0cm; text-align: center; line-height: normal;" align="center"><strong style="mso-bidi-font-weight: normal;"><span lang="FR" style="font-size: 12.0pt; font-family: \'Times New Roman\',serif;">X</span></strong></p>\r\n</td>\r\n<td style="width: 26.75pt; border-top: none; border-left: none; border-bottom: solid windowtext 1.0pt; border-right: solid windowtext 1.0pt; mso-border-top-alt: solid windowtext .5pt; mso-border-left-alt: solid windowtext .5pt; mso-border-alt: solid windowtext .5pt; padding: 0cm 5.4pt 0cm 5.4pt;" colspan="2" width="36">\r\n<p class="MsoNormal" style="margin-bottom: 0cm; text-align: center; line-height: normal;" align="center"><strong style="mso-bidi-font-weight: normal;"><span lang="FR" style="font-size: 12.0pt; font-family: \'Times New Roman\',serif;">X</span></strong></p>\r\n</td>\r\n<td style="width: 26.75pt; border-top: none; border-left: none; border-bottom: solid windowtext 1.0pt; border-right: solid windowtext 1.0pt; mso-border-top-alt: solid windowtext .5pt; mso-border-left-alt: solid windowtext .5pt; mso-border-alt: solid windowtext .5pt; padding: 0cm 5.4pt 0cm 5.4pt;" colspan="2" width="36">\r\n<p class="MsoNormal" style="margin-bottom: 0cm; text-align: center; line-height: normal;" align="center"><strong style="mso-bidi-font-weight: normal;"><span lang="FR" style="font-size: 12.0pt; font-family: \'Times New Roman\',serif;">X</span></strong></p>\r\n</td>\r\n<td style="width: 26.8pt; border-top: none; border-left: none; border-bottom: solid windowtext 1.0pt; border-right: solid windowtext 1.0pt; mso-border-top-alt: solid windowtext .5pt; mso-border-left-alt: solid windowtext .5pt; mso-border-alt: solid windowtext .5pt; padding: 0cm 5.4pt 0cm 5.4pt;" colspan="2" width="36">\r\n<p class="MsoNormal" style="margin-bottom: 0cm; text-align: center; line-height: normal;" align="center"><strong style="mso-bidi-font-weight: normal;"><span lang="FR" style="font-size: 12.0pt; font-family: \'Times New Roman\',serif;">X</span></strong></p>\r\n</td>\r\n<td style="width: 26.8pt; border-top: none; border-left: none; border-bottom: solid windowtext 1.0pt; border-right: solid windowtext 1.0pt; mso-border-top-alt: solid windowtext .5pt; mso-border-left-alt: solid windowtext .5pt; mso-border-alt: solid windowtext .5pt; padding: 0cm 5.4pt 0cm 5.4pt;" colspan="2" width="36">\r\n<p class="MsoNormal" style="margin-bottom: 0cm; text-align: center; line-height: normal;" align="center"><strong style="mso-bidi-font-weight: normal;"><span lang="FR" style="font-size: 12.0pt; font-family: \'Times New Roman\',serif;">X</span></strong></p>\r\n</td>\r\n<td style="width: 26.75pt; border-top: none; border-left: none; border-bottom: solid windowtext 1.0pt; border-right: solid windowtext 1.0pt; mso-border-top-alt: solid windowtext .5pt; mso-border-left-alt: solid windowtext .5pt; mso-border-alt: solid windowtext .5pt; padding: 0cm 5.4pt 0cm 5.4pt;" colspan="2" width="36">\r\n<p class="MsoNormal" style="margin-bottom: 0cm; text-align: center; line-height: normal;" align="center"><strong style="mso-bidi-font-weight: normal;"><span lang="FR" style="font-size: 12.0pt; font-family: \'Times New Roman\',serif;">X</span></strong></p>\r\n</td>\r\n<td style="width: 26.75pt; border-top: none; border-left: none; border-bottom: solid windowtext 1.0pt; border-right: solid windowtext 1.0pt; mso-border-top-alt: solid windowtext .5pt; mso-border-left-alt: solid windowtext .5pt; mso-border-alt: solid windowtext .5pt; padding: 0cm 5.4pt 0cm 5.4pt;" colspan="2" width="36">\r\n<p class="MsoNormal" style="margin-bottom: 0cm; text-align: center; line-height: normal;" align="center"><strong style="mso-bidi-font-weight: normal;"><span lang="FR" style="font-size: 12.0pt; font-family: \'Times New Roman\',serif;">X</span></strong></p>\r\n</td>\r\n<td style="width: 26.75pt; border-top: none; border-left: none; border-bottom: solid windowtext 1.0pt; border-right: solid windowtext 1.0pt; mso-border-top-alt: solid windowtext .5pt; mso-border-left-alt: solid windowtext .5pt; mso-border-alt: solid windowtext .5pt; padding: 0cm 5.4pt 0cm 5.4pt;" colspan="2" width="36">\r\n<p class="MsoNormal" style="margin-bottom: 0cm; text-align: center; line-height: normal;" align="center"><strong style="mso-bidi-font-weight: normal;"><span lang="FR" style="font-size: 12.0pt; font-family: \'Times New Roman\',serif;">X</span></strong></p>\r\n</td>\r\n<td style="width: 26.8pt; border-top: none; border-left: none; border-bottom: solid windowtext 1.0pt; border-right: solid windowtext 1.0pt; mso-border-top-alt: solid windowtext .5pt; mso-border-left-alt: solid windowtext .5pt; mso-border-alt: solid windowtext .5pt; padding: 0cm 5.4pt 0cm 5.4pt;" colspan="2" width="36">\r\n<p class="MsoNormal" style="margin-bottom: 0cm; text-align: center; line-height: normal;" align="center"><strong style="mso-bidi-font-weight: normal;"><span lang="FR" style="font-size: 12.0pt; font-family: \'Times New Roman\',serif;">X</span></strong></p>\r\n</td>\r\n</tr>\r\n<!-- [if !supportMisalignedColumns]-->\r\n<tr>\r\n<td style="border: none;" width="131">&nbsp;</td>\r\n<td style="border: none;" width="33">&nbsp;</td>\r\n<td style="border: none;" width="2">&nbsp;</td>\r\n<td style="border: none;" width="31">&nbsp;</td>\r\n<td style="border: none;" width="5">&nbsp;</td>\r\n<td style="border: none;" width="28">&nbsp;</td>\r\n<td style="border: none;" width="7">&nbsp;</td>\r\n<td style="border: none;" width="26">&nbsp;</td>\r\n<td style="border: none;" width="10">&nbsp;</td>\r\n<td style="border: none;" width="23">&nbsp;</td>\r\n<td style="border: none;" width="11">&nbsp;</td>\r\n<td style="border: none;" width="22">&nbsp;</td>\r\n<td style="border: none;" width="11">&nbsp;</td>\r\n<td style="border: none;" width="22">&nbsp;</td>\r\n<td style="border: none;" width="12">&nbsp;</td>\r\n<td style="border: none;" width="21">&nbsp;</td>\r\n<td style="border: none;" width="13">&nbsp;</td>\r\n<td style="border: none;" width="24">&nbsp;</td>\r\n<td style="border: none;" width="2">&nbsp;</td>\r\n<td style="border: none;" width="31">&nbsp;</td>\r\n<td style="border: none;" width="32">&nbsp;</td>\r\n<td style="border: none;" width="1">&nbsp;</td>\r\n<td style="border: none;" width="26">&nbsp;</td>\r\n<td style="border: none;" width="7">&nbsp;</td>\r\n<td style="border: none;" width="23">&nbsp;</td>\r\n<td style="border: none;" width="11">&nbsp;</td>\r\n<td style="border: none;" width="23">&nbsp;</td>\r\n<td style="border: none;" width="10">&nbsp;</td>\r\n<td style="border: none;" width="24">&nbsp;</td>\r\n<td style="border: none;" width="9">&nbsp;</td>\r\n<td style="border: none;" width="25">&nbsp;</td>\r\n<td style="border: none;" width="8">&nbsp;</td>\r\n<td style="border: none;" width="26">&nbsp;</td>\r\n<td style="border: none;" width="7">&nbsp;</td>\r\n<td style="border: none;" width="28">&nbsp;</td>\r\n<td style="border: none;" width="5">&nbsp;</td>\r\n<td style="border: none;" width="31">&nbsp;</td>\r\n<td style="border: none;" width="2">&nbsp;</td>\r\n<td style="border: none;" width="33">&nbsp;</td>\r\n</tr>\r\n<!--[endif]--></tbody>\r\n</table>\r\n<p class="MsoNormal" style="text-align: justify; line-height: 115%;"><span lang="FR" style="font-size: 12.0pt; line-height: 115%; font-family: \'Times New Roman\',serif;">&nbsp;</span></p>\r\n<p class="MsoNormal" style="text-align: justify; line-height: 115%;"><span lang="FR" style="font-size: 12.0pt; mso-bidi-font-size: 11.0pt; line-height: 115%; font-family: \'Times New Roman\',serif; color: #5b9bd5; mso-themecolor: accent1;">&nbsp;</span></p>\r\n<p class="MsoNormal" style="line-height: 150%;"><span lang="FR">&nbsp;</span></p>\r\n<p>&nbsp;</p>\r\n<p>&nbsp;</p>', 250000000, '2021-11-21 09:13:17', '2021-11-21 09:13:17', NULL, 0, 1);
/*!40000 ALTER TABLE `projets` ENABLE KEYS */;

-- Export de la structure de la table ardhi2. promoteurs
CREATE TABLE IF NOT EXISTS `promoteurs` (
  `id` int(10) unsigned NOT NULL AUTO_INCREMENT,
  `denomination` varchar(255) COLLATE utf8mb4_unicode_ci NOT NULL,
  `role` varchar(255) COLLATE utf8mb4_unicode_ci NOT NULL,
  `projet` int(10) unsigned NOT NULL,
  `created_at` timestamp NULL DEFAULT NULL,
  `updated_at` timestamp NULL DEFAULT NULL,
  `deleted_at` timestamp NULL DEFAULT NULL,
  `valide` tinyint(4) DEFAULT NULL,
  PRIMARY KEY (`id`)
) ENGINE=InnoDB AUTO_INCREMENT=3 DEFAULT CHARSET=utf8mb4 COLLATE=utf8mb4_unicode_ci;

-- Export de données de la table ardhi2.promoteurs : ~2 rows (environ)
/*!40000 ALTER TABLE `promoteurs` DISABLE KEYS */;
INSERT INTO `promoteurs` (`id`, `denomination`, `role`, `projet`, `created_at`, `updated_at`, `deleted_at`, `valide`) VALUES
	(1, 'NELGA', 'Partenaire', 1, '2021-11-21 09:01:39', '2021-11-21 09:01:39', NULL, NULL),
	(2, 'DAAD', 'Partenaire', 1, '2021-11-21 09:02:01', '2021-11-21 09:02:01', NULL, NULL);
/*!40000 ALTER TABLE `promoteurs` ENABLE KEYS */;

-- Export de la structure de la table ardhi2. proprietaires
CREATE TABLE IF NOT EXISTS `proprietaires` (
  `id` int(10) unsigned NOT NULL AUTO_INCREMENT,
  `nom` text COLLATE utf8mb4_unicode_ci DEFAULT NULL,
  `prenom` text COLLATE utf8mb4_unicode_ci DEFAULT NULL,
  `tel` varchar(255) COLLATE utf8mb4_unicode_ci DEFAULT NULL,
  `email` varchar(255) COLLATE utf8mb4_unicode_ci DEFAULT NULL,
  `dateNai` date DEFAULT NULL,
  `lieuNai` varchar(255) COLLATE utf8mb4_unicode_ci DEFAULT NULL,
  `photo` binary(255) DEFAULT NULL,
  `cheminPhoto` longtext COLLATE utf8mb4_unicode_ci DEFAULT NULL,
  `created_at` timestamp NULL DEFAULT NULL,
  `updated_at` timestamp NULL DEFAULT NULL,
  `deleted_at` timestamp NULL DEFAULT NULL,
  `nom_prenom` varchar(255) COLLATE utf8mb4_unicode_ci DEFAULT NULL,
  PRIMARY KEY (`id`)
) ENGINE=InnoDB AUTO_INCREMENT=3 DEFAULT CHARSET=utf8mb4 COLLATE=utf8mb4_unicode_ci;

-- Export de données de la table ardhi2.proprietaires : ~2 rows (environ)
/*!40000 ALTER TABLE `proprietaires` DISABLE KEYS */;
INSERT INTO `proprietaires` (`id`, `nom`, `prenom`, `tel`, `email`, `dateNai`, `lieuNai`, `photo`, `cheminPhoto`, `created_at`, `updated_at`, `deleted_at`, `nom_prenom`) VALUES
	(1, 'DEGNIMON', 'S. Arcadius', '97379231', 'victordognon@gmail.com', '1972-12-24', 'ADJOHOUN', NULL, '\\proprietaires\\DEGNIMON97379231.jpg', '2021-11-21 07:48:24', '2021-11-21 07:48:24', NULL, NULL),
	(2, 'GAMBADADOUN', 'BORDUAS', '97643269', 'borduas@gmail.com', '1996-05-01', 'Cotonou', NULL, '\\proprietaires\\GAMBADADOUN97643269.jpg', '2021-11-21 08:20:25', '2021-11-21 08:20:25', NULL, NULL);
/*!40000 ALTER TABLE `proprietaires` ENABLE KEYS */;

-- Export de la structure de la table ardhi2. roles
CREATE TABLE IF NOT EXISTS `roles` (
  `id` bigint(20) unsigned NOT NULL AUTO_INCREMENT,
  `name` varchar(255) COLLATE utf8mb4_unicode_ci NOT NULL,
  `display_name` varchar(255) COLLATE utf8mb4_unicode_ci NOT NULL,
  `created_at` timestamp NULL DEFAULT NULL,
  `updated_at` timestamp NULL DEFAULT NULL,
  PRIMARY KEY (`id`),
  UNIQUE KEY `roles_name_unique` (`name`)
) ENGINE=InnoDB AUTO_INCREMENT=4 DEFAULT CHARSET=utf8mb4 COLLATE=utf8mb4_unicode_ci;

-- Export de données de la table ardhi2.roles : ~2 rows (environ)
/*!40000 ALTER TABLE `roles` DISABLE KEYS */;
INSERT INTO `roles` (`id`, `name`, `display_name`, `created_at`, `updated_at`) VALUES
	(1, 'admin', 'Administrator', '2021-08-04 03:12:38', '2021-08-04 03:12:38'),
	(2, 'user', 'Normal User', '2021-08-04 03:12:38', '2021-08-04 03:12:38'),
	(3, 'yilaa', 'Yilaa Point focal', '2021-08-14 19:14:16', '2021-08-14 19:14:16');
/*!40000 ALTER TABLE `roles` ENABLE KEYS */;

-- Export de la structure de la table ardhi2. settings
CREATE TABLE IF NOT EXISTS `settings` (
  `id` int(10) unsigned NOT NULL AUTO_INCREMENT,
  `key` varchar(255) COLLATE utf8mb4_unicode_ci NOT NULL,
  `display_name` varchar(255) COLLATE utf8mb4_unicode_ci NOT NULL,
  `value` text COLLATE utf8mb4_unicode_ci DEFAULT NULL,
  `details` text COLLATE utf8mb4_unicode_ci DEFAULT NULL,
  `type` varchar(255) COLLATE utf8mb4_unicode_ci NOT NULL,
  `order` int(11) NOT NULL DEFAULT 1,
  `group` varchar(255) COLLATE utf8mb4_unicode_ci DEFAULT NULL,
  PRIMARY KEY (`id`),
  UNIQUE KEY `settings_key_unique` (`key`)
) ENGINE=InnoDB AUTO_INCREMENT=11 DEFAULT CHARSET=utf8mb4 COLLATE=utf8mb4_unicode_ci;

-- Export de données de la table ardhi2.settings : ~10 rows (environ)
/*!40000 ALTER TABLE `settings` DISABLE KEYS */;
INSERT INTO `settings` (`id`, `key`, `display_name`, `value`, `details`, `type`, `order`, `group`) VALUES
	(1, 'site.title', 'Site Title', 'Ardhi', '', 'text', 1, 'Site'),
	(2, 'site.description', 'Site Description', 'Site Description', '', 'text', 2, 'Site'),
	(3, 'site.logo', 'Site Logo', 'settings\\August2021\\AnvYkma3ww5SOT5bsgsk.jpeg', '', 'image', 3, 'Site'),
	(4, 'site.google_analytics_tracking_id', 'Google Analytics Tracking ID', NULL, '', 'text', 4, 'Site'),
	(5, 'admin.bg_image', 'Admin Background Image', 'settings\\August2021\\GmRmJqlqICLbQxg97Qlx.jpg', '', 'image', 5, 'Admin'),
	(6, 'admin.title', 'Admin Title', 'ARDHI', '', 'text', 1, 'Admin'),
	(7, 'admin.description', 'Admin Description', 'Welcome to ARDHI Back office.', '', 'text', 2, 'Admin'),
	(8, 'admin.loader', 'Admin Loader', 'settings\\August2021\\BJWIvkkLQiKMYLlpQb3r.jpg', '', 'image', 4, 'Admin'),
	(9, 'admin.icon_image', 'Admin Icon Image', 'settings\\August2021\\qiHwiYLbJCUmMO9GJ1IU.png', '', 'image', 3, 'Admin'),
	(10, 'admin.google_analytics_client_id', 'Google Analytics Client ID (used for admin dashboard)', NULL, '', 'text', 1, 'Admin');
/*!40000 ALTER TABLE `settings` ENABLE KEYS */;

-- Export de la structure de la table ardhi2. terrains
CREATE TABLE IF NOT EXISTS `terrains` (
  `id` int(10) unsigned NOT NULL AUTO_INCREMENT,
  `superficie` int(11) NOT NULL,
  `numEtatLieu` int(11) DEFAULT NULL,
  `numTerrain` int(11) DEFAULT NULL,
  `lot` int(11) DEFAULT NULL,
  `obs` longtext COLLATE utf8mb4_unicode_ci DEFAULT NULL,
  `date` date DEFAULT NULL,
  `batie` tinyint(4) DEFAULT NULL,
  `enRegle` tinyint(4) DEFAULT NULL,
  `valide` tinyint(4) DEFAULT NULL,
  `proprietaire` int(10) unsigned NOT NULL,
  `created_at` timestamp NULL DEFAULT NULL,
  `updated_at` timestamp NULL DEFAULT NULL,
  `deleted_at` timestamp NULL DEFAULT NULL,
  `hameau` int(10) unsigned NOT NULL,
  `photo` longtext COLLATE utf8mb4_unicode_ci DEFAULT NULL,
  PRIMARY KEY (`id`),
  KEY `terrains_proprietaire_index` (`proprietaire`)
) ENGINE=InnoDB AUTO_INCREMENT=2 DEFAULT CHARSET=utf8mb4 COLLATE=utf8mb4_unicode_ci;

-- Export de données de la table ardhi2.terrains : ~1 rows (environ)
/*!40000 ALTER TABLE `terrains` DISABLE KEYS */;
INSERT INTO `terrains` (`id`, `superficie`, `numEtatLieu`, `numTerrain`, `lot`, `obs`, `date`, `batie`, `enRegle`, `valide`, `proprietaire`, `created_at`, `updated_at`, `deleted_at`, `hameau`, `photo`) VALUES
	(1, 1300, 15, 12, 32, '<p><span style="color: #4d5156; font-family: arial, sans-serif;">Une terre arable est une terre qui peut &ecirc;tre labour&eacute;e ou cultiv&eacute;e. Les terres arables comprennent les terrains en jach&egrave;re, les cultures mara&icirc;ch&egrave;res et c&eacute;r&eacute;ali&egrave;res et les prairies artificielles. Quand ils sont intensivement cultiv&eacute;s et labour&eacute;s, les sols arables peuvent perdre certaines de leurs qualit&eacute;s.</span></p>', NULL, 0, 1, 1, 2, '2021-11-21 08:29:35', '2021-11-21 08:54:41', NULL, 2, '\\terrains\\122.jpg');
/*!40000 ALTER TABLE `terrains` ENABLE KEYS */;

-- Export de la structure de la table ardhi2. terrain_projets
CREATE TABLE IF NOT EXISTS `terrain_projets` (
  `id` int(10) unsigned NOT NULL AUTO_INCREMENT,
  `projet` int(10) unsigned NOT NULL,
  `terrain` int(10) unsigned NOT NULL,
  `details` longtext COLLATE utf8mb4_unicode_ci DEFAULT NULL,
  `created_at` timestamp NULL DEFAULT NULL,
  `updated_at` timestamp NULL DEFAULT NULL,
  `deleted_at` timestamp NULL DEFAULT NULL,
  `valide` tinyint(4) DEFAULT NULL,
  PRIMARY KEY (`id`)
) ENGINE=InnoDB AUTO_INCREMENT=2 DEFAULT CHARSET=utf8mb4 COLLATE=utf8mb4_unicode_ci;

-- Export de données de la table ardhi2.terrain_projets : ~2 rows (environ)
/*!40000 ALTER TABLE `terrain_projets` DISABLE KEYS */;
INSERT INTO `terrain_projets` (`id`, `projet`, `terrain`, `details`, `created_at`, `updated_at`, `deleted_at`, `valide`) VALUES
	(1, 2, 1, NULL, '2021-11-21 09:15:29', '2021-11-21 09:15:29', NULL, 1);
/*!40000 ALTER TABLE `terrain_projets` ENABLE KEYS */;

-- Export de la structure de la table ardhi2. translations
CREATE TABLE IF NOT EXISTS `translations` (
  `id` int(10) unsigned NOT NULL AUTO_INCREMENT,
  `table_name` varchar(255) COLLATE utf8mb4_unicode_ci NOT NULL,
  `column_name` varchar(255) COLLATE utf8mb4_unicode_ci NOT NULL,
  `foreign_key` int(10) unsigned NOT NULL,
  `locale` varchar(255) COLLATE utf8mb4_unicode_ci NOT NULL,
  `value` text COLLATE utf8mb4_unicode_ci NOT NULL,
  `created_at` timestamp NULL DEFAULT NULL,
  `updated_at` timestamp NULL DEFAULT NULL,
  PRIMARY KEY (`id`),
  UNIQUE KEY `translations_table_name_column_name_foreign_key_locale_unique` (`table_name`,`column_name`,`foreign_key`,`locale`)
) ENGINE=InnoDB AUTO_INCREMENT=31 DEFAULT CHARSET=utf8mb4 COLLATE=utf8mb4_unicode_ci;

-- Export de données de la table ardhi2.translations : ~30 rows (environ)
/*!40000 ALTER TABLE `translations` DISABLE KEYS */;
INSERT INTO `translations` (`id`, `table_name`, `column_name`, `foreign_key`, `locale`, `value`, `created_at`, `updated_at`) VALUES
	(1, 'data_types', 'display_name_singular', 5, 'pt', 'Post', '2021-08-04 03:12:53', '2021-08-04 03:12:53'),
	(2, 'data_types', 'display_name_singular', 6, 'pt', 'Página', '2021-08-04 03:12:53', '2021-08-04 03:12:53'),
	(3, 'data_types', 'display_name_singular', 1, 'pt', 'Utilizador', '2021-08-04 03:12:53', '2021-08-04 03:12:53'),
	(4, 'data_types', 'display_name_singular', 4, 'pt', 'Categoria', '2021-08-04 03:12:53', '2021-08-04 03:12:53'),
	(5, 'data_types', 'display_name_singular', 2, 'pt', 'Menu', '2021-08-04 03:12:53', '2021-08-04 03:12:53'),
	(6, 'data_types', 'display_name_singular', 3, 'pt', 'Função', '2021-08-04 03:12:53', '2021-08-04 03:12:53'),
	(7, 'data_types', 'display_name_plural', 5, 'pt', 'Posts', '2021-08-04 03:12:53', '2021-08-04 03:12:53'),
	(8, 'data_types', 'display_name_plural', 6, 'pt', 'Páginas', '2021-08-04 03:12:53', '2021-08-04 03:12:53'),
	(9, 'data_types', 'display_name_plural', 1, 'pt', 'Utilizadores', '2021-08-04 03:12:53', '2021-08-04 03:12:53'),
	(10, 'data_types', 'display_name_plural', 4, 'pt', 'Categorias', '2021-08-04 03:12:53', '2021-08-04 03:12:53'),
	(11, 'data_types', 'display_name_plural', 2, 'pt', 'Menus', '2021-08-04 03:12:53', '2021-08-04 03:12:53'),
	(12, 'data_types', 'display_name_plural', 3, 'pt', 'Funções', '2021-08-04 03:12:53', '2021-08-04 03:12:53'),
	(13, 'categories', 'slug', 1, 'pt', 'categoria-1', '2021-08-04 03:12:54', '2021-08-04 03:12:54'),
	(14, 'categories', 'name', 1, 'pt', 'Categoria 1', '2021-08-04 03:12:54', '2021-08-04 03:12:54'),
	(15, 'categories', 'slug', 2, 'pt', 'categoria-2', '2021-08-04 03:12:54', '2021-08-04 03:12:54'),
	(16, 'categories', 'name', 2, 'pt', 'Categoria 2', '2021-08-04 03:12:54', '2021-08-04 03:12:54'),
	(17, 'pages', 'title', 1, 'pt', 'Olá Mundo', '2021-08-04 03:12:54', '2021-08-04 03:12:54'),
	(18, 'pages', 'slug', 1, 'pt', 'ola-mundo', '2021-08-04 03:12:54', '2021-08-04 03:12:54'),
	(19, 'pages', 'body', 1, 'pt', '<p>Olá Mundo. Scallywag grog swab Cat o\'nine tails scuttle rigging hardtack cable nipper Yellow Jack. Handsomely spirits knave lad killick landlubber or just lubber deadlights chantey pinnace crack Jennys tea cup. Provost long clothes black spot Yellow Jack bilged on her anchor league lateen sail case shot lee tackle.</p>\r\n<p>Ballast spirits fluke topmast me quarterdeck schooner landlubber or just lubber gabion belaying pin. Pinnace stern galleon starboard warp carouser to go on account dance the hempen jig jolly boat measured fer yer chains. Man-of-war fire in the hole nipperkin handsomely doubloon barkadeer Brethren of the Coast gibbet driver squiffy.</p>', '2021-08-04 03:12:54', '2021-08-04 03:12:54'),
	(20, 'menu_items', 'title', 1, 'pt', 'Painel de Controle', '2021-08-04 03:12:54', '2021-08-04 03:12:54'),
	(21, 'menu_items', 'title', 2, 'pt', 'Media', '2021-08-04 03:12:54', '2021-08-04 03:12:54'),
	(22, 'menu_items', 'title', 12, 'pt', 'Publicações', '2021-08-04 03:12:54', '2021-08-04 03:12:54'),
	(23, 'menu_items', 'title', 3, 'pt', 'Utilizadores', '2021-08-04 03:12:54', '2021-08-04 03:12:54'),
	(24, 'menu_items', 'title', 11, 'pt', 'Categorias', '2021-08-04 03:12:54', '2021-08-04 03:12:54'),
	(25, 'menu_items', 'title', 13, 'pt', 'Páginas', '2021-08-04 03:12:54', '2021-08-04 03:12:54'),
	(26, 'menu_items', 'title', 4, 'pt', 'Funções', '2021-08-04 03:12:54', '2021-08-04 03:12:54'),
	(27, 'menu_items', 'title', 5, 'pt', 'Ferramentas', '2021-08-04 03:12:55', '2021-08-04 03:12:55'),
	(28, 'menu_items', 'title', 6, 'pt', 'Menus', '2021-08-04 03:12:55', '2021-08-04 03:12:55'),
	(29, 'menu_items', 'title', 7, 'pt', 'Base de dados', '2021-08-04 03:12:55', '2021-08-04 03:12:55'),
	(30, 'menu_items', 'title', 10, 'pt', 'Configurações', '2021-08-04 03:12:55', '2021-08-04 03:12:55');
/*!40000 ALTER TABLE `translations` ENABLE KEYS */;

-- Export de la structure de la table ardhi2. users
CREATE TABLE IF NOT EXISTS `users` (
  `id` bigint(20) unsigned NOT NULL AUTO_INCREMENT,
  `role_id` bigint(20) unsigned DEFAULT NULL,
  `name` varchar(255) COLLATE utf8mb4_unicode_ci NOT NULL,
  `email` varchar(255) COLLATE utf8mb4_unicode_ci NOT NULL,
  `avatar` varchar(255) COLLATE utf8mb4_unicode_ci DEFAULT 'users/default.png',
  `email_verified_at` timestamp NULL DEFAULT NULL,
  `password` varchar(255) COLLATE utf8mb4_unicode_ci NOT NULL,
  `remember_token` varchar(100) COLLATE utf8mb4_unicode_ci DEFAULT NULL,
  `settings` text COLLATE utf8mb4_unicode_ci DEFAULT NULL,
  `created_at` timestamp NULL DEFAULT NULL,
  `updated_at` timestamp NULL DEFAULT NULL,
  PRIMARY KEY (`id`),
  UNIQUE KEY `users_email_unique` (`email`),
  KEY `users_role_id_foreign` (`role_id`),
  CONSTRAINT `users_role_id_foreign` FOREIGN KEY (`role_id`) REFERENCES `roles` (`id`)
) ENGINE=InnoDB AUTO_INCREMENT=5 DEFAULT CHARSET=utf8mb4 COLLATE=utf8mb4_unicode_ci;

-- Export de données de la table ardhi2.users : ~4 rows (environ)
/*!40000 ALTER TABLE `users` DISABLE KEYS */;
INSERT INTO `users` (`id`, `role_id`, `name`, `email`, `avatar`, `email_verified_at`, `password`, `remember_token`, `settings`, `created_at`, `updated_at`) VALUES
	(1, 1, 'Admin', 'admin@admin.com', 'users\\August2021\\9hNFJt9IHHUtip8T5Ncs.png', NULL, '$2y$10$01agvGIX0pSteoER1l8CBOtkMzaT.eyVj7TnugpTwEAaxutBXZKg6', 'S67gy7Pn15vlq7aRgaJWcjMUJKtuOZTcCYkl5vK7T1OTvqpdEK7o2qaaFOky', '{"locale":"fr"}', '2021-08-04 03:12:48', '2021-08-06 09:01:56'),
	(2, 3, 'FRUCTUEUX DEGNIMON', 'admin@123.com', 'users\\November2021\\jVT6Czw52KZFiK7Zg7fm.JPG', NULL, '$2y$10$1.BmMKeYD2NZTdS44hXfve3YJbPK8yblhz4AUS4lyN7KdLUzLWiRC', NULL, '{"locale":"fr"}', '2021-08-14 19:15:00', '2021-11-21 10:00:20'),
	(3, 2, 'FRUCTUEUX DEGNIMON', 'victordognon@gmail.com', 'users\\November2021\\Hv79WY1Lkglrs2qUTJpX.JPG', NULL, '$2y$10$kHcqVDCzGCl2sEcqmruSguJbt9R31Bp5C.0RwV1p6lQLSM48EMtFi', NULL, '{"locale":"fr"}', '2021-08-21 14:53:06', '2021-11-21 09:59:03'),
	(4, 3, 'FRUCTUEUX DEGNIMON', 'victordognon1@gmail.com', 'users\\November2021\\O2vNFCF5LoqnjUEJraTN.JPG', NULL, '$2y$10$FzIDAsSeWmNzayYGTwi/aOksl6fyzkAPyEHP1jomgEZp5pDcqqUgi', NULL, '{"locale":"fr"}', '2021-08-21 14:55:34', '2021-11-21 09:58:09');
/*!40000 ALTER TABLE `users` ENABLE KEYS */;

-- Export de la structure de la table ardhi2. user_roles
CREATE TABLE IF NOT EXISTS `user_roles` (
  `user_id` bigint(20) unsigned NOT NULL,
  `role_id` bigint(20) unsigned NOT NULL,
  PRIMARY KEY (`user_id`,`role_id`),
  KEY `user_roles_user_id_index` (`user_id`),
  KEY `user_roles_role_id_index` (`role_id`),
  CONSTRAINT `user_roles_role_id_foreign` FOREIGN KEY (`role_id`) REFERENCES `roles` (`id`) ON DELETE CASCADE,
  CONSTRAINT `user_roles_user_id_foreign` FOREIGN KEY (`user_id`) REFERENCES `users` (`id`) ON DELETE CASCADE
) ENGINE=InnoDB DEFAULT CHARSET=utf8mb4 COLLATE=utf8mb4_unicode_ci;

-- Export de données de la table ardhi2.user_roles : ~0 rows (environ)
/*!40000 ALTER TABLE `user_roles` DISABLE KEYS */;
/*!40000 ALTER TABLE `user_roles` ENABLE KEYS */;

-- Export de la structure de la table ardhi2. villages
CREATE TABLE IF NOT EXISTS `villages` (
  `id` int(10) unsigned NOT NULL AUTO_INCREMENT,
  `nom` varchar(255) COLLATE utf8mb4_unicode_ci NOT NULL,
  `superficie` int(11) DEFAULT NULL,
  `arrondissement` int(10) unsigned NOT NULL,
  `created_at` timestamp NULL DEFAULT NULL,
  `updated_at` timestamp NULL DEFAULT NULL,
  `deleted_at` timestamp NULL DEFAULT NULL,
  PRIMARY KEY (`id`)
) ENGINE=InnoDB AUTO_INCREMENT=4 DEFAULT CHARSET=utf8mb4 COLLATE=utf8mb4_unicode_ci;

-- Export de données de la table ardhi2.villages : ~3 rows (environ)
/*!40000 ALTER TABLE `villages` DISABLE KEYS */;
INSERT INTO `villages` (`id`, `nom`, `superficie`, `arrondissement`, `created_at`, `updated_at`, `deleted_at`) VALUES
	(1, 'HLAZOUTO', NULL, 1, '2021-08-18 09:12:06', '2021-08-18 09:12:06', NULL),
	(2, 'Cococodji', NULL, 4, '2021-11-21 07:56:27', '2021-11-21 07:57:14', NULL),
	(3, 'DJEFFA', NULL, 1, '2021-11-21 08:17:15', '2021-11-21 08:17:15', NULL);
/*!40000 ALTER TABLE `villages` ENABLE KEYS */;

/*!40101 SET SQL_MODE=IFNULL(@OLD_SQL_MODE, '') */;
/*!40014 SET FOREIGN_KEY_CHECKS=IF(@OLD_FOREIGN_KEY_CHECKS IS NULL, 1, @OLD_FOREIGN_KEY_CHECKS) */;
/*!40101 SET CHARACTER_SET_CLIENT=@OLD_CHARACTER_SET_CLIENT */;
